resource_id,family,project_title,resource_label,google_type,public_state,url_status,http_status,recommended_public_action,preservation_action,offline_match_status,offline_best_path,offline_best_role,offline_best_score,offline_best_ext,offline_best_size_bytes,offline_best_sha256,local_source_paths,context_source_file,primary_source,source_line,fields,url,final_url,google_file_id,future_sync_action,offline_candidate_paths,notes
"rpm-0001","Social / Some Work","Meet the Team: Giovanni Buffa | Meet the Team: Giacomo Piccinini","Landscape","google-drive","not_working_broken","broken","404","replace or hide public button","preserve manifest row; decide hide vs recreate","missing_artifact","Ref Docs/Trust Signals/Client Logos/social-media-today-logo.png","artifact_candidate","29",".png","30454","4223eedc500197b9095eff3391621f09cb231e266a4b0c7feaedd777eeff4962","","","assets/js/some_work_data.js","2581","text-url","https://drive.google.com/file/d/1_lVufi0ZkCYb67ylza0FwUXop5DfjcHt/view?usp=sharing","https://drive.usercontent.google.com/download?id=1_lVufi0ZkCYb67ylza0FwUXop5DfjcHt&export=download","1_lVufi0ZkCYb67ylza0FwUXop5DfjcHt","No likely offline artifact found; keep the manifest record and decide whether to hide the public link or rebuild the resource.","Ref Docs/Trust Signals/Client Logos/social-media-today-logo.png (29, artifact_candidate) | Ref Docs/Work/Public Speaking/Images/Event Banners/Growth Secrets - Social media amplificaiton.jfif (29, artifact_candidate) | Ref Docs/Work/Public Speaking/Images/Event Banners/Growth Secrets - Social Media.jfif (29, artifact_candidate)",""
"rpm-0002","Social / Some Work","The Ultimate Landing Page Checklist | Bad ideas are part of creativity","Landscape","google-drive","not_working_broken","broken","404","replace or hide public button","preserve manifest row; decide hide vs recreate","missing_artifact","Ref Docs/Trust Signals/Client Logos/social-media-today-logo.png","artifact_candidate","29",".png","30454","4223eedc500197b9095eff3391621f09cb231e266a4b0c7feaedd777eeff4962","","","assets/js/some_work_data.js","3969","text-url","https://drive.google.com/file/d/1-bR7temcdbWPwQPxu7hLbV-zm-JW3lVI/view","https://drive.usercontent.google.com/download?id=1-bR7temcdbWPwQPxu7hLbV-zm-JW3lVI&export=download","1-bR7temcdbWPwQPxu7hLbV-zm-JW3lVI","No likely offline artifact found; keep the manifest record and decide whether to hide the public link or rebuild the resource.","Ref Docs/Trust Signals/Client Logos/social-media-today-logo.png (29, artifact_candidate) | Ref Docs/Work/Public Speaking/Images/Event Banners/Growth Secrets - Social media amplificaiton.jfif (29, artifact_candidate) | Ref Docs/Work/Public Speaking/Images/Event Banners/Growth Secrets - Social Media.jfif (29, artifact_candidate)",""
"rpm-0003","Social / Some Work","Societal Marketing in Practice","Landscape","google-drive","not_working_broken","broken","404","replace or hide public button","preserve manifest row; decide hide vs recreate","missing_artifact","Ref Docs/Trust Signals/Client Logos/social-media-today-logo.png","artifact_candidate","30",".png","30454","4223eedc500197b9095eff3391621f09cb231e266a4b0c7feaedd777eeff4962","","","assets/js/some_work_data.js","4154","text-url","https://drive.google.com/file/d/1-D6Dy41ZAYV9yYuVICwhsRB_aJYJbDjo/view","https://drive.usercontent.google.com/download?id=1-D6Dy41ZAYV9yYuVICwhsRB_aJYJbDjo&export=download","1-D6Dy41ZAYV9yYuVICwhsRB_aJYJbDjo","No likely offline artifact found; keep the manifest record and decide whether to hide the public link or rebuild the resource.","Ref Docs/Trust Signals/Client Logos/social-media-today-logo.png (30, artifact_candidate) | Ref Docs/Work/Public Speaking/Images/Event Banners/Growth Secrets - Social media amplificaiton.jfif (30, artifact_candidate) | Ref Docs/Work/Public Speaking/Images/Event Banners/Growth Secrets - Social Media.jfif (30, artifact_candidate)",""
"rpm-0004","Social / Some Work","Online ad spend is eating the pie","Square","google-drive","not_working_broken","broken","404","replace or hide public button","preserve manifest row; decide hide vs recreate","missing_artifact","Ref Docs/Work/Public Speaking/Images/Staff/square-collage.jpg","artifact_candidate","32",".jpg","255253","27ed996fdda1b2c944ba749e93852e39d03325feb1fac478e5bc55bdcb9210df","","","assets/js/some_work_data.js","8339","text-url","https://drive.google.com/file/d/1-fgJ9Mj1nhl5jeWh8pKmWDO4KqlJcZvF/view","https://drive.usercontent.google.com/download?id=1-fgJ9Mj1nhl5jeWh8pKmWDO4KqlJcZvF&export=download","1-fgJ9Mj1nhl5jeWh8pKmWDO4KqlJcZvF","No likely offline artifact found; keep the manifest record and decide whether to hide the public link or rebuild the resource.","Ref Docs/Work/Public Speaking/Images/Staff/square-collage.jpg (32, artifact_candidate) | Ref Docs/Trust Signals/Client Logos/social-media-today-logo.png (29, artifact_candidate) | Ref Docs/Work/Public Speaking/Images/Event Banners/Growth Secrets - Social media amplificaiton.jfif (29, artifact_candidate) | Ref Docs/Work/Public Speaking/Images/Event Banners/Growth Secrets - Social Media.jfif (29, artifact_candidate) | Ref Docs/Trust Signals/Client Logos/InEvent-squarelogo.png (26, artifact_candidate)",""
"rpm-0005","Social / Some Work","Visuals matter (a lot) | Google dominates search","Landscape","google-drive","not_working_broken","broken","404","replace or hide public button","preserve manifest row; decide hide vs recreate","missing_artifact","Ref Docs/Trust Signals/Client Logos/social-media-today-logo.png","artifact_candidate","29",".png","30454","4223eedc500197b9095eff3391621f09cb231e266a4b0c7feaedd777eeff4962","","","assets/js/some_work_data.js","8395","text-url","https://drive.google.com/file/d/11-IZQo75CBL0Lg9M9-qDUV-FFaFs7opJ/view","https://drive.usercontent.google.com/download?id=11-IZQo75CBL0Lg9M9-qDUV-FFaFs7opJ&export=download","11-IZQo75CBL0Lg9M9-qDUV-FFaFs7opJ","No likely offline artifact found; keep the manifest record and decide whether to hide the public link or rebuild the resource.","Ref Docs/Trust Signals/Client Logos/social-media-today-logo.png (29, artifact_candidate) | Ref Docs/Work/Public Speaking/Images/Event Banners/Growth Secrets - Social media amplificaiton.jfif (29, artifact_candidate) | Ref Docs/Work/Public Speaking/Images/Event Banners/Growth Secrets - Social Media.jfif (29, artifact_candidate)",""
"rpm-0006","Social / Some Work","Meet Pavel, Video Production Intern","Square | Landscape","google-drive","not_working_broken","broken","404","replace or hide public button","preserve manifest row; decide hide vs recreate","missing_artifact","Ref Docs/Trust Signals/Client Logos/social-media-today-logo.png","artifact_candidate","30",".png","30454","4223eedc500197b9095eff3391621f09cb231e266a4b0c7feaedd777eeff4962","","","assets/js/some_work_data.js","2382","text-url","https://drive.google.com/file/d/12wUVdQ4-9hfMfaNIf5aOKK97n_jI8UF6/view?usp=sharing","https://drive.usercontent.google.com/download?id=12wUVdQ4-9hfMfaNIf5aOKK97n_jI8UF6&export=download","12wUVdQ4-9hfMfaNIf5aOKK97n_jI8UF6","No likely offline artifact found; keep the manifest record and decide whether to hide the public link or rebuild the resource.","Ref Docs/Trust Signals/Client Logos/social-media-today-logo.png (30, artifact_candidate) | Ref Docs/Work/Public Speaking/Images/Event Banners/Growth Secrets - Social media amplificaiton.jfif (30, artifact_candidate) | Ref Docs/Work/Public Speaking/Images/Event Banners/Growth Secrets - Social Media.jfif (30, artifact_candidate)",""
"rpm-0007","Social / Some Work","Email is not dead","Square","google-drive","not_working_broken","broken","404","replace or hide public button","preserve manifest row; decide hide vs recreate","missing_artifact","Ref Docs/Work/Public Speaking/Images/Staff/square-collage.jpg","artifact_candidate","32",".jpg","255253","27ed996fdda1b2c944ba749e93852e39d03325feb1fac478e5bc55bdcb9210df","","","assets/js/some_work_data.js","9330","text-url","https://drive.google.com/file/d/12WXaZbo4B-qMnWR3y3cOCg-HDJqbMXjz/view","https://drive.usercontent.google.com/download?id=12WXaZbo4B-qMnWR3y3cOCg-HDJqbMXjz&export=download","12WXaZbo4B-qMnWR3y3cOCg-HDJqbMXjz","No likely offline artifact found; keep the manifest record and decide whether to hide the public link or rebuild the resource.","Ref Docs/Work/Public Speaking/Images/Staff/square-collage.jpg (32, artifact_candidate) | Ref Docs/Trust Signals/Client Logos/social-media-today-logo.png (30, artifact_candidate) | Ref Docs/Work/Public Speaking/Images/Event Banners/Growth Secrets - Social media amplificaiton.jfif (30, artifact_candidate) | Ref Docs/Work/Public Speaking/Images/Event Banners/Growth Secrets - Social Media.jfif (30, artifact_candidate) | Ref Docs/Trust Signals/Client Logos/InEvent-squarelogo.png (26, artifact_candidate)",""
"rpm-0008","Social / Some Work","Webinars pull strong attendance","Square","google-drive","not_working_broken","broken","404","replace or hide public button","preserve manifest row; decide hide vs recreate","missing_artifact","Ref Docs/Work/Public Speaking/Images/Staff/square-collage.jpg","artifact_candidate","32",".jpg","255253","27ed996fdda1b2c944ba749e93852e39d03325feb1fac478e5bc55bdcb9210df","","","assets/js/some_work_data.js","8435","text-url","https://drive.google.com/file/d/1384mgL6dG0Oo0PbSZJJwBhSOcCmJcT4g/view","https://drive.usercontent.google.com/download?id=1384mgL6dG0Oo0PbSZJJwBhSOcCmJcT4g&export=download","1384mgL6dG0Oo0PbSZJJwBhSOcCmJcT4g","No likely offline artifact found; keep the manifest record and decide whether to hide the public link or rebuild the resource.","Ref Docs/Work/Public Speaking/Images/Staff/square-collage.jpg (32, artifact_candidate) | Ref Docs/Trust Signals/Client Logos/social-media-today-logo.png (30, artifact_candidate) | Ref Docs/Work/Public Speaking/Images/Event Banners/Growth Secrets - Social media amplificaiton.jfif (30, artifact_candidate) | Ref Docs/Work/Public Speaking/Images/Event Banners/Growth Secrets - Social Media.jfif (30, artifact_candidate) | Ref Docs/Trust Signals/Client Logos/InEvent-squarelogo.png (26, artifact_candidate)",""
"rpm-0009","Social / Some Work","Reduce friction, win better deals","Square","google-drive","not_working_broken","broken","404","replace or hide public button","preserve manifest row; decide hide vs recreate","missing_artifact","Ref Docs/Work/Public Speaking/Images/Staff/square-collage.jpg","artifact_candidate","32",".jpg","255253","27ed996fdda1b2c944ba749e93852e39d03325feb1fac478e5bc55bdcb9210df","","","assets/js/some_work_data.js","8691","text-url","https://drive.google.com/file/d/13EA8dUVWADImzWEaHAQhCL-QgiLM0Xad/view","https://drive.usercontent.google.com/download?id=13EA8dUVWADImzWEaHAQhCL-QgiLM0Xad&export=download","13EA8dUVWADImzWEaHAQhCL-QgiLM0Xad","No likely offline artifact found; keep the manifest record and decide whether to hide the public link or rebuild the resource.","Ref Docs/Work/Public Speaking/Images/Staff/square-collage.jpg (32, artifact_candidate) | Ref Docs/Trust Signals/Client Logos/social-media-today-logo.png (29, artifact_candidate) | Ref Docs/Work/Public Speaking/Images/Event Banners/Growth Secrets - Social media amplificaiton.jfif (29, artifact_candidate) | Ref Docs/Work/Public Speaking/Images/Event Banners/Growth Secrets - Social Media.jfif (29, artifact_candidate) | Ref Docs/Trust Signals/Client Logos/InEvent-squarelogo.png (26, artifact_candidate)",""
"rpm-0010","Social / Some Work","Meet Felix, Web Developer Intern | Meet Raluca, Graphic Design Intern","Landscape","google-drive","not_working_broken","broken","404","replace or hide public button","preserve manifest row; decide hide vs recreate","missing_artifact","Ref Docs/Trust Signals/Client Logos/social-media-today-logo.png","artifact_candidate","30",".png","30454","4223eedc500197b9095eff3391621f09cb231e266a4b0c7feaedd777eeff4962","","","assets/js/some_work_data.js","2345","text-url","https://drive.google.com/file/d/15H2VuqnUrJ1UUq6fAOyaMqh2DOTopMsT/view?usp=sharing","https://drive.usercontent.google.com/download?id=15H2VuqnUrJ1UUq6fAOyaMqh2DOTopMsT&export=download","15H2VuqnUrJ1UUq6fAOyaMqh2DOTopMsT","No likely offline artifact found; keep the manifest record and decide whether to hide the public link or rebuild the resource.","Ref Docs/Trust Signals/Client Logos/social-media-today-logo.png (30, artifact_candidate) | Ref Docs/Work/Public Speaking/Images/Event Banners/Growth Secrets - Social media amplificaiton.jfif (30, artifact_candidate) | Ref Docs/Work/Public Speaking/Images/Event Banners/Growth Secrets - Social Media.jfif (30, artifact_candidate)",""
"rpm-0011","Social / Some Work","Make visuals part of the strategy | Win the first 8 seconds","Landscape","google-drive","not_working_broken","broken","404","replace or hide public button","preserve manifest row; decide hide vs recreate","missing_artifact","Ref Docs/Trust Signals/Client Logos/social-media-today-logo.png","artifact_candidate","29",".png","30454","4223eedc500197b9095eff3391621f09cb231e266a4b0c7feaedd777eeff4962","","","assets/js/some_work_data.js","9258","text-url","https://drive.google.com/file/d/16Bjwhvh7cdivJB8flwoTcS5ff0M7l59J/view","https://drive.usercontent.google.com/download?id=16Bjwhvh7cdivJB8flwoTcS5ff0M7l59J&export=download","16Bjwhvh7cdivJB8flwoTcS5ff0M7l59J","No likely offline artifact found; keep the manifest record and decide whether to hide the public link or rebuild the resource.","Ref Docs/Trust Signals/Client Logos/social-media-today-logo.png (29, artifact_candidate) | Ref Docs/Work/Public Speaking/Images/Event Banners/Growth Secrets - Social media amplificaiton.jfif (29, artifact_candidate) | Ref Docs/Work/Public Speaking/Images/Event Banners/Growth Secrets - Social Media.jfif (29, artifact_candidate)",""
"rpm-0012","Social / Some Work","In-house vs outsource is a real split","Square","google-drive","not_working_broken","broken","404","replace or hide public button","preserve manifest row; decide hide vs recreate","missing_artifact","Ref Docs/Work/Public Speaking/Images/Staff/square-collage.jpg","artifact_candidate","32",".jpg","255253","27ed996fdda1b2c944ba749e93852e39d03325feb1fac478e5bc55bdcb9210df","","","assets/js/some_work_data.js","8755","text-url","https://drive.google.com/file/d/1AEUlRMUJBOU4eQ3Nzvmnatqty68KFv3s/view","https://drive.usercontent.google.com/download?id=1AEUlRMUJBOU4eQ3Nzvmnatqty68KFv3s&export=download","1AEUlRMUJBOU4eQ3Nzvmnatqty68KFv3s","No likely offline artifact found; keep the manifest record and decide whether to hide the public link or rebuild the resource.","Ref Docs/Work/Public Speaking/Images/Staff/square-collage.jpg (32, artifact_candidate) | Ref Docs/Trust Signals/Client Logos/social-media-today-logo.png (30, artifact_candidate) | Ref Docs/Work/Public Speaking/Images/Event Banners/Growth Secrets - Social media amplificaiton.jfif (30, artifact_candidate) | Ref Docs/Work/Public Speaking/Images/Event Banners/Growth Secrets - Social Media.jfif (30, artifact_candidate) | Ref Docs/Trust Signals/Client Logos/InEvent-squarelogo.png (26, artifact_candidate)",""
"rpm-0013","Social / Some Work","Win the first 8 seconds","Square","google-drive","not_working_broken","broken","404","replace or hide public button","preserve manifest row; decide hide vs recreate","missing_artifact","Ref Docs/Work/Public Speaking/Images/Staff/square-collage.jpg","artifact_candidate","32",".jpg","255253","27ed996fdda1b2c944ba749e93852e39d03325feb1fac478e5bc55bdcb9210df","","","assets/js/some_work_data.js","9234","text-url","https://drive.google.com/file/d/1AKfEIpnOEsU8STbd3bOX_p2CT6Dmw88U/view","https://drive.usercontent.google.com/download?id=1AKfEIpnOEsU8STbd3bOX_p2CT6Dmw88U&export=download","1AKfEIpnOEsU8STbd3bOX_p2CT6Dmw88U","No likely offline artifact found; keep the manifest record and decide whether to hide the public link or rebuild the resource.","Ref Docs/Work/Public Speaking/Images/Staff/square-collage.jpg (32, artifact_candidate) | Ref Docs/Trust Signals/Client Logos/social-media-today-logo.png (29, artifact_candidate) | Ref Docs/Work/Public Speaking/Images/Event Banners/Growth Secrets - Social media amplificaiton.jfif (29, artifact_candidate) | Ref Docs/Work/Public Speaking/Images/Event Banners/Growth Secrets - Social Media.jfif (29, artifact_candidate) | Ref Docs/Trust Signals/Client Logos/InEvent-squarelogo.png (26, artifact_candidate)",""
"rpm-0014","Social / Some Work","Trust is a relationship, not a transaction | Klint Page","Square","google-drive","not_working_broken","broken","404","replace or hide public button","preserve manifest row; decide hide vs recreate","missing_artifact","Ref Docs/Trust Signals/Client Logos/social-media-today-logo.png","artifact_candidate","35",".png","30454","4223eedc500197b9095eff3391621f09cb231e266a4b0c7feaedd777eeff4962","","","assets/js/some_work_data.js","8204","text-url","https://drive.google.com/file/d/1APBHr0BfspBhm4s0XWlfTjcgMmEcPEeK/view","https://drive.usercontent.google.com/download?id=1APBHr0BfspBhm4s0XWlfTjcgMmEcPEeK&export=download","1APBHr0BfspBhm4s0XWlfTjcgMmEcPEeK","No likely offline artifact found; keep the manifest record and decide whether to hide the public link or rebuild the resource.","Ref Docs/Trust Signals/Client Logos/social-media-today-logo.png (35, artifact_candidate) | Ref Docs/Trust Signals/Client Logos/InEvent-squarelogo.png (32, artifact_candidate) | Ref Docs/Trust Signals/Client Logos/pinksquare.png (32, artifact_candidate) | Ref Docs/Work/Public Speaking/Images/Staff/square-collage.jpg (32, artifact_candidate) | Ref Docs/Work/Public Speaking/Images/Event Banners/Growth Secrets - Social media amplificaiton.jfif (30, artifact_candidate)",""
"rpm-0015","Social / Some Work","Paid social is the baseline now | Page 2 might as well not exist","Landscape","google-drive","not_working_broken","broken","404","replace or hide public button","preserve manifest row; decide hide vs recreate","missing_artifact","Ref Docs/Trust Signals/Client Logos/social-media-today-logo.png","artifact_candidate","29",".png","30454","4223eedc500197b9095eff3391621f09cb231e266a4b0c7feaedd777eeff4962","","","assets/js/some_work_data.js","9194","text-url","https://drive.google.com/file/d/1Bc0vLS7-4_qltglG_RAgSsb1Fu4IFDls/view","https://drive.usercontent.google.com/download?id=1Bc0vLS7-4_qltglG_RAgSsb1Fu4IFDls&export=download","1Bc0vLS7-4_qltglG_RAgSsb1Fu4IFDls","No likely offline artifact found; keep the manifest record and decide whether to hide the public link or rebuild the resource.","Ref Docs/Trust Signals/Client Logos/social-media-today-logo.png (29, artifact_candidate) | Ref Docs/Work/Public Speaking/Images/Event Banners/Growth Secrets - Social media amplificaiton.jfif (29, artifact_candidate) | Ref Docs/Work/Public Speaking/Images/Event Banners/Growth Secrets - Social Media.jfif (29, artifact_candidate)",""
"rpm-0016","Social / Some Work","Meet Coco, Marketing Intern | Meet Rayane, Web Developer Intern","Landscape","google-drive","not_working_broken","broken","404","replace or hide public button","preserve manifest row; decide hide vs recreate","missing_artifact","Ref Docs/Trust Signals/Client Logos/social-media-today-logo.png","artifact_candidate","30",".png","30454","4223eedc500197b9095eff3391621f09cb231e266a4b0c7feaedd777eeff4962","","","assets/js/some_work_data.js","2432","text-url","https://drive.google.com/file/d/1btLk4LHjCn-KSNPsy5beEMk_ImoyYgbd/view?usp=sharing","https://drive.usercontent.google.com/download?id=1btLk4LHjCn-KSNPsy5beEMk_ImoyYgbd&export=download","1btLk4LHjCn-KSNPsy5beEMk_ImoyYgbd","No likely offline artifact found; keep the manifest record and decide whether to hide the public link or rebuild the resource.","Ref Docs/Trust Signals/Client Logos/social-media-today-logo.png (30, artifact_candidate) | Ref Docs/Work/Public Speaking/Images/Event Banners/Growth Secrets - Social media amplificaiton.jfif (30, artifact_candidate) | Ref Docs/Work/Public Speaking/Images/Event Banners/Growth Secrets - Social Media.jfif (30, artifact_candidate)",""
"rpm-0017","Social / Some Work","Google dominates search","Square","google-drive","not_working_broken","broken","404","replace or hide public button","preserve manifest row; decide hide vs recreate","missing_artifact","Ref Docs/Work/Public Speaking/Images/Staff/square-collage.jpg","artifact_candidate","32",".jpg","255253","27ed996fdda1b2c944ba749e93852e39d03325feb1fac478e5bc55bdcb9210df","","","assets/js/some_work_data.js","8371","text-url","https://drive.google.com/file/d/1CAsMzqxRZvWrLFQpiSC0H9eWEEMzv7WL/view","https://drive.usercontent.google.com/download?id=1CAsMzqxRZvWrLFQpiSC0H9eWEEMzv7WL&export=download","1CAsMzqxRZvWrLFQpiSC0H9eWEEMzv7WL","No likely offline artifact found; keep the manifest record and decide whether to hide the public link or rebuild the resource.","Ref Docs/Work/Public Speaking/Images/Staff/square-collage.jpg (32, artifact_candidate) | Ref Docs/Trust Signals/Client Logos/social-media-today-logo.png (30, artifact_candidate) | Ref Docs/Work/Public Speaking/Images/Event Banners/Growth Secrets - Social media amplificaiton.jfif (30, artifact_candidate) | Ref Docs/Work/Public Speaking/Images/Event Banners/Growth Secrets - Social Media.jfif (30, artifact_candidate) | Ref Docs/Trust Signals/Client Logos/InEvent-squarelogo.png (26, artifact_candidate)",""
"rpm-0018","Social / Some Work","Google dominates search | Online ad spend is eating the pie","Landscape","google-drive","not_working_broken","broken","404","replace or hide public button","preserve manifest row; decide hide vs recreate","missing_artifact","Ref Docs/Trust Signals/Client Logos/social-media-today-logo.png","artifact_candidate","29",".png","30454","4223eedc500197b9095eff3391621f09cb231e266a4b0c7feaedd777eeff4962","","","assets/js/some_work_data.js","8363","text-url","https://drive.google.com/file/d/1CpB_AZedg2sUJZ9hb5C4XkXW8jmUbKF8/view","https://drive.usercontent.google.com/download?id=1CpB_AZedg2sUJZ9hb5C4XkXW8jmUbKF8&export=download","1CpB_AZedg2sUJZ9hb5C4XkXW8jmUbKF8","No likely offline artifact found; keep the manifest record and decide whether to hide the public link or rebuild the resource.","Ref Docs/Trust Signals/Client Logos/social-media-today-logo.png (29, artifact_candidate) | Ref Docs/Work/Public Speaking/Images/Event Banners/Growth Secrets - Social media amplificaiton.jfif (29, artifact_candidate) | Ref Docs/Work/Public Speaking/Images/Event Banners/Growth Secrets - Social Media.jfif (29, artifact_candidate)",""
"rpm-0019","Social / Some Work","Sustainable Marketing Benefits","Landscape","google-drive","not_working_broken","broken","404","replace or hide public button","preserve manifest row; decide hide vs recreate","missing_artifact","Ref Docs/Trust Signals/Client Logos/social-media-today-logo.png","artifact_candidate","30",".png","30454","4223eedc500197b9095eff3391621f09cb231e266a4b0c7feaedd777eeff4962","","","assets/js/some_work_data.js","4191","text-url","https://drive.google.com/file/d/1d4guGOw-Nc0s1_4WMiC84bbaimyqL0Qa/view","https://drive.usercontent.google.com/download?id=1d4guGOw-Nc0s1_4WMiC84bbaimyqL0Qa&export=download","1d4guGOw-Nc0s1_4WMiC84bbaimyqL0Qa","No likely offline artifact found; keep the manifest record and decide whether to hide the public link or rebuild the resource.","Ref Docs/Trust Signals/Client Logos/social-media-today-logo.png (30, artifact_candidate) | Ref Docs/Work/Public Speaking/Images/Event Banners/Growth Secrets - Social media amplificaiton.jfif (30, artifact_candidate) | Ref Docs/Work/Public Speaking/Images/Event Banners/Growth Secrets - Social Media.jfif (30, artifact_candidate)",""
"rpm-0020","Social / Some Work","Video is a lead gen weapon","Square","google-drive","not_working_broken","broken","404","replace or hide public button","preserve manifest row; decide hide vs recreate","missing_artifact","Ref Docs/Work/Public Speaking/Images/Staff/square-collage.jpg","artifact_candidate","32",".jpg","255253","27ed996fdda1b2c944ba749e93852e39d03325feb1fac478e5bc55bdcb9210df","","","assets/js/some_work_data.js","8787","text-url","https://drive.google.com/file/d/1dlT5QNMbtX-Lnlzthf4zbspnBG9rqRqN/view","https://drive.usercontent.google.com/download?id=1dlT5QNMbtX-Lnlzthf4zbspnBG9rqRqN&export=download","1dlT5QNMbtX-Lnlzthf4zbspnBG9rqRqN","No likely offline artifact found; keep the manifest record and decide whether to hide the public link or rebuild the resource.","Ref Docs/Work/Public Speaking/Images/Staff/square-collage.jpg (32, artifact_candidate) | Ref Docs/Trust Signals/Client Logos/social-media-today-logo.png (30, artifact_candidate) | Ref Docs/Work/Public Speaking/Images/Event Banners/Growth Secrets - Social media amplificaiton.jfif (30, artifact_candidate) | Ref Docs/Work/Public Speaking/Images/Event Banners/Growth Secrets - Social Media.jfif (30, artifact_candidate) | Ref Docs/Trust Signals/Client Logos/InEvent-squarelogo.png (26, artifact_candidate)",""
"rpm-0021","Social / Some Work","Meet Rayane, Web Developer Intern","Square | Landscape","google-drive","not_working_broken","broken","404","replace or hide public button","preserve manifest row; decide hide vs recreate","missing_artifact","Ref Docs/Trust Signals/Client Logos/social-media-today-logo.png","artifact_candidate","30",".png","30454","4223eedc500197b9095eff3391621f09cb231e266a4b0c7feaedd777eeff4962","","","assets/js/some_work_data.js","2411","text-url","https://drive.google.com/file/d/1e12SMcLrI53ioIA_VwNDICY5prMGsIno/view?usp=sharing","https://drive.usercontent.google.com/download?id=1e12SMcLrI53ioIA_VwNDICY5prMGsIno&export=download","1e12SMcLrI53ioIA_VwNDICY5prMGsIno","No likely offline artifact found; keep the manifest record and decide whether to hide the public link or rebuild the resource.","Ref Docs/Trust Signals/Client Logos/social-media-today-logo.png (30, artifact_candidate) | Ref Docs/Work/Public Speaking/Images/Event Banners/Growth Secrets - Social media amplificaiton.jfif (30, artifact_candidate) | Ref Docs/Work/Public Speaking/Images/Event Banners/Growth Secrets - Social Media.jfif (30, artifact_candidate)",""
"rpm-0022","Social / Some Work","Sustainable Marketing: What It Is and How to Use It","Landscape","google-drive","not_working_broken","broken","404","replace or hide public button","preserve manifest row; decide hide vs recreate","missing_artifact","Ref Docs/Trust Signals/Client Logos/social-media-today-logo.png","artifact_candidate","30",".png","30454","4223eedc500197b9095eff3391621f09cb231e266a4b0c7feaedd777eeff4962","","","assets/js/some_work_data.js","4006","text-url","https://drive.google.com/file/d/1E61ZhhUvYRAYMTIL1igf8naPHx-qUOPf/view","https://drive.usercontent.google.com/download?id=1E61ZhhUvYRAYMTIL1igf8naPHx-qUOPf&export=download","1E61ZhhUvYRAYMTIL1igf8naPHx-qUOPf","No likely offline artifact found; keep the manifest record and decide whether to hide the public link or rebuild the resource.","Ref Docs/Trust Signals/Client Logos/social-media-today-logo.png (30, artifact_candidate) | Ref Docs/Work/Public Speaking/Images/Event Banners/Growth Secrets - Social media amplificaiton.jfif (30, artifact_candidate) | Ref Docs/Work/Public Speaking/Images/Event Banners/Growth Secrets - Social Media.jfif (30, artifact_candidate)",""
"rpm-0023","Social / Some Work","Micro-influencers can outperform big names | Email is not dead","Landscape","google-drive","not_working_broken","broken","404","replace or hide public button","preserve manifest row; decide hide vs recreate","missing_artifact","Ref Docs/Trust Signals/Client Logos/social-media-today-logo.png","artifact_candidate","29",".png","30454","4223eedc500197b9095eff3391621f09cb231e266a4b0c7feaedd777eeff4962","","","assets/js/some_work_data.js","9354","text-url","https://drive.google.com/file/d/1eboAK8E-HDlL886kLr_b7lUJS3TwsQMn/view","https://drive.usercontent.google.com/download?id=1eboAK8E-HDlL886kLr_b7lUJS3TwsQMn&export=download","1eboAK8E-HDlL886kLr_b7lUJS3TwsQMn","No likely offline artifact found; keep the manifest record and decide whether to hide the public link or rebuild the resource.","Ref Docs/Trust Signals/Client Logos/social-media-today-logo.png (29, artifact_candidate) | Ref Docs/Work/Public Speaking/Images/Event Banners/Growth Secrets - Social media amplificaiton.jfif (29, artifact_candidate) | Ref Docs/Work/Public Speaking/Images/Event Banners/Growth Secrets - Social Media.jfif (29, artifact_candidate)",""
"rpm-0024","Social / Some Work","Marketing Statistics","Landscape","google-drive","not_working_broken","broken","404","replace or hide public button","preserve manifest row; decide hide vs recreate","missing_artifact","Ref Docs/Work/Public Speaking/Images/Event Banners/Growth Secrets - Social media amplificaiton.jfif","artifact_candidate","35",".jfif","36003","7e12e68e3b070870ba4d9300f2bd5220b909eacf9131237c3f41ffc00c9fbd46","","","assets/js/some_work_data.js","3518","text-url","https://drive.google.com/file/d/1eCo5Lze5dxD4ddxfd2TDZdTMuvLW1lEQ/view","https://drive.usercontent.google.com/download?id=1eCo5Lze5dxD4ddxfd2TDZdTMuvLW1lEQ&export=download","1eCo5Lze5dxD4ddxfd2TDZdTMuvLW1lEQ","No likely offline artifact found; keep the manifest record and decide whether to hide the public link or rebuild the resource.","Ref Docs/Work/Public Speaking/Images/Event Banners/Growth Secrets - Social media amplificaiton.jfif (35, artifact_candidate) | Ref Docs/Work/Public Speaking/Images/Event Banners/Growth Secrets - Social Media.jfif (35, artifact_candidate) | Ref Docs/Trust Signals/Client Logos/social-media-today-logo.png (30, artifact_candidate)",""
"rpm-0025","Social / Some Work","Email traffic drives more purchases | Trust is a relationship, not a transaction","Landscape","google-drive","not_working_broken","broken","404","replace or hide public button","preserve manifest row; decide hide vs recreate","missing_artifact","Ref Docs/Trust Signals/Client Logos/social-media-today-logo.png","artifact_candidate","35",".png","30454","4223eedc500197b9095eff3391621f09cb231e266a4b0c7feaedd777eeff4962","","","assets/js/some_work_data.js","8236","text-url","https://drive.google.com/file/d/1EZaJvfoxgMoDl8Q_Jezkc_o5QYvZ88B0/view","https://drive.usercontent.google.com/download?id=1EZaJvfoxgMoDl8Q_Jezkc_o5QYvZ88B0&export=download","1EZaJvfoxgMoDl8Q_Jezkc_o5QYvZ88B0","No likely offline artifact found; keep the manifest record and decide whether to hide the public link or rebuild the resource.","Ref Docs/Trust Signals/Client Logos/social-media-today-logo.png (35, artifact_candidate) | Ref Docs/Work/Public Speaking/Images/Event Banners/Growth Secrets - Social media amplificaiton.jfif (29, artifact_candidate) | Ref Docs/Work/Public Speaking/Images/Event Banners/Growth Secrets - Social Media.jfif (29, artifact_candidate) | Ref Docs/Trust Signals/Client Logos/SocialMediaManageren.png (24, artifact_candidate)",""
"rpm-0026","Social / Some Work","Bad service loses customers fast | LinkedIn audience is not one-size-fits-all","Landscape","google-drive","not_working_broken","broken","404","replace or hide public button","preserve manifest row; decide hide vs recreate","missing_artifact","Ref Docs/Trust Signals/Client Logos/social-media-today-logo.png","artifact_candidate","29",".png","30454","4223eedc500197b9095eff3391621f09cb231e266a4b0c7feaedd777eeff4962","","","assets/js/some_work_data.js","8619","text-url","https://drive.google.com/file/d/1f2zq4GrJGhEcxMQNRMQeD60427V_zSoj/view","https://drive.usercontent.google.com/download?id=1f2zq4GrJGhEcxMQNRMQeD60427V_zSoj&export=download","1f2zq4GrJGhEcxMQNRMQeD60427V_zSoj","No likely offline artifact found; keep the manifest record and decide whether to hide the public link or rebuild the resource.","Ref Docs/Trust Signals/Client Logos/social-media-today-logo.png (29, artifact_candidate) | Ref Docs/Work/Public Speaking/Images/Event Banners/Growth Secrets - Social media amplificaiton.jfif (29, artifact_candidate) | Ref Docs/Work/Public Speaking/Images/Event Banners/Growth Secrets - Social Media.jfif (29, artifact_candidate)",""
"rpm-0027","Social / Some Work","Meet the Team: Julia González | Meet the Team: Giovanni Buffa","Landscape","google-drive","not_working_broken","broken","404","replace or hide public button","preserve manifest row; decide hide vs recreate","missing_artifact","Ref Docs/Trust Signals/Client Logos/social-media-today-logo.png","artifact_candidate","30",".png","30454","4223eedc500197b9095eff3391621f09cb231e266a4b0c7feaedd777eeff4962","","","assets/js/some_work_data.js","2612","text-url","https://drive.google.com/file/d/1FicULlioWQpqXF6rCxjZ8X3VDMbXFkbt/view?usp=sharing","https://drive.usercontent.google.com/download?id=1FicULlioWQpqXF6rCxjZ8X3VDMbXFkbt&export=download","1FicULlioWQpqXF6rCxjZ8X3VDMbXFkbt","No likely offline artifact found; keep the manifest record and decide whether to hide the public link or rebuild the resource.","Ref Docs/Trust Signals/Client Logos/social-media-today-logo.png (30, artifact_candidate) | Ref Docs/Work/Public Speaking/Images/Event Banners/Growth Secrets - Social media amplificaiton.jfif (30, artifact_candidate) | Ref Docs/Work/Public Speaking/Images/Event Banners/Growth Secrets - Social Media.jfif (30, artifact_candidate)",""
"rpm-0028","Social / Some Work","Know your audience by platform | Email traffic drives more purchases","Landscape","google-drive","not_working_broken","broken","404","replace or hide public button","preserve manifest row; decide hide vs recreate","missing_artifact","Ref Docs/Trust Signals/Client Logos/social-media-today-logo.png","artifact_candidate","29",".png","30454","4223eedc500197b9095eff3391621f09cb231e266a4b0c7feaedd777eeff4962","","","assets/js/some_work_data.js","8268","text-url","https://drive.google.com/file/d/1G1I-mbbXMQ6My1SDA_MYoqbwQcKoHI_Y/view","https://drive.usercontent.google.com/download?id=1G1I-mbbXMQ6My1SDA_MYoqbwQcKoHI_Y&export=download","1G1I-mbbXMQ6My1SDA_MYoqbwQcKoHI_Y","No likely offline artifact found; keep the manifest record and decide whether to hide the public link or rebuild the resource.","Ref Docs/Trust Signals/Client Logos/social-media-today-logo.png (29, artifact_candidate) | Ref Docs/Work/Public Speaking/Images/Event Banners/Growth Secrets - Social media amplificaiton.jfif (29, artifact_candidate) | Ref Docs/Work/Public Speaking/Images/Event Banners/Growth Secrets - Social Media.jfif (29, artifact_candidate)",""
"rpm-0029","Social / Some Work","Not suitable | 60+ Pros and Cons of Instagram (2021)","Landscape","google-drive","not_working_broken","broken","404","replace or hide public button","preserve manifest row; decide hide vs recreate","missing_artifact","Ref Docs/Trust Signals/Client Logos/social-media-today-logo.png","artifact_candidate","29",".png","30454","4223eedc500197b9095eff3391621f09cb231e266a4b0c7feaedd777eeff4962","","","assets/js/some_work_data.js","8118","text-url","https://drive.google.com/file/d/1GChGtGu4nhWT_tAhfNUBhLOQaDVczivA/view","https://drive.usercontent.google.com/download?id=1GChGtGu4nhWT_tAhfNUBhLOQaDVczivA&export=download","1GChGtGu4nhWT_tAhfNUBhLOQaDVczivA","No likely offline artifact found; keep the manifest record and decide whether to hide the public link or rebuild the resource.","Ref Docs/Trust Signals/Client Logos/social-media-today-logo.png (29, artifact_candidate) | Ref Docs/Work/Public Speaking/Images/Event Banners/Growth Secrets - Social media amplificaiton.jfif (29, artifact_candidate) | Ref Docs/Work/Public Speaking/Images/Event Banners/Growth Secrets - Social Media.jfif (29, artifact_candidate)",""
"rpm-0030","Social / Some Work","Email traffic drives more purchases","Square","google-drive","not_working_broken","broken","404","replace or hide public button","preserve manifest row; decide hide vs recreate","missing_artifact","Ref Docs/Trust Signals/Client Logos/social-media-today-logo.png","artifact_candidate","35",".png","30454","4223eedc500197b9095eff3391621f09cb231e266a4b0c7feaedd777eeff4962","","","assets/js/some_work_data.js","8244","text-url","https://drive.google.com/file/d/1gkTdJVNfKvfPBwIpFC1C-OtFZikwj8Pv/view","https://drive.usercontent.google.com/download?id=1gkTdJVNfKvfPBwIpFC1C-OtFZikwj8Pv&export=download","1gkTdJVNfKvfPBwIpFC1C-OtFZikwj8Pv","No likely offline artifact found; keep the manifest record and decide whether to hide the public link or rebuild the resource.","Ref Docs/Trust Signals/Client Logos/social-media-today-logo.png (35, artifact_candidate) | Ref Docs/Trust Signals/Client Logos/InEvent-squarelogo.png (32, artifact_candidate) | Ref Docs/Trust Signals/Client Logos/pinksquare.png (32, artifact_candidate) | Ref Docs/Work/Public Speaking/Images/Staff/square-collage.jpg (32, artifact_candidate) | Ref Docs/Work/Public Speaking/Images/Event Banners/Growth Secrets - Social media amplificaiton.jfif (29, artifact_candidate)",""
"rpm-0031","Social / Some Work","Facebook still reaches massive scale","Square","google-drive","not_working_broken","broken","404","replace or hide public button","preserve manifest row; decide hide vs recreate","missing_artifact","Ref Docs/Work/Public Speaking/Images/Staff/square-collage.jpg","artifact_candidate","32",".jpg","255253","27ed996fdda1b2c944ba749e93852e39d03325feb1fac478e5bc55bdcb9210df","","","assets/js/some_work_data.js","8499","text-url","https://drive.google.com/file/d/1HktR213DhkMeQ15-5x3orn15Qp9Jls4H/view","https://drive.usercontent.google.com/download?id=1HktR213DhkMeQ15-5x3orn15Qp9Jls4H&export=download","1HktR213DhkMeQ15-5x3orn15Qp9Jls4H","No likely offline artifact found; keep the manifest record and decide whether to hide the public link or rebuild the resource.","Ref Docs/Work/Public Speaking/Images/Staff/square-collage.jpg (32, artifact_candidate) | Ref Docs/Trust Signals/Client Logos/social-media-today-logo.png (30, artifact_candidate) | Ref Docs/Work/Public Speaking/Images/Event Banners/Growth Secrets - Social media amplificaiton.jfif (30, artifact_candidate) | Ref Docs/Work/Public Speaking/Images/Event Banners/Growth Secrets - Social Media.jfif (30, artifact_candidate) | Ref Docs/Trust Signals/Client Logos/InEvent-squarelogo.png (26, artifact_candidate)",""
"rpm-0032","Social / Some Work","LinkedIn audience is not one-size-fits-all | Twitter keeps growing","Landscape","google-drive","not_working_broken","broken","404","replace or hide public button","preserve manifest row; decide hide vs recreate","missing_artifact","Ref Docs/Work/Public Speaking/Images/Event Banners/Growth Secrets - Social media amplificaiton.jfif","artifact_candidate","35",".jfif","36003","7e12e68e3b070870ba4d9300f2bd5220b909eacf9131237c3f41ffc00c9fbd46","","","assets/js/some_work_data.js","8587","text-url","https://drive.google.com/file/d/1Hrccmf_P-sj20XoORJyVElgudG43v9aC/view","https://drive.usercontent.google.com/download?id=1Hrccmf_P-sj20XoORJyVElgudG43v9aC&export=download","1Hrccmf_P-sj20XoORJyVElgudG43v9aC","No likely offline artifact found; keep the manifest record and decide whether to hide the public link or rebuild the resource.","Ref Docs/Work/Public Speaking/Images/Event Banners/Growth Secrets - Social media amplificaiton.jfif (35, artifact_candidate) | Ref Docs/Work/Public Speaking/Images/Event Banners/Growth Secrets - Social Media.jfif (35, artifact_candidate) | Ref Docs/Trust Signals/Client Logos/social-media-today-logo.png (29, artifact_candidate)",""
"rpm-0033","Social / Some Work","Marketing Statistics","Square | Vertical","google-drive","not_working_broken","broken","404","replace or hide public button","preserve manifest row; decide hide vs recreate","missing_artifact","Ref Docs/Work/Public Speaking/Images/Event Banners/Growth Secrets - Social media amplificaiton.jfif","artifact_candidate","35",".jfif","36003","7e12e68e3b070870ba4d9300f2bd5220b909eacf9131237c3f41ffc00c9fbd46","","","assets/js/some_work_data.js","3526","text-url","https://drive.google.com/file/d/1i3FMlhPQ6kfhb7p1iopgl7DNhuxBQjGg/view","https://drive.usercontent.google.com/download?id=1i3FMlhPQ6kfhb7p1iopgl7DNhuxBQjGg&export=download","1i3FMlhPQ6kfhb7p1iopgl7DNhuxBQjGg","No likely offline artifact found; keep the manifest record and decide whether to hide the public link or rebuild the resource.","Ref Docs/Work/Public Speaking/Images/Event Banners/Growth Secrets - Social media amplificaiton.jfif (35, artifact_candidate) | Ref Docs/Work/Public Speaking/Images/Event Banners/Growth Secrets - Social Media.jfif (35, artifact_candidate) | Ref Docs/Trust Signals/Client Logos/social-media-today-logo.png (30, artifact_candidate)",""
"rpm-0034","Social / Some Work","Staying ahead in digital marketing | SEO is a long game","Landscape","google-drive","not_working_broken","broken","404","replace or hide public button","preserve manifest row; decide hide vs recreate","missing_artifact","Ref Docs/Work/Public Speaking/Images/Event Banners/Growth Secrets - Social media amplificaiton.jfif","artifact_candidate","35",".jfif","36003","7e12e68e3b070870ba4d9300f2bd5220b909eacf9131237c3f41ffc00c9fbd46","","","assets/js/some_work_data.js","3088","text-url","https://drive.google.com/file/d/1IAePrKk1svTbP6w69HGWMmNCf1VBoMnU/view?usp=sharing","https://drive.usercontent.google.com/download?id=1IAePrKk1svTbP6w69HGWMmNCf1VBoMnU&export=download","1IAePrKk1svTbP6w69HGWMmNCf1VBoMnU","No likely offline artifact found; keep the manifest record and decide whether to hide the public link or rebuild the resource.","Ref Docs/Work/Public Speaking/Images/Event Banners/Growth Secrets - Social media amplificaiton.jfif (35, artifact_candidate) | Ref Docs/Work/Public Speaking/Images/Event Banners/Growth Secrets - Social Media.jfif (35, artifact_candidate) | Ref Docs/Trust Signals/Client Logos/social-media-today-logo.png (29, artifact_candidate)",""
"rpm-0035","Social / Some Work","Twitter keeps growing","Square","google-drive","not_working_broken","broken","404","replace or hide public button","preserve manifest row; decide hide vs recreate","missing_artifact","Ref Docs/Work/Public Speaking/Images/Event Banners/Growth Secrets - Social media amplificaiton.jfif","artifact_candidate","35",".jfif","36003","7e12e68e3b070870ba4d9300f2bd5220b909eacf9131237c3f41ffc00c9fbd46","","","assets/js/some_work_data.js","8563","text-url","https://drive.google.com/file/d/1Irpl1WskuACTzSuxvLU9CeTFpI3b2F7V/view","https://drive.usercontent.google.com/download?id=1Irpl1WskuACTzSuxvLU9CeTFpI3b2F7V&export=download","1Irpl1WskuACTzSuxvLU9CeTFpI3b2F7V","No likely offline artifact found; keep the manifest record and decide whether to hide the public link or rebuild the resource.","Ref Docs/Work/Public Speaking/Images/Event Banners/Growth Secrets - Social media amplificaiton.jfif (35, artifact_candidate) | Ref Docs/Work/Public Speaking/Images/Event Banners/Growth Secrets - Social Media.jfif (35, artifact_candidate) | Ref Docs/Work/Public Speaking/Images/Staff/square-collage.jpg (32, artifact_candidate) | Ref Docs/Trust Signals/Client Logos/social-media-today-logo.png (29, artifact_candidate) | Ref Docs/Trust Signals/Client Logos/InEvent-squarelogo.png (26, artifact_candidate)",""
"rpm-0036","Social / Some Work","Instagram kept growing in Western Europe | Facebook still reaches massive scale","Landscape","google-drive","not_working_broken","broken","404","replace or hide public button","preserve manifest row; decide hide vs recreate","missing_artifact","Ref Docs/Work/Public Speaking/Images/Event Banners/Growth Secrets - Social media amplificaiton.jfif","artifact_candidate","35",".jfif","36003","7e12e68e3b070870ba4d9300f2bd5220b909eacf9131237c3f41ffc00c9fbd46","","","assets/js/some_work_data.js","8523","text-url","https://drive.google.com/file/d/1iTIA1qkx3Z9QoWeNC48dxedMnmtQDTr2/view","https://drive.usercontent.google.com/download?id=1iTIA1qkx3Z9QoWeNC48dxedMnmtQDTr2&export=download","1iTIA1qkx3Z9QoWeNC48dxedMnmtQDTr2","No likely offline artifact found; keep the manifest record and decide whether to hide the public link or rebuild the resource.","Ref Docs/Work/Public Speaking/Images/Event Banners/Growth Secrets - Social media amplificaiton.jfif (35, artifact_candidate) | Ref Docs/Work/Public Speaking/Images/Event Banners/Growth Secrets - Social Media.jfif (35, artifact_candidate) | Ref Docs/Trust Signals/Client Logos/social-media-today-logo.png (29, artifact_candidate)",""
"rpm-0037","Social / Some Work","Meet Coco, Marketing Intern","Square | Landscape","google-drive","not_working_broken","broken","404","replace or hide public button","preserve manifest row; decide hide vs recreate","missing_artifact","Ref Docs/Trust Signals/Client Logos/social-media-today-logo.png","artifact_candidate","30",".png","30454","4223eedc500197b9095eff3391621f09cb231e266a4b0c7feaedd777eeff4962","","","assets/js/some_work_data.js","2440","text-url","https://drive.google.com/file/d/1jwzfQe2tqzYHTm9yi7cfoXyb4VokjVcA/view?usp=sharing","https://drive.usercontent.google.com/download?id=1jwzfQe2tqzYHTm9yi7cfoXyb4VokjVcA&export=download","1jwzfQe2tqzYHTm9yi7cfoXyb4VokjVcA","No likely offline artifact found; keep the manifest record and decide whether to hide the public link or rebuild the resource.","Ref Docs/Trust Signals/Client Logos/social-media-today-logo.png (30, artifact_candidate) | Ref Docs/Work/Public Speaking/Images/Event Banners/Growth Secrets - Social media amplificaiton.jfif (30, artifact_candidate) | Ref Docs/Work/Public Speaking/Images/Event Banners/Growth Secrets - Social Media.jfif (30, artifact_candidate)",""
"rpm-0038","Social / Some Work","Email marketing ROI is huge","Square","google-drive","not_working_broken","broken","404","replace or hide public button","preserve manifest row; decide hide vs recreate","missing_artifact","Ref Docs/Work/Public Speaking/Images/Staff/square-collage.jpg","artifact_candidate","32",".jpg","255253","27ed996fdda1b2c944ba749e93852e39d03325feb1fac478e5bc55bdcb9210df","","","assets/js/some_work_data.js","8307","text-url","https://drive.google.com/file/d/1KI9DlsNEMCGuNcU5KxuBkA__5MTUr8Ko/view","https://drive.usercontent.google.com/download?id=1KI9DlsNEMCGuNcU5KxuBkA__5MTUr8Ko&export=download","1KI9DlsNEMCGuNcU5KxuBkA__5MTUr8Ko","No likely offline artifact found; keep the manifest record and decide whether to hide the public link or rebuild the resource.","Ref Docs/Work/Public Speaking/Images/Staff/square-collage.jpg (32, artifact_candidate) | Ref Docs/Trust Signals/Client Logos/social-media-today-logo.png (30, artifact_candidate) | Ref Docs/Work/Public Speaking/Images/Event Banners/Growth Secrets - Social media amplificaiton.jfif (30, artifact_candidate) | Ref Docs/Work/Public Speaking/Images/Event Banners/Growth Secrets - Social Media.jfif (30, artifact_candidate) | Ref Docs/Trust Signals/Client Logos/InEvent-squarelogo.png (26, artifact_candidate)",""
"rpm-0039","Social / Some Work","Bad service loses customers fast","Square","google-drive","not_working_broken","broken","404","replace or hide public button","preserve manifest row; decide hide vs recreate","missing_artifact","Ref Docs/Work/Public Speaking/Images/Staff/square-collage.jpg","artifact_candidate","32",".jpg","255253","27ed996fdda1b2c944ba749e93852e39d03325feb1fac478e5bc55bdcb9210df","","","assets/js/some_work_data.js","8627","text-url","https://drive.google.com/file/d/1klbUrey6h9G9aOLy1OVcxD4Tnlp1YtR2/view","https://drive.usercontent.google.com/download?id=1klbUrey6h9G9aOLy1OVcxD4Tnlp1YtR2&export=download","1klbUrey6h9G9aOLy1OVcxD4Tnlp1YtR2","No likely offline artifact found; keep the manifest record and decide whether to hide the public link or rebuild the resource.","Ref Docs/Work/Public Speaking/Images/Staff/square-collage.jpg (32, artifact_candidate) | Ref Docs/Trust Signals/Client Logos/social-media-today-logo.png (29, artifact_candidate) | Ref Docs/Work/Public Speaking/Images/Event Banners/Growth Secrets - Social media amplificaiton.jfif (29, artifact_candidate) | Ref Docs/Work/Public Speaking/Images/Event Banners/Growth Secrets - Social Media.jfif (29, artifact_candidate) | Ref Docs/Trust Signals/Client Logos/InEvent-squarelogo.png (26, artifact_candidate)",""
"rpm-0040","Social / Some Work","Win the first 8 seconds | Paid social is the baseline now","Landscape","google-drive","not_working_broken","broken","404","replace or hide public button","preserve manifest row; decide hide vs recreate","missing_artifact","Ref Docs/Trust Signals/Client Logos/social-media-today-logo.png","artifact_candidate","29",".png","30454","4223eedc500197b9095eff3391621f09cb231e266a4b0c7feaedd777eeff4962","","","assets/js/some_work_data.js","9226","text-url","https://drive.google.com/file/d/1kSLdPibj1iYMBMEAxkw08HTGymRuESuF/view","https://drive.usercontent.google.com/download?id=1kSLdPibj1iYMBMEAxkw08HTGymRuESuF&export=download","1kSLdPibj1iYMBMEAxkw08HTGymRuESuF","No likely offline artifact found; keep the manifest record and decide whether to hide the public link or rebuild the resource.","Ref Docs/Trust Signals/Client Logos/social-media-today-logo.png (29, artifact_candidate) | Ref Docs/Work/Public Speaking/Images/Event Banners/Growth Secrets - Social media amplificaiton.jfif (29, artifact_candidate) | Ref Docs/Work/Public Speaking/Images/Event Banners/Growth Secrets - Social Media.jfif (29, artifact_candidate)",""
"rpm-0041","Social / Some Work","Know your audience by platform","Square","google-drive","not_working_broken","broken","404","replace or hide public button","preserve manifest row; decide hide vs recreate","missing_artifact","Ref Docs/Work/Public Speaking/Images/Staff/square-collage.jpg","artifact_candidate","32",".jpg","255253","27ed996fdda1b2c944ba749e93852e39d03325feb1fac478e5bc55bdcb9210df","","","assets/js/some_work_data.js","8276","text-url","https://drive.google.com/file/d/1loz5CMrNHHu1F7lGJBxMbUWpu2mpDWME/view","https://drive.usercontent.google.com/download?id=1loz5CMrNHHu1F7lGJBxMbUWpu2mpDWME&export=download","1loz5CMrNHHu1F7lGJBxMbUWpu2mpDWME","No likely offline artifact found; keep the manifest record and decide whether to hide the public link or rebuild the resource.","Ref Docs/Work/Public Speaking/Images/Staff/square-collage.jpg (32, artifact_candidate) | Ref Docs/Trust Signals/Client Logos/social-media-today-logo.png (29, artifact_candidate) | Ref Docs/Work/Public Speaking/Images/Event Banners/Growth Secrets - Social media amplificaiton.jfif (29, artifact_candidate) | Ref Docs/Work/Public Speaking/Images/Event Banners/Growth Secrets - Social Media.jfif (29, artifact_candidate) | Ref Docs/Trust Signals/Client Logos/InEvent-squarelogo.png (26, artifact_candidate)",""
"rpm-0042","Social / Some Work","Email is not dead | Google searches an enormous web index","Landscape","google-drive","not_working_broken","broken","404","replace or hide public button","preserve manifest row; decide hide vs recreate","missing_artifact","Ref Docs/Trust Signals/Client Logos/social-media-today-logo.png","artifact_candidate","29",".png","30454","4223eedc500197b9095eff3391621f09cb231e266a4b0c7feaedd777eeff4962","","","assets/js/some_work_data.js","9322","text-url","https://drive.google.com/file/d/1LpHjvNsbr2MqELnG81qwZhcZcJKZi8CE/view","https://drive.usercontent.google.com/download?id=1LpHjvNsbr2MqELnG81qwZhcZcJKZi8CE&export=download","1LpHjvNsbr2MqELnG81qwZhcZcJKZi8CE","No likely offline artifact found; keep the manifest record and decide whether to hide the public link or rebuild the resource.","Ref Docs/Trust Signals/Client Logos/social-media-today-logo.png (29, artifact_candidate) | Ref Docs/Work/Public Speaking/Images/Event Banners/Growth Secrets - Social media amplificaiton.jfif (29, artifact_candidate) | Ref Docs/Work/Public Speaking/Images/Event Banners/Growth Secrets - Social Media.jfif (29, artifact_candidate)",""
"rpm-0043","Social / Some Work","Google searches an enormous web index | Make visuals part of the strategy","Landscape","google-drive","not_working_broken","broken","404","replace or hide public button","preserve manifest row; decide hide vs recreate","missing_artifact","Ref Docs/Trust Signals/Client Logos/social-media-today-logo.png","artifact_candidate","29",".png","30454","4223eedc500197b9095eff3391621f09cb231e266a4b0c7feaedd777eeff4962","","","assets/js/some_work_data.js","9290","text-url","https://drive.google.com/file/d/1lSgR1DQ2qgxyAQeMhluztO_uftcNassy/view","https://drive.usercontent.google.com/download?id=1lSgR1DQ2qgxyAQeMhluztO_uftcNassy&export=download","1lSgR1DQ2qgxyAQeMhluztO_uftcNassy","No likely offline artifact found; keep the manifest record and decide whether to hide the public link or rebuild the resource.","Ref Docs/Trust Signals/Client Logos/social-media-today-logo.png (29, artifact_candidate) | Ref Docs/Work/Public Speaking/Images/Event Banners/Growth Secrets - Social media amplificaiton.jfif (29, artifact_candidate) | Ref Docs/Work/Public Speaking/Images/Event Banners/Growth Secrets - Social Media.jfif (29, artifact_candidate)",""
"rpm-0044","Social / Some Work","Meet the Team: Giacomo Piccinini","Square","google-drive","not_working_broken","broken","404","replace or hide public button","preserve manifest row; decide hide vs recreate","missing_artifact","Ref Docs/Work/Public Speaking/Images/Staff/square-collage.jpg","artifact_candidate","32",".jpg","255253","27ed996fdda1b2c944ba749e93852e39d03325feb1fac478e5bc55bdcb9210df","","","assets/js/some_work_data.js","2558","text-url","https://drive.google.com/file/d/1MUYZ0sLy--3wZLZD-0gKzPSLr7Ii40m1/view?usp=sharing","https://drive.usercontent.google.com/download?id=1MUYZ0sLy--3wZLZD-0gKzPSLr7Ii40m1&export=download","1MUYZ0sLy--3wZLZD-0gKzPSLr7Ii40m1","No likely offline artifact found; keep the manifest record and decide whether to hide the public link or rebuild the resource.","Ref Docs/Work/Public Speaking/Images/Staff/square-collage.jpg (32, artifact_candidate) | Ref Docs/Trust Signals/Client Logos/social-media-today-logo.png (30, artifact_candidate) | Ref Docs/Work/Public Speaking/Images/Event Banners/Growth Secrets - Social media amplificaiton.jfif (30, artifact_candidate) | Ref Docs/Work/Public Speaking/Images/Event Banners/Growth Secrets - Social Media.jfif (30, artifact_candidate) | Ref Docs/Trust Signals/Client Logos/InEvent-squarelogo.png (26, artifact_candidate)",""
"rpm-0045","Social / Some Work","In-house vs outsource is a real split | YouTube is mainstream (still)","Landscape","google-drive","not_working_broken","broken","404","replace or hide public button","preserve manifest row; decide hide vs recreate","missing_artifact","Ref Docs/Trust Signals/Client Logos/social-media-today-logo.png","artifact_candidate","29",".png","30454","4223eedc500197b9095eff3391621f09cb231e266a4b0c7feaedd777eeff4962","","","assets/js/some_work_data.js","8747","text-url","https://drive.google.com/file/d/1MWpGVdpalQ3L3lsgEgXscGxV3wsRnaFL/view","https://drive.usercontent.google.com/download?id=1MWpGVdpalQ3L3lsgEgXscGxV3wsRnaFL&export=download","1MWpGVdpalQ3L3lsgEgXscGxV3wsRnaFL","No likely offline artifact found; keep the manifest record and decide whether to hide the public link or rebuild the resource.","Ref Docs/Trust Signals/Client Logos/social-media-today-logo.png (29, artifact_candidate) | Ref Docs/Work/Public Speaking/Images/Event Banners/Growth Secrets - Social media amplificaiton.jfif (29, artifact_candidate) | Ref Docs/Work/Public Speaking/Images/Event Banners/Growth Secrets - Social Media.jfif (29, artifact_candidate)",""
"rpm-0046","Social / Some Work","Meet the Team: Giovanni Buffa","Square","google-drive","not_working_broken","broken","404","replace or hide public button","preserve manifest row; decide hide vs recreate","missing_artifact","Ref Docs/Work/Public Speaking/Images/Staff/square-collage.jpg","artifact_candidate","32",".jpg","255253","27ed996fdda1b2c944ba749e93852e39d03325feb1fac478e5bc55bdcb9210df","","","assets/js/some_work_data.js","2589","text-url","https://drive.google.com/file/d/1NWTthH2TjKb-FPwUzljpLsX3nztzVgye/view?usp=sharing","https://drive.usercontent.google.com/download?id=1NWTthH2TjKb-FPwUzljpLsX3nztzVgye&export=download","1NWTthH2TjKb-FPwUzljpLsX3nztzVgye","No likely offline artifact found; keep the manifest record and decide whether to hide the public link or rebuild the resource.","Ref Docs/Work/Public Speaking/Images/Staff/square-collage.jpg (32, artifact_candidate) | Ref Docs/Trust Signals/Client Logos/social-media-today-logo.png (30, artifact_candidate) | Ref Docs/Work/Public Speaking/Images/Event Banners/Growth Secrets - Social media amplificaiton.jfif (30, artifact_candidate) | Ref Docs/Work/Public Speaking/Images/Event Banners/Growth Secrets - Social Media.jfif (30, artifact_candidate) | Ref Docs/Trust Signals/Client Logos/InEvent-squarelogo.png (26, artifact_candidate)",""
"rpm-0047","Social / Some Work","Klint Page | Klint Marketing","Landscape","google-drive","not_working_broken","broken","404","replace or hide public button","preserve manifest row; decide hide vs recreate","missing_artifact","Ref Docs/Work/Public Speaking/Images/Event Banners/Growth Secrets - Social media amplificaiton.jfif","artifact_candidate","36",".jfif","36003","7e12e68e3b070870ba4d9300f2bd5220b909eacf9131237c3f41ffc00c9fbd46","","","assets/js/some_work_data.js","8178","text-url","https://drive.google.com/file/d/1oCcjgTTadugcxEX9hWjQJsiKRKtSI15g/view?usp=sharing","https://drive.usercontent.google.com/download?id=1oCcjgTTadugcxEX9hWjQJsiKRKtSI15g&export=download","1oCcjgTTadugcxEX9hWjQJsiKRKtSI15g","No likely offline artifact found; keep the manifest record and decide whether to hide the public link or rebuild the resource.","Ref Docs/Work/Public Speaking/Images/Event Banners/Growth Secrets - Social media amplificaiton.jfif (36, artifact_candidate) | Ref Docs/Work/Public Speaking/Images/Event Banners/Growth Secrets - Social Media.jfif (36, artifact_candidate) | Ref Docs/Trust Signals/Client Logos/social-media-today-logo.png (30, artifact_candidate)",""
"rpm-0048","Social / Some Work","Meet Femke, Marketing Intern | Meet Coco, Marketing Intern","Landscape","google-drive","not_working_broken","broken","404","replace or hide public button","preserve manifest row; decide hide vs recreate","missing_artifact","Ref Docs/Trust Signals/Client Logos/social-media-today-logo.png","artifact_candidate","30",".png","30454","4223eedc500197b9095eff3391621f09cb231e266a4b0c7feaedd777eeff4962","","","assets/js/some_work_data.js","2461","text-url","https://drive.google.com/file/d/1OjlNqLmnXBrtRGyKigIYaYNY7DzWGkQN/view?usp=sharing","https://drive.usercontent.google.com/download?id=1OjlNqLmnXBrtRGyKigIYaYNY7DzWGkQN&export=download","1OjlNqLmnXBrtRGyKigIYaYNY7DzWGkQN","No likely offline artifact found; keep the manifest record and decide whether to hide the public link or rebuild the resource.","Ref Docs/Trust Signals/Client Logos/social-media-today-logo.png (30, artifact_candidate) | Ref Docs/Work/Public Speaking/Images/Event Banners/Growth Secrets - Social media amplificaiton.jfif (30, artifact_candidate) | Ref Docs/Work/Public Speaking/Images/Event Banners/Growth Secrets - Social Media.jfif (30, artifact_candidate)",""
"rpm-0049","Social / Some Work","Blogging fuels backlinks | Webinars pull strong attendance","Landscape","google-drive","not_working_broken","broken","404","replace or hide public button","preserve manifest row; decide hide vs recreate","missing_artifact","Ref Docs/Trust Signals/Client Logos/social-media-today-logo.png","artifact_candidate","29",".png","30454","4223eedc500197b9095eff3391621f09cb231e266a4b0c7feaedd777eeff4962","","","assets/js/some_work_data.js","8459","text-url","https://drive.google.com/file/d/1oOddcoh0-eKsiMJIDJCgZmC7MCxLOjXU/view","https://drive.usercontent.google.com/download?id=1oOddcoh0-eKsiMJIDJCgZmC7MCxLOjXU&export=download","1oOddcoh0-eKsiMJIDJCgZmC7MCxLOjXU","No likely offline artifact found; keep the manifest record and decide whether to hide the public link or rebuild the resource.","Ref Docs/Trust Signals/Client Logos/social-media-today-logo.png (29, artifact_candidate) | Ref Docs/Work/Public Speaking/Images/Event Banners/Growth Secrets - Social media amplificaiton.jfif (29, artifact_candidate) | Ref Docs/Work/Public Speaking/Images/Event Banners/Growth Secrets - Social Media.jfif (29, artifact_candidate)",""
"rpm-0050","Social / Some Work","Blogging fuels backlinks","Square","google-drive","not_working_broken","broken","404","replace or hide public button","preserve manifest row; decide hide vs recreate","missing_artifact","Ref Docs/Work/Public Speaking/Images/Staff/square-collage.jpg","artifact_candidate","32",".jpg","255253","27ed996fdda1b2c944ba749e93852e39d03325feb1fac478e5bc55bdcb9210df","","","assets/js/some_work_data.js","8467","text-url","https://drive.google.com/file/d/1oSIm6gdW0J_ZVBln5QJbzMEqPQNTgfRK/view","https://drive.usercontent.google.com/download?id=1oSIm6gdW0J_ZVBln5QJbzMEqPQNTgfRK&export=download","1oSIm6gdW0J_ZVBln5QJbzMEqPQNTgfRK","No likely offline artifact found; keep the manifest record and decide whether to hide the public link or rebuild the resource.","Ref Docs/Work/Public Speaking/Images/Staff/square-collage.jpg (32, artifact_candidate) | Ref Docs/Trust Signals/Client Logos/social-media-today-logo.png (30, artifact_candidate) | Ref Docs/Work/Public Speaking/Images/Event Banners/Growth Secrets - Social media amplificaiton.jfif (30, artifact_candidate) | Ref Docs/Work/Public Speaking/Images/Event Banners/Growth Secrets - Social Media.jfif (30, artifact_candidate) | Ref Docs/Trust Signals/Client Logos/InEvent-squarelogo.png (26, artifact_candidate)",""
"rpm-0051","Social / Some Work","Meet Raluca, Graphic Design Intern","Square","google-drive","not_working_broken","broken","404","replace or hide public button","preserve manifest row; decide hide vs recreate","missing_artifact","Ref Docs/Work/Public Speaking/Images/Staff/square-collage.jpg","artifact_candidate","32",".jpg","255253","27ed996fdda1b2c944ba749e93852e39d03325feb1fac478e5bc55bdcb9210df","","","assets/js/some_work_data.js","2320","text-url","https://drive.google.com/file/d/1oT7trGt2TgdCA2RVND7ZNZRCFh316Ig7/view?usp=sharing","https://drive.usercontent.google.com/download?id=1oT7trGt2TgdCA2RVND7ZNZRCFh316Ig7&export=download","1oT7trGt2TgdCA2RVND7ZNZRCFh316Ig7","No likely offline artifact found; keep the manifest record and decide whether to hide the public link or rebuild the resource.","Ref Docs/Work/Public Speaking/Images/Staff/square-collage.jpg (32, artifact_candidate) | Ref Docs/Trust Signals/Client Logos/social-media-today-logo.png (30, artifact_candidate) | Ref Docs/Work/Public Speaking/Images/Event Banners/Growth Secrets - Social media amplificaiton.jfif (30, artifact_candidate) | Ref Docs/Work/Public Speaking/Images/Event Banners/Growth Secrets - Social Media.jfif (30, artifact_candidate) | Ref Docs/Trust Signals/Client Logos/InEvent-squarelogo.png (26, artifact_candidate)",""
"rpm-0052","Social / Some Work","Marketing automation budgets are climbing","Square","google-drive","not_working_broken","broken","404","replace or hide public button","preserve manifest row; decide hide vs recreate","missing_artifact","Ref Docs/Work/Public Speaking/Images/Staff/square-collage.jpg","artifact_candidate","32",".jpg","255253","27ed996fdda1b2c944ba749e93852e39d03325feb1fac478e5bc55bdcb9210df","","","assets/js/some_work_data.js","8659","text-url","https://drive.google.com/file/d/1OUlUx7r2RY2K5ubaf9xNiIdJPVwPKUV7/view","https://drive.usercontent.google.com/download?id=1OUlUx7r2RY2K5ubaf9xNiIdJPVwPKUV7&export=download","1OUlUx7r2RY2K5ubaf9xNiIdJPVwPKUV7","No likely offline artifact found; keep the manifest record and decide whether to hide the public link or rebuild the resource.","Ref Docs/Work/Public Speaking/Images/Staff/square-collage.jpg (32, artifact_candidate) | Ref Docs/Trust Signals/Client Logos/social-media-today-logo.png (30, artifact_candidate) | Ref Docs/Work/Public Speaking/Images/Event Banners/Growth Secrets - Social media amplificaiton.jfif (30, artifact_candidate) | Ref Docs/Work/Public Speaking/Images/Event Banners/Growth Secrets - Social Media.jfif (30, artifact_candidate) | Ref Docs/Trust Signals/Client Logos/InEvent-squarelogo.png (26, artifact_candidate)",""
"rpm-0053","Social / Some Work","Meet Pavel, Video Production Intern | Meet Felix, Web Developer Intern","Landscape","google-drive","not_working_broken","broken","404","replace or hide public button","preserve manifest row; decide hide vs recreate","missing_artifact","Ref Docs/Trust Signals/Client Logos/social-media-today-logo.png","artifact_candidate","30",".png","30454","4223eedc500197b9095eff3391621f09cb231e266a4b0c7feaedd777eeff4962","","","assets/js/some_work_data.js","2374","text-url","https://drive.google.com/file/d/1p01vTt9e0HkjP0gxAbqsrei39qP2Vxz5/view?usp=sharing","https://drive.usercontent.google.com/download?id=1p01vTt9e0HkjP0gxAbqsrei39qP2Vxz5&export=download","1p01vTt9e0HkjP0gxAbqsrei39qP2Vxz5","No likely offline artifact found; keep the manifest record and decide whether to hide the public link or rebuild the resource.","Ref Docs/Trust Signals/Client Logos/social-media-today-logo.png (30, artifact_candidate) | Ref Docs/Work/Public Speaking/Images/Event Banners/Growth Secrets - Social media amplificaiton.jfif (30, artifact_candidate) | Ref Docs/Work/Public Speaking/Images/Event Banners/Growth Secrets - Social Media.jfif (30, artifact_candidate)",""
"rpm-0054","Social / Some Work","Paid social is the baseline now","Square","google-drive","not_working_broken","broken","404","replace or hide public button","preserve manifest row; decide hide vs recreate","missing_artifact","Ref Docs/Work/Public Speaking/Images/Staff/square-collage.jpg","artifact_candidate","32",".jpg","255253","27ed996fdda1b2c944ba749e93852e39d03325feb1fac478e5bc55bdcb9210df","","","assets/js/some_work_data.js","9202","text-url","https://drive.google.com/file/d/1p43NKMXVA652evycWRdIx2e-x1IdW8nI/view","https://drive.usercontent.google.com/download?id=1p43NKMXVA652evycWRdIx2e-x1IdW8nI&export=download","1p43NKMXVA652evycWRdIx2e-x1IdW8nI","No likely offline artifact found; keep the manifest record and decide whether to hide the public link or rebuild the resource.","Ref Docs/Work/Public Speaking/Images/Staff/square-collage.jpg (32, artifact_candidate) | Ref Docs/Trust Signals/Client Logos/social-media-today-logo.png (29, artifact_candidate) | Ref Docs/Work/Public Speaking/Images/Event Banners/Growth Secrets - Social media amplificaiton.jfif (29, artifact_candidate) | Ref Docs/Work/Public Speaking/Images/Event Banners/Growth Secrets - Social Media.jfif (29, artifact_candidate) | Ref Docs/Trust Signals/Client Logos/InEvent-squarelogo.png (26, artifact_candidate)",""
"rpm-0055","Social / Some Work","Meet the Team: Julia González | Meet the Team: Julia Gonz\u00e1lez","Square","google-drive","not_working_broken","broken","404","replace or hide public button","preserve manifest row; decide hide vs recreate","missing_artifact","Ref Docs/Work/Public Speaking/Images/Staff/square-collage.jpg","artifact_candidate","32",".jpg","255253","27ed996fdda1b2c944ba749e93852e39d03325feb1fac478e5bc55bdcb9210df","","","assets/js/some_work_data.js","2620","text-url","https://drive.google.com/file/d/1pqQFuIER-maWqQ5CXzKLXVvhn5M_f2Xa/view?usp=sharing","https://drive.usercontent.google.com/download?id=1pqQFuIER-maWqQ5CXzKLXVvhn5M_f2Xa&export=download","1pqQFuIER-maWqQ5CXzKLXVvhn5M_f2Xa","No likely offline artifact found; keep the manifest record and decide whether to hide the public link or rebuild the resource.","Ref Docs/Work/Public Speaking/Images/Staff/square-collage.jpg (32, artifact_candidate) | Ref Docs/Trust Signals/Client Logos/social-media-today-logo.png (30, artifact_candidate) | Ref Docs/Work/Public Speaking/Images/Event Banners/Growth Secrets - Social media amplificaiton.jfif (30, artifact_candidate) | Ref Docs/Work/Public Speaking/Images/Event Banners/Growth Secrets - Social Media.jfif (30, artifact_candidate) | Ref Docs/Trust Signals/Client Logos/InEvent-squarelogo.png (26, artifact_candidate)",""
"rpm-0056","Social / Some Work","LinkedIn audience is not one-size-fits-all","Square","google-drive","not_working_broken","broken","404","replace or hide public button","preserve manifest row; decide hide vs recreate","missing_artifact","Ref Docs/Work/Public Speaking/Images/Event Banners/Growth Secrets - Social media amplificaiton.jfif","artifact_candidate","35",".jfif","36003","7e12e68e3b070870ba4d9300f2bd5220b909eacf9131237c3f41ffc00c9fbd46","","","assets/js/some_work_data.js","8595","text-url","https://drive.google.com/file/d/1qgL03Imx12h7wsQStcvBGhqp7Ir6LYu1/view","https://drive.usercontent.google.com/download?id=1qgL03Imx12h7wsQStcvBGhqp7Ir6LYu1&export=download","1qgL03Imx12h7wsQStcvBGhqp7Ir6LYu1","No likely offline artifact found; keep the manifest record and decide whether to hide the public link or rebuild the resource.","Ref Docs/Work/Public Speaking/Images/Event Banners/Growth Secrets - Social media amplificaiton.jfif (35, artifact_candidate) | Ref Docs/Work/Public Speaking/Images/Event Banners/Growth Secrets - Social Media.jfif (35, artifact_candidate) | Ref Docs/Work/Public Speaking/Images/Staff/square-collage.jpg (32, artifact_candidate) | Ref Docs/Trust Signals/Client Logos/social-media-today-logo.png (29, artifact_candidate) | Ref Docs/Trust Signals/Client Logos/InEvent-squarelogo.png (26, artifact_candidate)",""
"rpm-0057","Social / Some Work","Webinars pull strong attendance | Visuals matter (a lot)","Landscape","google-drive","not_working_broken","broken","404","replace or hide public button","preserve manifest row; decide hide vs recreate","missing_artifact","Ref Docs/Trust Signals/Client Logos/social-media-today-logo.png","artifact_candidate","29",".png","30454","4223eedc500197b9095eff3391621f09cb231e266a4b0c7feaedd777eeff4962","","","assets/js/some_work_data.js","8427","text-url","https://drive.google.com/file/d/1QS_xFPDfU1yWOZE7H7wAcykybgkyMow7/view","https://drive.usercontent.google.com/download?id=1QS_xFPDfU1yWOZE7H7wAcykybgkyMow7&export=download","1QS_xFPDfU1yWOZE7H7wAcykybgkyMow7","No likely offline artifact found; keep the manifest record and decide whether to hide the public link or rebuild the resource.","Ref Docs/Trust Signals/Client Logos/social-media-today-logo.png (29, artifact_candidate) | Ref Docs/Work/Public Speaking/Images/Event Banners/Growth Secrets - Social media amplificaiton.jfif (29, artifact_candidate) | Ref Docs/Work/Public Speaking/Images/Event Banners/Growth Secrets - Social Media.jfif (29, artifact_candidate)",""
"rpm-0058","Social / Some Work","Meet Raluca, Graphic Design Intern | Meet Pavel, Marketing Intern","Landscape","google-drive","not_working_broken","broken","404","replace or hide public button","preserve manifest row; decide hide vs recreate","missing_artifact","Ref Docs/Trust Signals/Client Logos/social-media-today-logo.png","artifact_candidate","30",".png","30454","4223eedc500197b9095eff3391621f09cb231e266a4b0c7feaedd777eeff4962","","","assets/js/some_work_data.js","2312","text-url","https://drive.google.com/file/d/1QWJLgFNh3cESjjL1vzZn6CdULipFFW2Z/view?usp=sharing","https://drive.usercontent.google.com/download?id=1QWJLgFNh3cESjjL1vzZn6CdULipFFW2Z&export=download","1QWJLgFNh3cESjjL1vzZn6CdULipFFW2Z","No likely offline artifact found; keep the manifest record and decide whether to hide the public link or rebuild the resource.","Ref Docs/Trust Signals/Client Logos/social-media-today-logo.png (30, artifact_candidate) | Ref Docs/Work/Public Speaking/Images/Event Banners/Growth Secrets - Social media amplificaiton.jfif (30, artifact_candidate) | Ref Docs/Work/Public Speaking/Images/Event Banners/Growth Secrets - Social Media.jfif (30, artifact_candidate)",""
"rpm-0059","Social / Some Work","Meet Rayane, Web Developer Intern | Meet Pavel, Video Production Intern","Landscape","google-drive","not_working_broken","broken","404","replace or hide public button","preserve manifest row; decide hide vs recreate","missing_artifact","Ref Docs/Trust Signals/Client Logos/social-media-today-logo.png","artifact_candidate","30",".png","30454","4223eedc500197b9095eff3391621f09cb231e266a4b0c7feaedd777eeff4962","","","assets/js/some_work_data.js","2403","text-url","https://drive.google.com/file/d/1rbIEvgHPUmle0KHiKiU4nSyZ89L2IY8H/view?usp=sharing","https://drive.usercontent.google.com/download?id=1rbIEvgHPUmle0KHiKiU4nSyZ89L2IY8H&export=download","1rbIEvgHPUmle0KHiKiU4nSyZ89L2IY8H","No likely offline artifact found; keep the manifest record and decide whether to hide the public link or rebuild the resource.","Ref Docs/Trust Signals/Client Logos/social-media-today-logo.png (30, artifact_candidate) | Ref Docs/Work/Public Speaking/Images/Event Banners/Growth Secrets - Social media amplificaiton.jfif (30, artifact_candidate) | Ref Docs/Work/Public Speaking/Images/Event Banners/Growth Secrets - Social Media.jfif (30, artifact_candidate)",""
"rpm-0060","Social / Some Work","Facebook still reaches massive scale | Blogging fuels backlinks","Landscape","google-drive","not_working_broken","broken","404","replace or hide public button","preserve manifest row; decide hide vs recreate","missing_artifact","Ref Docs/Trust Signals/Client Logos/social-media-today-logo.png","artifact_candidate","29",".png","30454","4223eedc500197b9095eff3391621f09cb231e266a4b0c7feaedd777eeff4962","","","assets/js/some_work_data.js","8491","text-url","https://drive.google.com/file/d/1ryqRQRtgQlJd17BB4WxbgbsGOINAX0k6/view","https://drive.usercontent.google.com/download?id=1ryqRQRtgQlJd17BB4WxbgbsGOINAX0k6&export=download","1ryqRQRtgQlJd17BB4WxbgbsGOINAX0k6","No likely offline artifact found; keep the manifest record and decide whether to hide the public link or rebuild the resource.","Ref Docs/Trust Signals/Client Logos/social-media-today-logo.png (29, artifact_candidate) | Ref Docs/Work/Public Speaking/Images/Event Banners/Growth Secrets - Social media amplificaiton.jfif (29, artifact_candidate) | Ref Docs/Work/Public Speaking/Images/Event Banners/Growth Secrets - Social Media.jfif (29, artifact_candidate)",""
"rpm-0061","Social / Some Work","Make visuals part of the strategy","Square","google-drive","not_working_broken","broken","404","replace or hide public button","preserve manifest row; decide hide vs recreate","missing_artifact","Ref Docs/Work/Public Speaking/Images/Staff/square-collage.jpg","artifact_candidate","32",".jpg","255253","27ed996fdda1b2c944ba749e93852e39d03325feb1fac478e5bc55bdcb9210df","","","assets/js/some_work_data.js","9266","text-url","https://drive.google.com/file/d/1sbwkP1JwJiz0QBiKcqfQJxovmcgBPrgH/view","https://drive.usercontent.google.com/download?id=1sbwkP1JwJiz0QBiKcqfQJxovmcgBPrgH&export=download","1sbwkP1JwJiz0QBiKcqfQJxovmcgBPrgH","No likely offline artifact found; keep the manifest record and decide whether to hide the public link or rebuild the resource.","Ref Docs/Work/Public Speaking/Images/Staff/square-collage.jpg (32, artifact_candidate) | Ref Docs/Trust Signals/Client Logos/social-media-today-logo.png (30, artifact_candidate) | Ref Docs/Work/Public Speaking/Images/Event Banners/Growth Secrets - Social media amplificaiton.jfif (30, artifact_candidate) | Ref Docs/Work/Public Speaking/Images/Event Banners/Growth Secrets - Social Media.jfif (30, artifact_candidate) | Ref Docs/Trust Signals/Client Logos/InEvent-squarelogo.png (26, artifact_candidate)",""
"rpm-0062","Social / Some Work","Trust is a relationship, not a transaction","Square","google-drive","not_working_broken","broken","404","replace or hide public button","preserve manifest row; decide hide vs recreate","missing_artifact","Ref Docs/Trust Signals/Client Logos/social-media-today-logo.png","artifact_candidate","35",".png","30454","4223eedc500197b9095eff3391621f09cb231e266a4b0c7feaedd777eeff4962","","","assets/js/some_work_data.js","8212","text-url","https://drive.google.com/file/d/1SKebgpf51W1QZUD4QgVKeq8pQ2kxltIB/view","https://drive.usercontent.google.com/download?id=1SKebgpf51W1QZUD4QgVKeq8pQ2kxltIB&export=download","1SKebgpf51W1QZUD4QgVKeq8pQ2kxltIB","No likely offline artifact found; keep the manifest record and decide whether to hide the public link or rebuild the resource.","Ref Docs/Trust Signals/Client Logos/social-media-today-logo.png (35, artifact_candidate) | Ref Docs/Trust Signals/Client Logos/InEvent-squarelogo.png (32, artifact_candidate) | Ref Docs/Trust Signals/Client Logos/pinksquare.png (32, artifact_candidate) | Ref Docs/Work/Public Speaking/Images/Staff/square-collage.jpg (32, artifact_candidate) | Ref Docs/Work/Public Speaking/Images/Event Banners/Growth Secrets - Social media amplificaiton.jfif (30, artifact_candidate)",""
"rpm-0063","Social / Some Work","Video is a lead gen weapon | In-house vs outsource is a real split","Landscape","google-drive","not_working_broken","broken","404","replace or hide public button","preserve manifest row; decide hide vs recreate","missing_artifact","Ref Docs/Trust Signals/Client Logos/social-media-today-logo.png","artifact_candidate","29",".png","30454","4223eedc500197b9095eff3391621f09cb231e266a4b0c7feaedd777eeff4962","","","assets/js/some_work_data.js","8779","text-url","https://drive.google.com/file/d/1SlZxjuAD-pPMOaDdzGH54jaxaxqr0uVa/view","https://drive.usercontent.google.com/download?id=1SlZxjuAD-pPMOaDdzGH54jaxaxqr0uVa&export=download","1SlZxjuAD-pPMOaDdzGH54jaxaxqr0uVa","No likely offline artifact found; keep the manifest record and decide whether to hide the public link or rebuild the resource.","Ref Docs/Trust Signals/Client Logos/social-media-today-logo.png (29, artifact_candidate) | Ref Docs/Work/Public Speaking/Images/Event Banners/Growth Secrets - Social media amplificaiton.jfif (29, artifact_candidate) | Ref Docs/Work/Public Speaking/Images/Event Banners/Growth Secrets - Social Media.jfif (29, artifact_candidate)",""
"rpm-0064","Social / Some Work","Meet Ava, Marketing Intern","Square | Landscape","google-drive","not_working_broken","broken","404","replace or hide public button","preserve manifest row; decide hide vs recreate","missing_artifact","Ref Docs/Trust Signals/Client Logos/social-media-today-logo.png","artifact_candidate","30",".png","30454","4223eedc500197b9095eff3391621f09cb231e266a4b0c7feaedd777eeff4962","","","assets/js/some_work_data.js","2498","text-url","https://drive.google.com/file/d/1TFfjTu1Fjw15iGrEwT1ltPoIM0CM1H9J/view?usp=sharing","https://drive.usercontent.google.com/download?id=1TFfjTu1Fjw15iGrEwT1ltPoIM0CM1H9J&export=download","1TFfjTu1Fjw15iGrEwT1ltPoIM0CM1H9J","No likely offline artifact found; keep the manifest record and decide whether to hide the public link or rebuild the resource.","Ref Docs/Trust Signals/Client Logos/social-media-today-logo.png (30, artifact_candidate) | Ref Docs/Work/Public Speaking/Images/Event Banners/Growth Secrets - Social media amplificaiton.jfif (30, artifact_candidate) | Ref Docs/Work/Public Speaking/Images/Event Banners/Growth Secrets - Social Media.jfif (30, artifact_candidate)",""
"rpm-0065","Social / Some Work","Growth hacking campaigns that move the needle | Infuse your brand with purpose","Landscape","google-drive","not_working_broken","broken","404","replace or hide public button","preserve manifest row; decide hide vs recreate","missing_artifact","Ref Docs/Work/Public Speaking/Images/Event Banners/Growth Secrets - Social media amplificaiton.jfif","artifact_candidate","35",".jfif","36003","7e12e68e3b070870ba4d9300f2bd5220b909eacf9131237c3f41ffc00c9fbd46","","","assets/js/some_work_data.js","3046","text-url","https://drive.google.com/file/d/1tfWbg4eWy4AiNVHyxxfff4tTagRlQK_z/view?usp=sharing","https://drive.usercontent.google.com/download?id=1tfWbg4eWy4AiNVHyxxfff4tTagRlQK_z&export=download","1tfWbg4eWy4AiNVHyxxfff4tTagRlQK_z","No likely offline artifact found; keep the manifest record and decide whether to hide the public link or rebuild the resource.","Ref Docs/Work/Public Speaking/Images/Event Banners/Growth Secrets - Social media amplificaiton.jfif (35, artifact_candidate) | Ref Docs/Work/Public Speaking/Images/Event Banners/Growth Secrets - Social Media.jfif (35, artifact_candidate) | Ref Docs/Trust Signals/Client Logos/social-media-today-logo.png (29, artifact_candidate)",""
"rpm-0066","Social / Some Work","Meet Femke, Marketing Intern","Square | Landscape","google-drive","not_working_broken","broken","404","replace or hide public button","preserve manifest row; decide hide vs recreate","missing_artifact","Ref Docs/Trust Signals/Client Logos/social-media-today-logo.png","artifact_candidate","30",".png","30454","4223eedc500197b9095eff3391621f09cb231e266a4b0c7feaedd777eeff4962","","","assets/js/some_work_data.js","2469","text-url","https://drive.google.com/file/d/1tWaBnkuCLZJD0CQAARLSFKK3bUQscoBx/view?usp=sharing","https://drive.usercontent.google.com/download?id=1tWaBnkuCLZJD0CQAARLSFKK3bUQscoBx&export=download","1tWaBnkuCLZJD0CQAARLSFKK3bUQscoBx","No likely offline artifact found; keep the manifest record and decide whether to hide the public link or rebuild the resource.","Ref Docs/Trust Signals/Client Logos/social-media-today-logo.png (30, artifact_candidate) | Ref Docs/Work/Public Speaking/Images/Event Banners/Growth Secrets - Social media amplificaiton.jfif (30, artifact_candidate) | Ref Docs/Work/Public Speaking/Images/Event Banners/Growth Secrets - Social Media.jfif (30, artifact_candidate)",""
"rpm-0067","Social / Some Work","Online ad spend is eating the pie | Email marketing ROI is huge","Landscape","google-drive","not_working_broken","broken","404","replace or hide public button","preserve manifest row; decide hide vs recreate","missing_artifact","Ref Docs/Trust Signals/Client Logos/social-media-today-logo.png","artifact_candidate","29",".png","30454","4223eedc500197b9095eff3391621f09cb231e266a4b0c7feaedd777eeff4962","","","assets/js/some_work_data.js","8331","text-url","https://drive.google.com/file/d/1UFB98ktq5V8adTOwNXevyRm88mxKhUqf/view","https://drive.usercontent.google.com/download?id=1UFB98ktq5V8adTOwNXevyRm88mxKhUqf&export=download","1UFB98ktq5V8adTOwNXevyRm88mxKhUqf","No likely offline artifact found; keep the manifest record and decide whether to hide the public link or rebuild the resource.","Ref Docs/Trust Signals/Client Logos/social-media-today-logo.png (29, artifact_candidate) | Ref Docs/Work/Public Speaking/Images/Event Banners/Growth Secrets - Social media amplificaiton.jfif (29, artifact_candidate) | Ref Docs/Work/Public Speaking/Images/Event Banners/Growth Secrets - Social Media.jfif (29, artifact_candidate)",""
"rpm-0068","Social / Some Work","Meet Raluca, Graphic Design Intern","Vertical","google-drive","not_working_broken","broken","404","replace or hide public button","preserve manifest row; decide hide vs recreate","missing_artifact","Ref Docs/Trust Signals/Client Logos/social-media-today-logo.png","artifact_candidate","30",".png","30454","4223eedc500197b9095eff3391621f09cb231e266a4b0c7feaedd777eeff4962","","","assets/js/some_work_data.js","2324","text-url","https://drive.google.com/file/d/1UqqK6QTAecJgRCfx5S39Lgbg1_TpI90N/view?usp=sharing","https://drive.usercontent.google.com/download?id=1UqqK6QTAecJgRCfx5S39Lgbg1_TpI90N&export=download","1UqqK6QTAecJgRCfx5S39Lgbg1_TpI90N","No likely offline artifact found; keep the manifest record and decide whether to hide the public link or rebuild the resource.","Ref Docs/Trust Signals/Client Logos/social-media-today-logo.png (30, artifact_candidate) | Ref Docs/Work/Public Speaking/Images/Event Banners/Growth Secrets - Social media amplificaiton.jfif (30, artifact_candidate) | Ref Docs/Work/Public Speaking/Images/Event Banners/Growth Secrets - Social Media.jfif (30, artifact_candidate)",""
"rpm-0069","Social / Some Work","Twitter keeps growing | Instagram kept growing in Western Europe","Landscape","google-drive","not_working_broken","broken","404","replace or hide public button","preserve manifest row; decide hide vs recreate","missing_artifact","Ref Docs/Work/Public Speaking/Images/Event Banners/Growth Secrets - Social media amplificaiton.jfif","artifact_candidate","35",".jfif","36003","7e12e68e3b070870ba4d9300f2bd5220b909eacf9131237c3f41ffc00c9fbd46","","","assets/js/some_work_data.js","8555","text-url","https://drive.google.com/file/d/1vv7NQSGPtRvGi_-oTsOAsVkXrLJXwdtF/view","https://drive.usercontent.google.com/download?id=1vv7NQSGPtRvGi_-oTsOAsVkXrLJXwdtF&export=download","1vv7NQSGPtRvGi_-oTsOAsVkXrLJXwdtF","No likely offline artifact found; keep the manifest record and decide whether to hide the public link or rebuild the resource.","Ref Docs/Work/Public Speaking/Images/Event Banners/Growth Secrets - Social media amplificaiton.jfif (35, artifact_candidate) | Ref Docs/Work/Public Speaking/Images/Event Banners/Growth Secrets - Social Media.jfif (35, artifact_candidate) | Ref Docs/Trust Signals/Client Logos/social-media-today-logo.png (29, artifact_candidate)",""
"rpm-0070","Social / Some Work","Sustainable Marketing: Customer-Value Marketing","Landscape","google-drive","not_working_broken","broken","404","replace or hide public button","preserve manifest row; decide hide vs recreate","missing_artifact","Ref Docs/Trust Signals/Client Logos/social-media-today-logo.png","artifact_candidate","30",".png","30454","4223eedc500197b9095eff3391621f09cb231e266a4b0c7feaedd777eeff4962","","","assets/js/some_work_data.js","4117","text-url","https://drive.google.com/file/d/1WjryV-Wg7gaP2u_657tMdUsI22PQS_Q9/view","https://drive.usercontent.google.com/download?id=1WjryV-Wg7gaP2u_657tMdUsI22PQS_Q9&export=download","1WjryV-Wg7gaP2u_657tMdUsI22PQS_Q9","No likely offline artifact found; keep the manifest record and decide whether to hide the public link or rebuild the resource.","Ref Docs/Trust Signals/Client Logos/social-media-today-logo.png (30, artifact_candidate) | Ref Docs/Work/Public Speaking/Images/Event Banners/Growth Secrets - Social media amplificaiton.jfif (30, artifact_candidate) | Ref Docs/Work/Public Speaking/Images/Event Banners/Growth Secrets - Social Media.jfif (30, artifact_candidate)",""
"rpm-0071","Social / Some Work","Micro-influencers can outperform big names","Square","google-drive","not_working_broken","broken","404","replace or hide public button","preserve manifest row; decide hide vs recreate","missing_artifact","Ref Docs/Work/Public Speaking/Images/Staff/square-collage.jpg","artifact_candidate","32",".jpg","255253","27ed996fdda1b2c944ba749e93852e39d03325feb1fac478e5bc55bdcb9210df","","","assets/js/some_work_data.js","9362","text-url","https://drive.google.com/file/d/1YAHVK_fK7X20wC-azSXMyZCS0_LDD8ZJ/view","https://drive.usercontent.google.com/download?id=1YAHVK_fK7X20wC-azSXMyZCS0_LDD8ZJ&export=download","1YAHVK_fK7X20wC-azSXMyZCS0_LDD8ZJ","No likely offline artifact found; keep the manifest record and decide whether to hide the public link or rebuild the resource.","Ref Docs/Work/Public Speaking/Images/Staff/square-collage.jpg (32, artifact_candidate) | Ref Docs/Trust Signals/Client Logos/social-media-today-logo.png (29, artifact_candidate) | Ref Docs/Work/Public Speaking/Images/Event Banners/Growth Secrets - Social media amplificaiton.jfif (29, artifact_candidate) | Ref Docs/Work/Public Speaking/Images/Event Banners/Growth Secrets - Social Media.jfif (29, artifact_candidate) | Ref Docs/Trust Signals/Client Logos/InEvent-squarelogo.png (26, artifact_candidate)",""
"rpm-0072","Social / Some Work","Marketing automation budgets are climbing | Bad service loses customers fast","Landscape","google-drive","not_working_broken","broken","404","replace or hide public button","preserve manifest row; decide hide vs recreate","missing_artifact","Ref Docs/Trust Signals/Client Logos/social-media-today-logo.png","artifact_candidate","29",".png","30454","4223eedc500197b9095eff3391621f09cb231e266a4b0c7feaedd777eeff4962","","","assets/js/some_work_data.js","8651","text-url","https://drive.google.com/file/d/1YcdTsjCQRuI-teKElmCYv0L1RKMvqDp7/view","https://drive.usercontent.google.com/download?id=1YcdTsjCQRuI-teKElmCYv0L1RKMvqDp7&export=download","1YcdTsjCQRuI-teKElmCYv0L1RKMvqDp7","No likely offline artifact found; keep the manifest record and decide whether to hide the public link or rebuild the resource.","Ref Docs/Trust Signals/Client Logos/social-media-today-logo.png (29, artifact_candidate) | Ref Docs/Work/Public Speaking/Images/Event Banners/Growth Secrets - Social media amplificaiton.jfif (29, artifact_candidate) | Ref Docs/Work/Public Speaking/Images/Event Banners/Growth Secrets - Social Media.jfif (29, artifact_candidate)",""
"rpm-0073","Social / Some Work","Meet Ava, Marketing Intern | Meet Femke, Marketing Intern","Landscape","google-drive","not_working_broken","broken","404","replace or hide public button","preserve manifest row; decide hide vs recreate","missing_artifact","Ref Docs/Trust Signals/Client Logos/social-media-today-logo.png","artifact_candidate","30",".png","30454","4223eedc500197b9095eff3391621f09cb231e266a4b0c7feaedd777eeff4962","","","assets/js/some_work_data.js","2490","text-url","https://drive.google.com/file/d/1ypzzbi8ZyFcQxp9Bi7NT7cJS8TStZWZc/view?usp=sharing","https://drive.usercontent.google.com/download?id=1ypzzbi8ZyFcQxp9Bi7NT7cJS8TStZWZc&export=download","1ypzzbi8ZyFcQxp9Bi7NT7cJS8TStZWZc","No likely offline artifact found; keep the manifest record and decide whether to hide the public link or rebuild the resource.","Ref Docs/Trust Signals/Client Logos/social-media-today-logo.png (30, artifact_candidate) | Ref Docs/Work/Public Speaking/Images/Event Banners/Growth Secrets - Social media amplificaiton.jfif (30, artifact_candidate) | Ref Docs/Work/Public Speaking/Images/Event Banners/Growth Secrets - Social Media.jfif (30, artifact_candidate)",""
"rpm-0074","Social / Some Work","Meet Felix, Web Developer Intern","Square","google-drive","not_working_broken","broken","404","replace or hide public button","preserve manifest row; decide hide vs recreate","missing_artifact","Ref Docs/Work/Public Speaking/Images/Staff/square-collage.jpg","artifact_candidate","32",".jpg","255253","27ed996fdda1b2c944ba749e93852e39d03325feb1fac478e5bc55bdcb9210df","","","assets/js/some_work_data.js","2353","text-url","https://drive.google.com/file/d/1Yxr3tTQdP93FeyG6xxqlFYzpjiXP3fMc/view?usp=sharing","https://drive.usercontent.google.com/download?id=1Yxr3tTQdP93FeyG6xxqlFYzpjiXP3fMc&export=download","1Yxr3tTQdP93FeyG6xxqlFYzpjiXP3fMc","No likely offline artifact found; keep the manifest record and decide whether to hide the public link or rebuild the resource.","Ref Docs/Work/Public Speaking/Images/Staff/square-collage.jpg (32, artifact_candidate) | Ref Docs/Trust Signals/Client Logos/social-media-today-logo.png (30, artifact_candidate) | Ref Docs/Work/Public Speaking/Images/Event Banners/Growth Secrets - Social media amplificaiton.jfif (30, artifact_candidate) | Ref Docs/Work/Public Speaking/Images/Event Banners/Growth Secrets - Social Media.jfif (30, artifact_candidate) | Ref Docs/Trust Signals/Client Logos/InEvent-squarelogo.png (26, artifact_candidate)",""
"rpm-0075","Social / Some Work","Email marketing ROI is huge | Know your audience by platform","Landscape","google-drive","not_working_broken","broken","404","replace or hide public button","preserve manifest row; decide hide vs recreate","missing_artifact","Ref Docs/Trust Signals/Client Logos/social-media-today-logo.png","artifact_candidate","29",".png","30454","4223eedc500197b9095eff3391621f09cb231e266a4b0c7feaedd777eeff4962","","","assets/js/some_work_data.js","8299","text-url","https://drive.google.com/file/d/1yzO1EpKl0NG-9fyeFT2bQvr4oCecoobz/view","https://drive.usercontent.google.com/download?id=1yzO1EpKl0NG-9fyeFT2bQvr4oCecoobz&export=download","1yzO1EpKl0NG-9fyeFT2bQvr4oCecoobz","No likely offline artifact found; keep the manifest record and decide whether to hide the public link or rebuild the resource.","Ref Docs/Trust Signals/Client Logos/social-media-today-logo.png (29, artifact_candidate) | Ref Docs/Work/Public Speaking/Images/Event Banners/Growth Secrets - Social media amplificaiton.jfif (29, artifact_candidate) | Ref Docs/Work/Public Speaking/Images/Event Banners/Growth Secrets - Social Media.jfif (29, artifact_candidate)",""
"rpm-0076","Social / Some Work","Instagram kept growing in Western Europe","Square","google-drive","not_working_broken","broken","404","replace or hide public button","preserve manifest row; decide hide vs recreate","missing_artifact","Ref Docs/Work/Public Speaking/Images/Event Banners/Growth Secrets - Social media amplificaiton.jfif","artifact_candidate","35",".jfif","36003","7e12e68e3b070870ba4d9300f2bd5220b909eacf9131237c3f41ffc00c9fbd46","","","assets/js/some_work_data.js","8531","text-url","https://drive.google.com/file/d/1Z3A8dCycsEFhXVKNpY-1MQtuxdSisX-S/view","https://drive.usercontent.google.com/download?id=1Z3A8dCycsEFhXVKNpY-1MQtuxdSisX-S&export=download","1Z3A8dCycsEFhXVKNpY-1MQtuxdSisX-S","No likely offline artifact found; keep the manifest record and decide whether to hide the public link or rebuild the resource.","Ref Docs/Work/Public Speaking/Images/Event Banners/Growth Secrets - Social media amplificaiton.jfif (35, artifact_candidate) | Ref Docs/Work/Public Speaking/Images/Event Banners/Growth Secrets - Social Media.jfif (35, artifact_candidate) | Ref Docs/Work/Public Speaking/Images/Staff/square-collage.jpg (32, artifact_candidate) | Ref Docs/Trust Signals/Client Logos/social-media-today-logo.png (29, artifact_candidate) | Ref Docs/Trust Signals/Client Logos/InEvent-squarelogo.png (26, artifact_candidate)",""
"rpm-0077","Social / Some Work","Meet the Team: Giacomo Piccinini | Meet the Team: Taylor Ryan","Landscape","google-drive","not_working_broken","broken","404","replace or hide public button","preserve manifest row; decide hide vs recreate","missing_artifact","Ref Docs/Trust Signals/Client Logos/social-media-today-logo.png","artifact_candidate","30",".png","30454","4223eedc500197b9095eff3391621f09cb231e266a4b0c7feaedd777eeff4962","","","assets/js/some_work_data.js","2550","text-url","https://drive.google.com/file/d/1zS5NPw5sH91MqB5S7T8_FmJWG_alujRv/view?usp=sharing","https://drive.usercontent.google.com/download?id=1zS5NPw5sH91MqB5S7T8_FmJWG_alujRv&export=download","1zS5NPw5sH91MqB5S7T8_FmJWG_alujRv","No likely offline artifact found; keep the manifest record and decide whether to hide the public link or rebuild the resource.","Ref Docs/Trust Signals/Client Logos/social-media-today-logo.png (30, artifact_candidate) | Ref Docs/Work/Public Speaking/Images/Event Banners/Growth Secrets - Social media amplificaiton.jfif (30, artifact_candidate) | Ref Docs/Work/Public Speaking/Images/Event Banners/Growth Secrets - Social Media.jfif (30, artifact_candidate)",""
"rpm-0078","Social / Some Work","Visuals matter (a lot)","Square","google-drive","not_working_broken","broken","404","replace or hide public button","preserve manifest row; decide hide vs recreate","missing_artifact","Ref Docs/Work/Public Speaking/Images/Staff/square-collage.jpg","artifact_candidate","32",".jpg","255253","27ed996fdda1b2c944ba749e93852e39d03325feb1fac478e5bc55bdcb9210df","","","assets/js/some_work_data.js","8403","text-url","https://drive.google.com/file/d/1ZTaXpAuombxO2XPTp5VUTNxDKoGzcxDl/view","https://drive.usercontent.google.com/download?id=1ZTaXpAuombxO2XPTp5VUTNxDKoGzcxDl&export=download","1ZTaXpAuombxO2XPTp5VUTNxDKoGzcxDl","No likely offline artifact found; keep the manifest record and decide whether to hide the public link or rebuild the resource.","Ref Docs/Work/Public Speaking/Images/Staff/square-collage.jpg (32, artifact_candidate) | Ref Docs/Trust Signals/Client Logos/social-media-today-logo.png (30, artifact_candidate) | Ref Docs/Work/Public Speaking/Images/Event Banners/Growth Secrets - Social media amplificaiton.jfif (30, artifact_candidate) | Ref Docs/Work/Public Speaking/Images/Event Banners/Growth Secrets - Social Media.jfif (30, artifact_candidate) | Ref Docs/Trust Signals/Client Logos/InEvent-squarelogo.png (26, artifact_candidate)",""
"rpm-0079","Social / Some Work","Reduce friction, win better deals | Marketing automation budgets are climbing","Landscape","google-drive","not_working_broken","broken","404","replace or hide public button","preserve manifest row; decide hide vs recreate","missing_artifact","Ref Docs/Trust Signals/Client Logos/social-media-today-logo.png","artifact_candidate","29",".png","30454","4223eedc500197b9095eff3391621f09cb231e266a4b0c7feaedd777eeff4962","","","assets/js/some_work_data.js","8683","text-url","https://drive.google.com/file/d/1ZZhe__MmhUEdEtNg2DAdvfkxAAgxRcc1/view","https://drive.usercontent.google.com/download?id=1ZZhe__MmhUEdEtNg2DAdvfkxAAgxRcc1&export=download","1ZZhe__MmhUEdEtNg2DAdvfkxAAgxRcc1","No likely offline artifact found; keep the manifest record and decide whether to hide the public link or rebuild the resource.","Ref Docs/Trust Signals/Client Logos/social-media-today-logo.png (29, artifact_candidate) | Ref Docs/Work/Public Speaking/Images/Event Banners/Growth Secrets - Social media amplificaiton.jfif (29, artifact_candidate) | Ref Docs/Work/Public Speaking/Images/Event Banners/Growth Secrets - Social Media.jfif (29, artifact_candidate)",""
"rpm-0080","Marketing Resources","Logo Enrichment Resources [Sheet] | Clients - Ocean [Sheet]","text-url","google-sheet","not_working_broken","broken","410","replace or hide public button","review local artifact, then replace or re-share","matched_artifact","Ref Docs/Work/Marketing/Case Study Creation/Case Study Creation Resources.xlsx","artifact_candidate","100",".xlsx","10699","75bc47a920f98f220f2f599c181e7fdb9a8b4d30eea1a5c57b49c9346781487d","","Case Study Creation Resources","assets/js/marketing_full_data.js","4339","text-url","https://docs.google.com/spreadsheets/d/1pV3K-KvATaj4qWdytYDc81T0mD_1boFiVy3SYueDCng/edit?usp=drive_link","https://docs.google.com/spreadsheets/d/1pV3K-KvATaj4qWdytYDc81T0mD_1boFiVy3SYueDCng/export?format=csv","1pV3K-KvATaj4qWdytYDc81T0mD_1boFiVy3SYueDCng","Use the local artifact as the replacement source after manual approval.","Ref Docs/Work/Marketing/Case Study Creation/Case Study Creation Resources.xlsx (100, artifact_candidate) | Ref Docs/Work/Marketing/Case Study Creation/Klint Case Studies.xlsx (36, artifact_candidate) | Ref Docs/Work/Marketing/Testimonial Creation/All Testimonial Creation Resources.xlsx (24, artifact_candidate)",""
"rpm-0081","Email Outreach","NG Investor Email Outreach [Doc] | Outreach - Linkedin Investor Message Examples [Doc]","text-url","google-doc","not_public_auth_required","auth_required","401","re-share from an accessible account, replace, or hide","preserve source index; recover/export actual artifact","source_index_only","Ref Docs/Work/Marketing/Email Outreach/All Email Outreach Resources - TaylorRyanPortfolio (1).xlsx","source_index_candidate","100",".xlsx","23304","6cc773c16051587bc5dece298a9bca4cae9f77ffb7dd11d29bb805004579bad8","","All Email Outreach Resources - TaylorRyanPortfolio | All Email Outreach Resources - TaylorRyanPortfolio (1).xlsx","assets/js/email_outreach_data.js","716","text-url","https://docs.google.com/document/d/1-utUZE4WCQpyLMJh-eMAnIDxWvP1LTRsKGqtvZum8bc/","https://docs.google.com/document/d/1-utUZE4WCQpyLMJh-eMAnIDxWvP1LTRsKGqtvZum8bc/export?format=txt","1-utUZE4WCQpyLMJh-eMAnIDxWvP1LTRsKGqtvZum8bc","The local file preserves the row/source list, not necessarily the artifact content; recover or recreate before deleting.","Ref Docs/Work/Marketing/Email Outreach/All Email Outreach Resources - TaylorRyanPortfolio (1).xlsx (100, source_index_candidate)","Local source/index file exists, but the actual artifact still needs recovery or export."
"rpm-0082","Email Outreach","V3Inf. Messaging + Followups - Linkedin [Doc] | Response Management","text-url","google-doc","not_public_auth_required","auth_required","401","re-share from an accessible account, replace, or hide","preserve source index; recover/export actual artifact","source_index_only","Ref Docs/Work/Marketing/Email Outreach/Email Outreach Templates.xlsx","source_index_candidate","70",".xlsx","15569","df950e97de6e2d3eb1b0777ab49bfcc1a21fefcbf68a968dbc26431c65dcf07c","","Internal Resources - Content Creator Program | Email Outreach Templates.xlsx","assets/js/email_outreach_data.js","1216","text-url","https://docs.google.com/document/d/11MZf1XXP8DTUkJjRgwgqTDuUxvjX62Z5R_DZUw2eUsk","https://docs.google.com/document/d/11MZf1XXP8DTUkJjRgwgqTDuUxvjX62Z5R_DZUw2eUsk/export?format=txt","11MZf1XXP8DTUkJjRgwgqTDuUxvjX62Z5R_DZUw2eUsk","The local file preserves the row/source list, not necessarily the artifact content; recover or recreate before deleting.","Ref Docs/Work/Marketing/Email Outreach/Email Outreach Templates.xlsx (70, source_index_candidate) | Ref Docs/Work/Marketing/Content Creator Program/Internal Resources - Content Creator Program.xlsx (60, source_index_candidate)","Local source/index file exists, but the actual artifact still needs recovery or export."
"rpm-0083","Email Outreach","Prompt - Industry and Career Targeting Options [Doc] | Targeting - Strategy","text-url","google-doc","not_public_auth_required","auth_required","401","re-share from an accessible account, replace, or hide","preserve source index; recover/export actual artifact","source_index_only","Ref Docs/Work/Marketing/Email Outreach/All Email Outreach Resources - TaylorRyanPortfolio (1).xlsx","source_index_candidate","100",".xlsx","23304","6cc773c16051587bc5dece298a9bca4cae9f77ffb7dd11d29bb805004579bad8","","All Email Outreach Resources - TaylorRyanPortfolio | All Email Outreach Resources - TaylorRyanPortfolio (1).xlsx","assets/js/email_outreach_data.js","116","text-url","https://docs.google.com/document/d/13vIP8luVaRq8KKqMCIDp6YAaHQp1VKFmKCbVnZ-dCiU/","https://docs.google.com/document/d/13vIP8luVaRq8KKqMCIDp6YAaHQp1VKFmKCbVnZ-dCiU/export?format=txt","13vIP8luVaRq8KKqMCIDp6YAaHQp1VKFmKCbVnZ-dCiU","The local file preserves the row/source list, not necessarily the artifact content; recover or recreate before deleting.","Ref Docs/Work/Marketing/Email Outreach/All Email Outreach Resources - TaylorRyanPortfolio (1).xlsx (100, source_index_candidate)","Local source/index file exists, but the actual artifact still needs recovery or export."
"rpm-0084","Email Outreach","Customer Response Templates [Doc] | Sequenced Outreach Automation","text-url","google-doc","not_public_auth_required","auth_required","401","re-share from an accessible account, replace, or hide","preserve source index; recover/export actual artifact","source_index_only","Ref Docs/Work/Marketing/Email Outreach/All Email Outreach Resources - TaylorRyanPortfolio (1).xlsx","source_index_candidate","100",".xlsx","23304","6cc773c16051587bc5dece298a9bca4cae9f77ffb7dd11d29bb805004579bad8","","All Email Outreach Resources - TaylorRyanPortfolio | All Email Outreach Resources - TaylorRyanPortfolio (1).xlsx","assets/js/email_outreach_data.js","796","text-url","https://docs.google.com/document/d/14Iry_h2iGi_9l2Wyff4yCxFSYixDRoB-7VFqVibtsSk/","https://docs.google.com/document/d/14Iry_h2iGi_9l2Wyff4yCxFSYixDRoB-7VFqVibtsSk/export?format=txt","14Iry_h2iGi_9l2Wyff4yCxFSYixDRoB-7VFqVibtsSk","The local file preserves the row/source list, not necessarily the artifact content; recover or recreate before deleting.","Ref Docs/Work/Marketing/Email Outreach/All Email Outreach Resources - TaylorRyanPortfolio (1).xlsx (100, source_index_candidate)","Local source/index file exists, but the actual artifact still needs recovery or export."
"rpm-0085","Email Outreach","OETemplate - BAD Outbound Playful - Templates [Doc] | OETemplate - Directional Angle - API Automation - Rev Platforms - Email Outreach [Doc]","text-url","google-doc","not_public_auth_required","auth_required","401","re-share from an accessible account, replace, or hide","preserve source index; recover/export actual artifact","source_index_only","Ref Docs/Work/Marketing/Email Outreach/All Email Outreach Resources - TaylorRyanPortfolio (1).xlsx","source_index_candidate","100",".xlsx","23304","6cc773c16051587bc5dece298a9bca4cae9f77ffb7dd11d29bb805004579bad8","","All Email Outreach Resources - TaylorRyanPortfolio | All Email Outreach Resources - TaylorRyanPortfolio (1).xlsx","assets/js/email_outreach_data.js","516","text-url","https://docs.google.com/document/d/17MT66SZouTG83eAi2QfYD_wKytGzev--I2i8I6ebfz0/","https://docs.google.com/document/d/17MT66SZouTG83eAi2QfYD_wKytGzev--I2i8I6ebfz0/export?format=txt","17MT66SZouTG83eAi2QfYD_wKytGzev--I2i8I6ebfz0","The local file preserves the row/source list, not necessarily the artifact content; recover or recreate before deleting.","Ref Docs/Work/Marketing/Email Outreach/All Email Outreach Resources - TaylorRyanPortfolio (1).xlsx (100, source_index_candidate)","Local source/index file exists, but the actual artifact still needs recovery or export."
"rpm-0086","Email Outreach","Prompt - Job Title Targeting [Doc] | Prompt - Enrich Raw List [Doc]","text-url","google-doc","not_public_auth_required","auth_required","401","re-share from an accessible account, replace, or hide","preserve source index; recover/export actual artifact","source_index_only","Ref Docs/Work/Marketing/Email Outreach/All Email Outreach Resources - TaylorRyanPortfolio (1).xlsx","source_index_candidate","100",".xlsx","23304","6cc773c16051587bc5dece298a9bca4cae9f77ffb7dd11d29bb805004579bad8","","All Email Outreach Resources - TaylorRyanPortfolio | All Email Outreach Resources - TaylorRyanPortfolio (1).xlsx","assets/js/email_outreach_data.js","196","text-url","https://docs.google.com/document/d/1AQ9piBjdRQ2coKtmUMgWb6IDrNqm-VroLezgznP6THs/","https://docs.google.com/document/d/1AQ9piBjdRQ2coKtmUMgWb6IDrNqm-VroLezgznP6THs/export?format=txt","1AQ9piBjdRQ2coKtmUMgWb6IDrNqm-VroLezgznP6THs","The local file preserves the row/source list, not necessarily the artifact content; recover or recreate before deleting.","Ref Docs/Work/Marketing/Email Outreach/All Email Outreach Resources - TaylorRyanPortfolio (1).xlsx (100, source_index_candidate)","Local source/index file exists, but the actual artifact still needs recovery or export."
"rpm-0087","Email Outreach","OETemplate - V2“Dry” Email Outreach Campaign [Doc] | OETemplate - Outreach - No Code + Automation Saas Tools - Inquiry [Doc]","text-url","google-doc","not_public_auth_required","auth_required","401","re-share from an accessible account, replace, or hide","preserve source index; recover/export actual artifact","source_index_only","Ref Docs/Work/Marketing/Email Outreach/All Email Outreach Resources - TaylorRyanPortfolio (1).xlsx","source_index_candidate","100",".xlsx","23304","6cc773c16051587bc5dece298a9bca4cae9f77ffb7dd11d29bb805004579bad8","","All Email Outreach Resources - TaylorRyanPortfolio | All Email Outreach Resources - TaylorRyanPortfolio (1).xlsx","assets/js/email_outreach_data.js","506","text-url","https://docs.google.com/document/d/1BhYSl9BQ-9Bn6r4EIZuz82PQQmQbTZ5K2a_XX96vXaM/","https://docs.google.com/document/d/1BhYSl9BQ-9Bn6r4EIZuz82PQQmQbTZ5K2a_XX96vXaM/export?format=txt","1BhYSl9BQ-9Bn6r4EIZuz82PQQmQbTZ5K2a_XX96vXaM","The local file preserves the row/source list, not necessarily the artifact content; recover or recreate before deleting.","Ref Docs/Work/Marketing/Email Outreach/All Email Outreach Resources - TaylorRyanPortfolio (1).xlsx (100, source_index_candidate)","Local source/index file exists, but the actual artifact still needs recovery or export."
"rpm-0088","Email Outreach","Example - Investor Outreach - V3SuperfundingAi [Doc] | Investor Outreach - Examples","text-url","google-doc","not_public_auth_required","auth_required","401","re-share from an accessible account, replace, or hide","preserve source index; recover/export actual artifact","source_index_only","Ref Docs/Work/Marketing/Email Outreach/All Email Outreach Resources - TaylorRyanPortfolio (1).xlsx","source_index_candidate","100",".xlsx","23304","6cc773c16051587bc5dece298a9bca4cae9f77ffb7dd11d29bb805004579bad8","","All Email Outreach Resources - TaylorRyanPortfolio | All Email Outreach Resources - TaylorRyanPortfolio (1).xlsx","assets/js/email_outreach_data.js","726","text-url","https://docs.google.com/document/d/1c4Bn-zg6HqlbD47qL4n9y8DEYZvp0oDk5hCPkFkpyzg/","https://docs.google.com/document/d/1c4Bn-zg6HqlbD47qL4n9y8DEYZvp0oDk5hCPkFkpyzg/export?format=txt","1c4Bn-zg6HqlbD47qL4n9y8DEYZvp0oDk5hCPkFkpyzg","The local file preserves the row/source list, not necessarily the artifact content; recover or recreate before deleting.","Ref Docs/Work/Marketing/Email Outreach/All Email Outreach Resources - TaylorRyanPortfolio (1).xlsx (100, source_index_candidate)","Local source/index file exists, but the actual artifact still needs recovery or export."
"rpm-0089","Email Outreach","Exmaples - Simple Investor Emails (Outreach) [Doc] | Prompt - Create Investor Outreach Message Templates [Doc]","text-url","google-doc","not_public_auth_required","auth_required","401","re-share from an accessible account, replace, or hide","preserve source index; recover/export actual artifact","source_index_only","Ref Docs/Work/Marketing/Email Outreach/All Email Outreach Resources - TaylorRyanPortfolio (1).xlsx","source_index_candidate","100",".xlsx","23304","6cc773c16051587bc5dece298a9bca4cae9f77ffb7dd11d29bb805004579bad8","","All Email Outreach Resources - TaylorRyanPortfolio | All Email Outreach Resources - TaylorRyanPortfolio (1).xlsx","assets/js/email_outreach_data.js","706","text-url","https://docs.google.com/document/d/1cqMPdxpUVkpxz6ozsrMMQmA0FSYpRMyY4-omFdr4o00","https://docs.google.com/document/d/1cqMPdxpUVkpxz6ozsrMMQmA0FSYpRMyY4-omFdr4o00/export?format=txt","1cqMPdxpUVkpxz6ozsrMMQmA0FSYpRMyY4-omFdr4o00","The local file preserves the row/source list, not necessarily the artifact content; recover or recreate before deleting.","Ref Docs/Work/Marketing/Email Outreach/All Email Outreach Resources - TaylorRyanPortfolio (1).xlsx (100, source_index_candidate)","Local source/index file exists, but the actual artifact still needs recovery or export."
"rpm-0090","Email Outreach","Funding Response Templates [Doc] | Example - Investor Outreach - V3SuperfundingAi [Doc]","text-url","google-doc","not_public_auth_required","auth_required","401","re-share from an accessible account, replace, or hide","preserve source index; recover/export actual artifact","source_index_only","Ref Docs/Work/Marketing/Email Outreach/All Email Outreach Resources - TaylorRyanPortfolio (1).xlsx","source_index_candidate","100",".xlsx","23304","6cc773c16051587bc5dece298a9bca4cae9f77ffb7dd11d29bb805004579bad8","","All Email Outreach Resources - TaylorRyanPortfolio | All Email Outreach Resources - TaylorRyanPortfolio (1).xlsx","assets/js/email_outreach_data.js","756","text-url","https://docs.google.com/document/d/1D2dmMd-CBXUtpRFxLI_oENf9wR6XdezJdDWI2xNxgBk/edit?usp=drive_link","https://docs.google.com/document/d/1D2dmMd-CBXUtpRFxLI_oENf9wR6XdezJdDWI2xNxgBk/export?format=txt","1D2dmMd-CBXUtpRFxLI_oENf9wR6XdezJdDWI2xNxgBk","The local file preserves the row/source list, not necessarily the artifact content; recover or recreate before deleting.","Ref Docs/Work/Marketing/Email Outreach/All Email Outreach Resources - TaylorRyanPortfolio (1).xlsx (100, source_index_candidate)","Local source/index file exists, but the actual artifact still needs recovery or export."
"rpm-0091","Email Outreach","Prompt - Linkedin Outreach + Angles [Doc] | Outreach Angles and Tactics [Sheet]","text-url","google-doc","not_public_auth_required","auth_required","401","re-share from an accessible account, replace, or hide","preserve source index; recover/export actual artifact","source_index_only","Ref Docs/Work/Marketing/Email Outreach/All Email Outreach Resources - TaylorRyanPortfolio (1).xlsx","source_index_candidate","100",".xlsx","23304","6cc773c16051587bc5dece298a9bca4cae9f77ffb7dd11d29bb805004579bad8","","All Email Outreach Resources - TaylorRyanPortfolio | All Email Outreach Resources - TaylorRyanPortfolio (1).xlsx","assets/js/email_outreach_data.js","416","text-url","https://docs.google.com/document/d/1Eh6zBt6_-wtVulkUGO_HDKrtmCvo2nGiE45YjrQyIh0/","https://docs.google.com/document/d/1Eh6zBt6_-wtVulkUGO_HDKrtmCvo2nGiE45YjrQyIh0/export?format=txt","1Eh6zBt6_-wtVulkUGO_HDKrtmCvo2nGiE45YjrQyIh0","The local file preserves the row/source list, not necessarily the artifact content; recover or recreate before deleting.","Ref Docs/Work/Marketing/Email Outreach/All Email Outreach Resources - TaylorRyanPortfolio (1).xlsx (100, source_index_candidate)","Local source/index file exists, but the actual artifact still needs recovery or export."
"rpm-0092","Email Outreach","Prompt - Outreach Messaging + Angles - TaylorRyanPortfolio [Doc] | Merge Fields - Outlined [Sheet]","text-url","google-doc","not_public_auth_required","auth_required","401","re-share from an accessible account, replace, or hide","preserve source index; recover/export actual artifact","source_index_only","Ref Docs/Work/Marketing/Email Outreach/All Email Outreach Resources - TaylorRyanPortfolio (1).xlsx","source_index_candidate","100",".xlsx","23304","6cc773c16051587bc5dece298a9bca4cae9f77ffb7dd11d29bb805004579bad8","","All Email Outreach Resources - TaylorRyanPortfolio | All Email Outreach Resources - TaylorRyanPortfolio (1).xlsx","assets/js/email_outreach_data.js","406","text-url","https://docs.google.com/document/d/1ESg6eiCJbX6l9Nh0gQJhPo0tIEpAN_F9E6Qtb_gR0Ws/","https://docs.google.com/document/d/1ESg6eiCJbX6l9Nh0gQJhPo0tIEpAN_F9E6Qtb_gR0Ws/export?format=txt","1ESg6eiCJbX6l9Nh0gQJhPo0tIEpAN_F9E6Qtb_gR0Ws","The local file preserves the row/source list, not necessarily the artifact content; recover or recreate before deleting.","Ref Docs/Work/Marketing/Email Outreach/All Email Outreach Resources - TaylorRyanPortfolio (1).xlsx (100, source_index_candidate)","Local source/index file exists, but the actual artifact still needs recovery or export."
"rpm-0093","Email Outreach","OETemplate - “Dry” Email Outreach Campaign | OETemplate - Job Openings - Wild Card - Outreach Template [Doc]","text-url","google-doc","not_public_auth_required","auth_required","401","re-share from an accessible account, replace, or hide","preserve source index; recover/export actual artifact","source_index_only","Ref Docs/Work/Marketing/Email Outreach/All Email Outreach Resources - TaylorRyanPortfolio (1).xlsx","source_index_candidate","100",".xlsx","23304","6cc773c16051587bc5dece298a9bca4cae9f77ffb7dd11d29bb805004579bad8","","All Email Outreach Resources - TaylorRyanPortfolio | All Email Outreach Resources - TaylorRyanPortfolio (1).xlsx","assets/js/email_outreach_data.js","496","text-url","https://docs.google.com/document/d/1fJ9mdeCmxPi11iB1_IYfCIfRdHB6A1rXyYHQezD-u3o/","https://docs.google.com/document/d/1fJ9mdeCmxPi11iB1_IYfCIfRdHB6A1rXyYHQezD-u3o/export?format=txt","1fJ9mdeCmxPi11iB1_IYfCIfRdHB6A1rXyYHQezD-u3o","The local file preserves the row/source list, not necessarily the artifact content; recover or recreate before deleting.","Ref Docs/Work/Marketing/Email Outreach/All Email Outreach Resources - TaylorRyanPortfolio (1).xlsx (100, source_index_candidate)","Local source/index file exists, but the actual artifact still needs recovery or export."
"rpm-0094","Email Outreach","Managing Responses with Subsequences in Smartlead - Brief [Doc] | Email Outreach Tools [Sheet]","text-url","google-doc","not_public_auth_required","auth_required","401","re-share from an accessible account, replace, or hide","preserve source index; recover/export actual artifact","source_index_only","Ref Docs/Work/Marketing/Email Outreach/All Email Outreach Resources - TaylorRyanPortfolio (1).xlsx","source_index_candidate","100",".xlsx","23304","6cc773c16051587bc5dece298a9bca4cae9f77ffb7dd11d29bb805004579bad8","","All Email Outreach Resources - TaylorRyanPortfolio | All Email Outreach Resources - TaylorRyanPortfolio (1).xlsx","assets/js/email_outreach_data.js","806","text-url","https://docs.google.com/document/d/1g-sqsyflNhvDTvy1ZCS7NzqgINffGlZ0IE9xx6FfEis/","https://docs.google.com/document/d/1g-sqsyflNhvDTvy1ZCS7NzqgINffGlZ0IE9xx6FfEis/export?format=txt","1g-sqsyflNhvDTvy1ZCS7NzqgINffGlZ0IE9xx6FfEis","The local file preserves the row/source list, not necessarily the artifact content; recover or recreate before deleting.","Ref Docs/Work/Marketing/Email Outreach/All Email Outreach Resources - TaylorRyanPortfolio (1).xlsx (100, source_index_candidate)","Local source/index file exists, but the actual artifact still needs recovery or export."
"rpm-0095","Email Outreach","OETemplate - SDR Outreach 1 - Phone  Number Campaigns - Taylor [Doc] | OETemplates - Growth Secrets - Marketing Course - Playful outreach Templates","text-url","google-doc","not_public_auth_required","auth_required","401","re-share from an accessible account, replace, or hide","preserve source index; recover/export actual artifact","source_index_only","Ref Docs/Work/Marketing/Email Outreach/All Email Outreach Resources - TaylorRyanPortfolio (1).xlsx","source_index_candidate","100",".xlsx","23304","6cc773c16051587bc5dece298a9bca4cae9f77ffb7dd11d29bb805004579bad8","","All Email Outreach Resources - TaylorRyanPortfolio | All Email Outreach Resources - TaylorRyanPortfolio (1).xlsx","assets/js/email_outreach_data.js","556","text-url","https://docs.google.com/document/d/1IBRIIGffUHXNwzjr0L0cCYiwQJ5wXli80MxyrI7Ii_U/","https://docs.google.com/document/d/1IBRIIGffUHXNwzjr0L0cCYiwQJ5wXli80MxyrI7Ii_U/export?format=txt","1IBRIIGffUHXNwzjr0L0cCYiwQJ5wXli80MxyrI7Ii_U","The local file preserves the row/source list, not necessarily the artifact content; recover or recreate before deleting.","Ref Docs/Work/Marketing/Email Outreach/All Email Outreach Resources - TaylorRyanPortfolio (1).xlsx (100, source_index_candidate)","Local source/index file exists, but the actual artifact still needs recovery or export."
"rpm-0096","Email Outreach","Prompt - Enrich Raw List [Doc] | Targeting - Companies","text-url","google-doc","not_public_auth_required","auth_required","401","re-share from an accessible account, replace, or hide","preserve source index; recover/export actual artifact","source_index_only","Ref Docs/Work/Marketing/Email Outreach/All Email Outreach Resources - TaylorRyanPortfolio (1).xlsx","source_index_candidate","100",".xlsx","23304","6cc773c16051587bc5dece298a9bca4cae9f77ffb7dd11d29bb805004579bad8","","All Email Outreach Resources - TaylorRyanPortfolio | All Email Outreach Resources - TaylorRyanPortfolio (1).xlsx","assets/js/email_outreach_data.js","166","text-url","https://docs.google.com/document/d/1iEjVxSpCt9vd4JzqO4Dm2uxiqVkpF8_3845GiM0_bhY","https://docs.google.com/document/d/1iEjVxSpCt9vd4JzqO4Dm2uxiqVkpF8_3845GiM0_bhY/export?format=txt","1iEjVxSpCt9vd4JzqO4Dm2uxiqVkpF8_3845GiM0_bhY","The local file preserves the row/source list, not necessarily the artifact content; recover or recreate before deleting.","Ref Docs/Work/Marketing/Email Outreach/All Email Outreach Resources - TaylorRyanPortfolio (1).xlsx (100, source_index_candidate)","Local source/index file exists, but the actual artifact still needs recovery or export."
"rpm-0097","Email Outreach","Prompt - Email Sequence - Replace a New Hire - TaylorRyanPortfolio [Doc] | V1Outreach Angles [Sheet]","text-url","google-doc","not_public_auth_required","auth_required","401","re-share from an accessible account, replace, or hide","preserve source index; recover/export actual artifact","source_index_only","Ref Docs/Work/Marketing/Email Outreach/All Email Outreach Resources - TaylorRyanPortfolio (1).xlsx","source_index_candidate","100",".xlsx","23304","6cc773c16051587bc5dece298a9bca4cae9f77ffb7dd11d29bb805004579bad8","","All Email Outreach Resources - TaylorRyanPortfolio | All Email Outreach Resources - TaylorRyanPortfolio (1).xlsx","assets/js/email_outreach_data.js","426","text-url","https://docs.google.com/document/d/1J9nBPS57tRLTBvWm_GDALlK30MU20w54Scmfp_nucwc/","https://docs.google.com/document/d/1J9nBPS57tRLTBvWm_GDALlK30MU20w54Scmfp_nucwc/export?format=txt","1J9nBPS57tRLTBvWm_GDALlK30MU20w54Scmfp_nucwc","The local file preserves the row/source list, not necessarily the artifact content; recover or recreate before deleting.","Ref Docs/Work/Marketing/Email Outreach/All Email Outreach Resources - TaylorRyanPortfolio (1).xlsx (100, source_index_candidate)","Local source/index file exists, but the actual artifact still needs recovery or export."
"rpm-0098","Email Outreach","Outreach - Linkedin Investor Message Examples [Doc] | Investor Outreach - Prompts","text-url","google-doc","not_public_auth_required","auth_required","401","re-share from an accessible account, replace, or hide","preserve source index; recover/export actual artifact","source_index_only","Ref Docs/Work/Marketing/Email Outreach/All Email Outreach Resources - TaylorRyanPortfolio (1).xlsx","source_index_candidate","100",".xlsx","23304","6cc773c16051587bc5dece298a9bca4cae9f77ffb7dd11d29bb805004579bad8","","All Email Outreach Resources - TaylorRyanPortfolio | All Email Outreach Resources - TaylorRyanPortfolio (1).xlsx","assets/js/email_outreach_data.js","686","text-url","https://docs.google.com/document/d/1jJkDcqHP5vp6yqgjDoRA-RiT4GdbUcoBF_bxif2-vUI/","https://docs.google.com/document/d/1jJkDcqHP5vp6yqgjDoRA-RiT4GdbUcoBF_bxif2-vUI/export?format=txt","1jJkDcqHP5vp6yqgjDoRA-RiT4GdbUcoBF_bxif2-vUI","The local file preserves the row/source list, not necessarily the artifact content; recover or recreate before deleting.","Ref Docs/Work/Marketing/Email Outreach/All Email Outreach Resources - TaylorRyanPortfolio (1).xlsx (100, source_index_candidate)","Local source/index file exists, but the actual artifact still needs recovery or export."
"rpm-0099","Email Outreach","Inf. Messages_ Followups and Checkins [Doc] | Customer Response Templates [Doc]","text-url","google-doc","not_public_auth_required","auth_required","401","re-share from an accessible account, replace, or hide","preserve source index; recover/export actual artifact","source_index_only","Ref Docs/Work/Marketing/Email Outreach/Email Outreach Templates.xlsx","source_index_candidate","69",".xlsx","15569","df950e97de6e2d3eb1b0777ab49bfcc1a21fefcbf68a968dbc26431c65dcf07c","","Internal Resources - Content Creator Program | Email Outreach Templates.xlsx","assets/js/email_outreach_data.js","1226","text-url","https://docs.google.com/document/d/1JONNk5eLGQbTqJipZDOsl7BVIkhYDFqcOWSmfJdRztI/","https://docs.google.com/document/d/1JONNk5eLGQbTqJipZDOsl7BVIkhYDFqcOWSmfJdRztI/export?format=txt","1JONNk5eLGQbTqJipZDOsl7BVIkhYDFqcOWSmfJdRztI","The local file preserves the row/source list, not necessarily the artifact content; recover or recreate before deleting.","Ref Docs/Work/Marketing/Email Outreach/Email Outreach Templates.xlsx (69, source_index_candidate) | Ref Docs/Work/Marketing/Content Creator Program/Internal Resources - Content Creator Program.xlsx (59, source_index_candidate)","Local source/index file exists, but the actual artifact still needs recovery or export."
"rpm-0100","Email Outreach","OE Template - Playful Email - V2 - Saas Replace New Hire [Doc] | Prompt - Email Sequence - Replace a New Hire - TaylorRyanPortfolio [Doc]","text-url","google-doc","not_public_auth_required","auth_required","401","re-share from an accessible account, replace, or hide","preserve source index; recover/export actual artifact","source_index_only","Ref Docs/Work/Marketing/Email Outreach/All Email Outreach Resources - TaylorRyanPortfolio (1).xlsx","source_index_candidate","100",".xlsx","23304","6cc773c16051587bc5dece298a9bca4cae9f77ffb7dd11d29bb805004579bad8","","All Email Outreach Resources - TaylorRyanPortfolio | All Email Outreach Resources - TaylorRyanPortfolio (1).xlsx","assets/js/email_outreach_data.js","456","text-url","https://docs.google.com/document/d/1JqwUqY6si9KQFiePT3_xz5YZbUbT33yHZFez09MH5ko/","https://docs.google.com/document/d/1JqwUqY6si9KQFiePT3_xz5YZbUbT33yHZFez09MH5ko/export?format=txt","1JqwUqY6si9KQFiePT3_xz5YZbUbT33yHZFez09MH5ko","The local file preserves the row/source list, not necessarily the artifact content; recover or recreate before deleting.","Ref Docs/Work/Marketing/Email Outreach/All Email Outreach Resources - TaylorRyanPortfolio (1).xlsx (100, source_index_candidate)","Local source/index file exists, but the actual artifact still needs recovery or export."
"rpm-0101","Email Outreach","Build Your Own Template [Doc] | OETemplate - Job Posting - Industry Specific Outreach - Templates [Doc]","text-url","google-doc","not_public_auth_required","auth_required","401","re-share from an accessible account, replace, or hide","preserve source index; recover/export actual artifact","source_index_only","Ref Docs/Work/Marketing/Email Outreach/All Email Outreach Resources - TaylorRyanPortfolio (1).xlsx","source_index_candidate","100",".xlsx","23304","6cc773c16051587bc5dece298a9bca4cae9f77ffb7dd11d29bb805004579bad8","","All Email Outreach Resources - TaylorRyanPortfolio | All Email Outreach Resources - TaylorRyanPortfolio (1).xlsx","assets/js/email_outreach_data.js","566","text-url","https://docs.google.com/document/d/1k7utVgLA6-vanXM5UqfMF3ayFmNrQxLYjoHbYqW2lUc/edit?usp=drive_link","https://docs.google.com/document/d/1k7utVgLA6-vanXM5UqfMF3ayFmNrQxLYjoHbYqW2lUc/export?format=txt","1k7utVgLA6-vanXM5UqfMF3ayFmNrQxLYjoHbYqW2lUc","The local file preserves the row/source list, not necessarily the artifact content; recover or recreate before deleting.","Ref Docs/Work/Marketing/Email Outreach/All Email Outreach Resources - TaylorRyanPortfolio (1).xlsx (100, source_index_candidate)","Local source/index file exists, but the actual artifact still needs recovery or export."
"rpm-0102","Email Outreach","OETemplate - Job Posting  - Industry Specific Outreach - Templates [Doc] | OETemplate - V2\u201cDry\u201d Email Outreach Campaign [Doc]","text-url","google-doc","not_public_auth_required","auth_required","401","re-share from an accessible account, replace, or hide","preserve source index; recover/export actual artifact","source_index_only","Ref Docs/Work/Marketing/Email Outreach/All Email Outreach Resources - TaylorRyanPortfolio (1).xlsx","source_index_candidate","100",".xlsx","23304","6cc773c16051587bc5dece298a9bca4cae9f77ffb7dd11d29bb805004579bad8","","All Email Outreach Resources - TaylorRyanPortfolio | All Email Outreach Resources - TaylorRyanPortfolio (1).xlsx","assets/js/email_outreach_data.js","536","text-url","https://docs.google.com/document/d/1lpxXUHDkVJcf3-aZfsLjTk9SGU_93pCohQPhgZ53V-Q/","https://docs.google.com/document/d/1lpxXUHDkVJcf3-aZfsLjTk9SGU_93pCohQPhgZ53V-Q/export?format=txt","1lpxXUHDkVJcf3-aZfsLjTk9SGU_93pCohQPhgZ53V-Q","The local file preserves the row/source list, not necessarily the artifact content; recover or recreate before deleting.","Ref Docs/Work/Marketing/Email Outreach/All Email Outreach Resources - TaylorRyanPortfolio (1).xlsx (100, source_index_candidate)","Local source/index file exists, but the actual artifact still needs recovery or export."
"rpm-0103","Email Outreach","Subsequences - Infl. Messaging + Followups - Email [Doc] | Funding Response Templates [Doc]","text-url","google-doc","not_public_auth_required","auth_required","401","re-share from an accessible account, replace, or hide","preserve source index; recover/export actual artifact","source_index_only","Ref Docs/Work/Marketing/Email Outreach/Email Outreach Templates.xlsx","source_index_candidate","100",".xlsx","15569","df950e97de6e2d3eb1b0777ab49bfcc1a21fefcbf68a968dbc26431c65dcf07c","","Email Outreach Templates | Email Outreach Templates.xlsx","assets/js/email_outreach_data.js","1206","text-url","https://docs.google.com/document/d/1Mr2QwDqoQXGfqvQ3QURThTjtZWOjjNJVStjIM8f4qOo/","https://docs.google.com/document/d/1Mr2QwDqoQXGfqvQ3QURThTjtZWOjjNJVStjIM8f4qOo/export?format=txt","1Mr2QwDqoQXGfqvQ3QURThTjtZWOjjNJVStjIM8f4qOo","The local file preserves the row/source list, not necessarily the artifact content; recover or recreate before deleting.","Ref Docs/Work/Marketing/Email Outreach/Email Outreach Templates.xlsx (100, source_index_candidate)","Local source/index file exists, but the actual artifact still needs recovery or export."
"rpm-0104","Email Outreach","Prompt - Create Investor Outreach Message Templates [Doc] | Shared Resources - Content Creator [Sheet]","text-url","google-doc","not_public_auth_required","auth_required","401","re-share from an accessible account, replace, or hide","preserve source index; recover/export actual artifact","source_index_only","Ref Docs/Work/Marketing/Email Outreach/All Email Outreach Resources - TaylorRyanPortfolio (1).xlsx","source_index_candidate","100",".xlsx","23304","6cc773c16051587bc5dece298a9bca4cae9f77ffb7dd11d29bb805004579bad8","","All Email Outreach Resources - TaylorRyanPortfolio | All Email Outreach Resources - TaylorRyanPortfolio (1).xlsx","assets/js/email_outreach_data.js","676","text-url","https://docs.google.com/document/d/1N4oSXMYqCElgT4jqMK1PpU5Tf8lnC3zr_qqjrMyb3Bo/","https://docs.google.com/document/d/1N4oSXMYqCElgT4jqMK1PpU5Tf8lnC3zr_qqjrMyb3Bo/export?format=txt","1N4oSXMYqCElgT4jqMK1PpU5Tf8lnC3zr_qqjrMyb3Bo","The local file preserves the row/source list, not necessarily the artifact content; recover or recreate before deleting.","Ref Docs/Work/Marketing/Email Outreach/All Email Outreach Resources - TaylorRyanPortfolio (1).xlsx (100, source_index_candidate) | Ref Docs/Work/Marketing/Content Creator Program/Shared Resources - Content Creator.xlsx (35, source_index_candidate)","Local source/index file exists, but the actual artifact still needs recovery or export."
"rpm-0105","Email Outreach","OETemplate - Outreach - No Code + Automation Saas Tools - Inquiry [Doc] | Email Outreach Templates [Sheet]","text-url","google-doc","not_public_auth_required","auth_required","401","re-share from an accessible account, replace, or hide","preserve source index; recover/export actual artifact","source_index_only","Ref Docs/Work/Marketing/Email Outreach/All Email Outreach Resources - TaylorRyanPortfolio (1).xlsx","source_index_candidate","100",".xlsx","23304","6cc773c16051587bc5dece298a9bca4cae9f77ffb7dd11d29bb805004579bad8","","All Email Outreach Resources - TaylorRyanPortfolio | All Email Outreach Resources - TaylorRyanPortfolio (1).xlsx","assets/js/email_outreach_data.js","476","text-url","https://docs.google.com/document/d/1oJJfWhEuJjUuuwmJmfCM5zngPEId3gqlNDXe-6mGE2Q/","https://docs.google.com/document/d/1oJJfWhEuJjUuuwmJmfCM5zngPEId3gqlNDXe-6mGE2Q/export?format=txt","1oJJfWhEuJjUuuwmJmfCM5zngPEId3gqlNDXe-6mGE2Q","The local file preserves the row/source list, not necessarily the artifact content; recover or recreate before deleting.","Ref Docs/Work/Marketing/Email Outreach/All Email Outreach Resources - TaylorRyanPortfolio (1).xlsx (100, source_index_candidate) | Ref Docs/Work/Marketing/Email Outreach/Email Outreach Templates.xlsx (48, source_index_candidate)","Local source/index file exists, but the actual artifact still needs recovery or export."
"rpm-0106","Email Outreach","Meme Outreach - L3V - Templates [Doc] | Exmaples - Simple Investor Emails (Outreach) [Doc]","text-url","google-doc","not_public_auth_required","auth_required","401","re-share from an accessible account, replace, or hide","preserve source index; recover/export actual artifact","source_index_only","Ref Docs/Work/Marketing/Email Outreach/All Email Outreach Resources - TaylorRyanPortfolio (1).xlsx","source_index_candidate","100",".xlsx","23304","6cc773c16051587bc5dece298a9bca4cae9f77ffb7dd11d29bb805004579bad8","","All Email Outreach Resources - TaylorRyanPortfolio | All Email Outreach Resources - TaylorRyanPortfolio (1).xlsx","assets/js/email_outreach_data.js","736","text-url","https://docs.google.com/document/d/1pxMzv79ORZt_-1a6QmqTh-1ygsOIgXBkjA4iQAIccfk/","https://docs.google.com/document/d/1pxMzv79ORZt_-1a6QmqTh-1ygsOIgXBkjA4iQAIccfk/export?format=txt","1pxMzv79ORZt_-1a6QmqTh-1ygsOIgXBkjA4iQAIccfk","The local file preserves the row/source list, not necessarily the artifact content; recover or recreate before deleting.","Ref Docs/Work/Marketing/Email Outreach/All Email Outreach Resources - TaylorRyanPortfolio (1).xlsx (100, source_index_candidate)","Local source/index file exists, but the actual artifact still needs recovery or export."
"rpm-0107","Email Outreach","Prompt - InvestorList Template [Doc] | Internal Resources - Content Creators [Sheet]","text-url","google-doc","not_public_auth_required","auth_required","401","re-share from an accessible account, replace, or hide","preserve source index; recover/export actual artifact","source_index_only","Ref Docs/Work/Marketing/Email Outreach/All Email Outreach Resources - TaylorRyanPortfolio (1).xlsx","source_index_candidate","100",".xlsx","23304","6cc773c16051587bc5dece298a9bca4cae9f77ffb7dd11d29bb805004579bad8","","All Email Outreach Resources - TaylorRyanPortfolio | All Email Outreach Resources - TaylorRyanPortfolio (1).xlsx","assets/js/email_outreach_data.js","666","text-url","https://docs.google.com/document/d/1Qav7aQpwag5jaJBEnY-43XN76AcKugxF-Tysn5GgJlg/","https://docs.google.com/document/d/1Qav7aQpwag5jaJBEnY-43XN76AcKugxF-Tysn5GgJlg/export?format=txt","1Qav7aQpwag5jaJBEnY-43XN76AcKugxF-Tysn5GgJlg","The local file preserves the row/source list, not necessarily the artifact content; recover or recreate before deleting.","Ref Docs/Work/Marketing/Email Outreach/All Email Outreach Resources - TaylorRyanPortfolio (1).xlsx (100, source_index_candidate)","Local source/index file exists, but the actual artifact still needs recovery or export."
"rpm-0108","Email Outreach","V2Content Creator - Cold Outreach - Templates [Doc] | Hyp-Pers SendSpark Workflow Resources [Sheet]","text-url","google-doc","not_public_auth_required","auth_required","401","re-share from an accessible account, replace, or hide","preserve source index; recover/export actual artifact","source_index_only","Ref Docs/Work/Marketing/Email Outreach/All Email Outreach Resources - TaylorRyanPortfolio (1).xlsx","source_index_candidate","100",".xlsx","23304","6cc773c16051587bc5dece298a9bca4cae9f77ffb7dd11d29bb805004579bad8","","All Email Outreach Resources - TaylorRyanPortfolio | All Email Outreach Resources - TaylorRyanPortfolio (1).xlsx","assets/js/email_outreach_data.js","626","text-url","https://docs.google.com/document/d/1QEy5XLDekI8eNsQGxqMToLpxnOLpxHy6mRB9j9gJgwg/","https://docs.google.com/document/d/1QEy5XLDekI8eNsQGxqMToLpxnOLpxHy6mRB9j9gJgwg/export?format=txt","1QEy5XLDekI8eNsQGxqMToLpxnOLpxHy6mRB9j9gJgwg","The local file preserves the row/source list, not necessarily the artifact content; recover or recreate before deleting.","Ref Docs/Work/Marketing/Email Outreach/All Email Outreach Resources - TaylorRyanPortfolio (1).xlsx (100, source_index_candidate) | Ref Docs/Work/Marketing/Email Outreach/Hyp-Pers SendSpark Workflow Resources.xlsx (57, source_index_candidate)","Local source/index file exists, but the actual artifact still needs recovery or export."
"rpm-0109","Email Outreach","OETemplates - Growth Secrets - Marketing Course - Playful outreach Templates | OETemplate - \u201cDry\u201d Email Outreach Campaign","text-url","google-doc","not_public_auth_required","auth_required","401","re-share from an accessible account, replace, or hide","preserve source index; recover/export actual artifact","source_index_only","Ref Docs/Work/Marketing/Email Outreach/All Email Outreach Resources - TaylorRyanPortfolio (1).xlsx","source_index_candidate","100",".xlsx","23304","6cc773c16051587bc5dece298a9bca4cae9f77ffb7dd11d29bb805004579bad8","","All Email Outreach Resources - TaylorRyanPortfolio | All Email Outreach Resources - TaylorRyanPortfolio (1).xlsx","assets/js/email_outreach_data.js","526","text-url","https://docs.google.com/document/d/1rwoaCFmhyTeVEFVl3sZg437JvWLLYNmwY3sW8mbnJg0/","https://docs.google.com/document/d/1rwoaCFmhyTeVEFVl3sZg437JvWLLYNmwY3sW8mbnJg0/export?format=txt","1rwoaCFmhyTeVEFVl3sZg437JvWLLYNmwY3sW8mbnJg0","The local file preserves the row/source list, not necessarily the artifact content; recover or recreate before deleting.","Ref Docs/Work/Marketing/Email Outreach/All Email Outreach Resources - TaylorRyanPortfolio (1).xlsx (100, source_index_candidate)","Local source/index file exists, but the actual artifact still needs recovery or export."
"rpm-0110","Email Outreach","OETemplate - Job Openings - Wild Card - Outreach Template [Doc] | Email Outreach - SalesTemplates and Examples","text-url","google-doc","not_public_auth_required","auth_required","401","re-share from an accessible account, replace, or hide","preserve source index; recover/export actual artifact","source_index_only","Ref Docs/Work/Marketing/Email Outreach/All Email Outreach Resources - TaylorRyanPortfolio (1).xlsx","source_index_candidate","100",".xlsx","23304","6cc773c16051587bc5dece298a9bca4cae9f77ffb7dd11d29bb805004579bad8","","All Email Outreach Resources - TaylorRyanPortfolio | All Email Outreach Resources - TaylorRyanPortfolio (1).xlsx","assets/js/email_outreach_data.js","466","text-url","https://docs.google.com/document/d/1SX6TLdbvvOPF7BjmuX6lkxcxZgGs1ux2jMPMYIE4I9M/","https://docs.google.com/document/d/1SX6TLdbvvOPF7BjmuX6lkxcxZgGs1ux2jMPMYIE4I9M/export?format=txt","1SX6TLdbvvOPF7BjmuX6lkxcxZgGs1ux2jMPMYIE4I9M","The local file preserves the row/source list, not necessarily the artifact content; recover or recreate before deleting.","Ref Docs/Work/Marketing/Email Outreach/All Email Outreach Resources - TaylorRyanPortfolio (1).xlsx (100, source_index_candidate)","Local source/index file exists, but the actual artifact still needs recovery or export."
"rpm-0111","Email Outreach","Content Creator - Cold Outreach - Templates [Doc] | Hyp-Pers - Email Templates - Short - Taylor [Doc]","text-url","google-doc","not_public_auth_required","auth_required","401","re-share from an accessible account, replace, or hide","preserve source index; recover/export actual artifact","source_index_only","Ref Docs/Work/Marketing/Email Outreach/All Email Outreach Resources - TaylorRyanPortfolio (1).xlsx","source_index_candidate","100",".xlsx","23304","6cc773c16051587bc5dece298a9bca4cae9f77ffb7dd11d29bb805004579bad8","","All Email Outreach Resources - TaylorRyanPortfolio | All Email Outreach Resources - TaylorRyanPortfolio (1).xlsx","assets/js/email_outreach_data.js","616","text-url","https://docs.google.com/document/d/1sxulYUXtnQ7bIiMbEre69wDGkPDE9v-XtjZuElnPGMQ/e","https://docs.google.com/document/d/1sxulYUXtnQ7bIiMbEre69wDGkPDE9v-XtjZuElnPGMQ/export?format=txt","1sxulYUXtnQ7bIiMbEre69wDGkPDE9v-XtjZuElnPGMQ","The local file preserves the row/source list, not necessarily the artifact content; recover or recreate before deleting.","Ref Docs/Work/Marketing/Email Outreach/All Email Outreach Resources - TaylorRyanPortfolio (1).xlsx (100, source_index_candidate) | Ref Docs/Work/Marketing/Email Outreach/Hyp-Pers SendSpark Workflow Resources.xlsx (27, source_index_candidate)","Local source/index file exists, but the actual artifact still needs recovery or export."
"rpm-0112","Email Outreach","OETemplate - Directional Angle - API Automation - Rev Platforms - Email Outreach [Doc] | OE Template - Playful Email - V2 - Saas Replace New Hire [Doc]","text-url","google-doc","not_public_auth_required","auth_required","401","re-share from an accessible account, replace, or hide","preserve source index; recover/export actual artifact","source_index_only","Ref Docs/Work/Marketing/Email Outreach/All Email Outreach Resources - TaylorRyanPortfolio (1).xlsx","source_index_candidate","100",".xlsx","23304","6cc773c16051587bc5dece298a9bca4cae9f77ffb7dd11d29bb805004579bad8","","All Email Outreach Resources - TaylorRyanPortfolio | All Email Outreach Resources - TaylorRyanPortfolio (1).xlsx","assets/js/email_outreach_data.js","486","text-url","https://docs.google.com/document/d/1U2D_XZ_Z8BqSuImk-iAmodMy99xFK2ySlepiM5e-EY0/edit?usp=sharing","https://docs.google.com/document/d/1U2D_XZ_Z8BqSuImk-iAmodMy99xFK2ySlepiM5e-EY0/export?format=txt","1U2D_XZ_Z8BqSuImk-iAmodMy99xFK2ySlepiM5e-EY0","The local file preserves the row/source list, not necessarily the artifact content; recover or recreate before deleting.","Ref Docs/Work/Marketing/Email Outreach/All Email Outreach Resources - TaylorRyanPortfolio (1).xlsx (100, source_index_candidate)","Local source/index file exists, but the actual artifact still needs recovery or export."
"rpm-0113","Email Outreach","Hyp-Pers - Email Templates - Short - Taylor [Doc] | OETemplate - SDR Outreach 1 - Phone Number Campaigns - Taylor [Doc]","text-url","google-doc","not_public_auth_required","auth_required","401","re-share from an accessible account, replace, or hide","preserve source index; recover/export actual artifact","source_index_only","Ref Docs/Work/Marketing/Email Outreach/All Email Outreach Resources - TaylorRyanPortfolio (1).xlsx","source_index_candidate","100",".xlsx","23304","6cc773c16051587bc5dece298a9bca4cae9f77ffb7dd11d29bb805004579bad8","","All Email Outreach Resources - TaylorRyanPortfolio | All Email Outreach Resources - TaylorRyanPortfolio (1).xlsx","assets/js/email_outreach_data.js","586","text-url","https://docs.google.com/document/d/1UeLZLlOwyf9lGLyiauX3v_gMcNkd6Ti10-rOm8tJaBk/","https://docs.google.com/document/d/1UeLZLlOwyf9lGLyiauX3v_gMcNkd6Ti10-rOm8tJaBk/export?format=txt","1UeLZLlOwyf9lGLyiauX3v_gMcNkd6Ti10-rOm8tJaBk","The local file preserves the row/source list, not necessarily the artifact content; recover or recreate before deleting.","Ref Docs/Work/Marketing/Email Outreach/All Email Outreach Resources - TaylorRyanPortfolio (1).xlsx (100, source_index_candidate) | Ref Docs/Work/Marketing/Email Outreach/Hyp-Pers SendSpark Workflow Resources.xlsx (26, source_index_candidate)","Local source/index file exists, but the actual artifact still needs recovery or export."
"rpm-0114","Email Outreach","OETemplate - Lead Gen - Healthcare  - Templates | OETemplate - BAD Outbound Playful - Templates [Doc]","text-url","google-doc","not_public_auth_required","auth_required","401","re-share from an accessible account, replace, or hide","preserve source index; recover/export actual artifact","source_index_only","Ref Docs/Work/Marketing/Email Outreach/All Email Outreach Resources - TaylorRyanPortfolio (1).xlsx","source_index_candidate","100",".xlsx","23304","6cc773c16051587bc5dece298a9bca4cae9f77ffb7dd11d29bb805004579bad8","","All Email Outreach Resources - TaylorRyanPortfolio | All Email Outreach Resources - TaylorRyanPortfolio (1).xlsx","assets/js/email_outreach_data.js","546","text-url","https://docs.google.com/document/d/1uKxKiW1gT1kvgrbyxXZKy4B3OnEo1HxB7TAUnwRH2rc/","https://docs.google.com/document/d/1uKxKiW1gT1kvgrbyxXZKy4B3OnEo1HxB7TAUnwRH2rc/export?format=txt","1uKxKiW1gT1kvgrbyxXZKy4B3OnEo1HxB7TAUnwRH2rc","The local file preserves the row/source list, not necessarily the artifact content; recover or recreate before deleting.","Ref Docs/Work/Marketing/Email Outreach/All Email Outreach Resources - TaylorRyanPortfolio (1).xlsx (100, source_index_candidate)","Local source/index file exists, but the actual artifact still needs recovery or export."
"rpm-0115","Marketing Resources","Tips for Case Study Interviewees [Doc] | Case Study Questions [Sheet]","text-url","google-doc","not_public_auth_required","auth_required","401","re-share from an accessible account, replace, or hide","preserve source index; recover/export actual artifact","source_index_only","Ref Docs/Work/Marketing/Case Study Creation/Case Study Creation Resources.xlsx","source_index_candidate","67",".xlsx","10699","75bc47a920f98f220f2f599c181e7fdb9a8b4d30eea1a5c57b49c9346781487d","","Case Study Creation Resources","assets/js/marketing_full_data.js","4434","text-url","https://docs.google.com/document/d/1_2NdLfvv8nU1_84tLNjRHoHMcXPSh_aefkjeyTQ7Oas/","https://docs.google.com/document/d/1_2NdLfvv8nU1_84tLNjRHoHMcXPSh_aefkjeyTQ7Oas/export?format=txt","1_2NdLfvv8nU1_84tLNjRHoHMcXPSh_aefkjeyTQ7Oas","The local file preserves the row/source list, not necessarily the artifact content; recover or recreate before deleting.","Ref Docs/Work/Marketing/Case Study Creation/Case Study Creation Resources.xlsx (67, source_index_candidate)","Local source/index file exists, but the actual artifact still needs recovery or export."
"rpm-0116","Marketing Resources","Ocean's Affiliate Program - T&Cs [Doc] | Affiliate Setup And Terms - Brief [Doc]","text-url","google-doc","not_public_auth_required","auth_required","401","re-share from an accessible account, replace, or hide","preserve source index; recover/export actual artifact","source_index_only","Ref Docs/Work/Marketing/Affiliate Program/All Affiliate Resources.xlsx","source_index_candidate","67",".xlsx","19930","4b6c19bec1838a0f4eb6de78d493876aff4132647b668069a204ad4bd8a2c584","","All Affiliate Resources","assets/js/marketing_full_data.js","3883","text-url","https://docs.google.com/document/d/1_hesI56Qy45IEwxe9XljaUYpIal-vxLD7cfSmJYccg4/","https://docs.google.com/document/d/1_hesI56Qy45IEwxe9XljaUYpIal-vxLD7cfSmJYccg4/export?format=txt","1_hesI56Qy45IEwxe9XljaUYpIal-vxLD7cfSmJYccg4","The local file preserves the row/source list, not necessarily the artifact content; recover or recreate before deleting.","Ref Docs/Work/Marketing/Affiliate Program/All Affiliate Resources.xlsx (67, source_index_candidate)","Local source/index file exists, but the actual artifact still needs recovery or export."
"rpm-0117","Marketing Resources","Aff. Competitor Page Sections - Whiteboard - Brief [Doc] | Competitor Affiliate Programs - Inspiration - Brief [Doc]","text-url","google-doc","not_public_auth_required","auth_required","401","re-share from an accessible account, replace, or hide","preserve source index; recover/export actual artifact","source_index_only","Ref Docs/Work/Marketing/Affiliate Program/All Affiliate Resources.xlsx","source_index_candidate","67",".xlsx","19930","4b6c19bec1838a0f4eb6de78d493876aff4132647b668069a204ad4bd8a2c584","","All Affiliate Resources","assets/js/marketing_full_data.js","3807","text-url","https://docs.google.com/document/d/10_JDp29WHNriVb2O4QE1MEa7dWbFXprPNguKO8lC8ek","https://docs.google.com/document/d/10_JDp29WHNriVb2O4QE1MEa7dWbFXprPNguKO8lC8ek/export?format=txt","10_JDp29WHNriVb2O4QE1MEa7dWbFXprPNguKO8lC8ek","The local file preserves the row/source list, not necessarily the artifact content; recover or recreate before deleting.","Ref Docs/Work/Marketing/Affiliate Program/All Affiliate Resources.xlsx (67, source_index_candidate)","Local source/index file exists, but the actual artifact still needs recovery or export."
"rpm-0118","Public Speaking","Testimonial Email Outreach Templates [Doc] | Testimonial Instructions - Example - Growth Secrets [Doc]","text-url","google-doc","not_public_auth_required","auth_required","401","re-share from an accessible account, replace, or hide","preserve manifest row; decide hide vs recreate","missing_artifact","Ref Docs/Work/Marketing/Email Outreach/Email Outreach Templates.xlsx","source_index_candidate","35",".xlsx","15569","df950e97de6e2d3eb1b0777ab49bfcc1a21fefcbf68a968dbc26431c65dcf07c","","Testimonial Resources","assets/js/marketing_full_data.js","4928","text-url","https://docs.google.com/document/d/10MJOu0INl5Afuxbj9lKMK_hUy_BPdGVuse7AGZr-hhk/edit?usp=drive_link","https://docs.google.com/document/d/10MJOu0INl5Afuxbj9lKMK_hUy_BPdGVuse7AGZr-hhk/export?format=txt","10MJOu0INl5Afuxbj9lKMK_hUy_BPdGVuse7AGZr-hhk","No likely offline artifact found; keep the manifest record and decide whether to hide the public link or rebuild the resource.","Ref Docs/Work/Marketing/Email Outreach/Email Outreach Templates.xlsx (35, source_index_candidate)",""
"rpm-0119","Marketing Resources","V3Inf. Messaging + Followups - Linkedin [Doc] | Linkedin Outreach Tools [Sheet]","text-url","google-doc","not_public_auth_required","auth_required","401","re-share from an accessible account, replace, or hide","preserve source index; recover/export actual artifact","source_index_only","Ref Docs/Work/Marketing/Content Creator Program/Internal Resources - Content Creator Program.xlsx","source_index_candidate","67",".xlsx","24637","ca998a9820976b48306c14fd48f7e385466cdecc42d28d0cae99020814311cae","","Internal Resources - Content Creator Program","assets/js/marketing_full_data.js","615","text-url","https://docs.google.com/document/d/11MZf1XXP8DTUkJjRgwgqTDuUxvjX62Z5R_DZUw2eUsk/","https://docs.google.com/document/d/11MZf1XXP8DTUkJjRgwgqTDuUxvjX62Z5R_DZUw2eUsk/export?format=txt","11MZf1XXP8DTUkJjRgwgqTDuUxvjX62Z5R_DZUw2eUsk","The local file preserves the row/source list, not necessarily the artifact content; recover or recreate before deleting.","Ref Docs/Work/Marketing/Content Creator Program/Internal Resources - Content Creator Program.xlsx (67, source_index_candidate) | Ref Docs/Work/Writing/Archived_PDFs/50+ AI Marketing Tools - Taylor [PDF].pdf (24, artifact_candidate) | Ref Docs/Work/Writing/Archived_PDFs/Marketing Automation Best Practices for B2B Companies - Taylor [PDF].pdf (24, artifact_candidate)","Local source/index file exists, but the actual artifact still needs recovery or export."
"rpm-0120","Marketing Resources","Favikon Influencer Discovery - Brief [Doc] | Burner Linkedin Accts [Sheet]","text-url","google-doc","not_public_auth_required","auth_required","401","re-share from an accessible account, replace, or hide","preserve source index; recover/export actual artifact","source_index_only","Ref Docs/Work/Marketing/Content Creator Program/Internal Resources - Content Creator Program.xlsx","source_index_candidate","66",".xlsx","24637","ca998a9820976b48306c14fd48f7e385466cdecc42d28d0cae99020814311cae","","Internal Resources - Content Creator Program","assets/js/marketing_full_data.js","482","text-url","https://docs.google.com/document/d/11x1KiZnR8wu7pjQIA78hu0yCNyJeV1TZSV75mNKEtBU/","https://docs.google.com/document/d/11x1KiZnR8wu7pjQIA78hu0yCNyJeV1TZSV75mNKEtBU/export?format=txt","11x1KiZnR8wu7pjQIA78hu0yCNyJeV1TZSV75mNKEtBU","The local file preserves the row/source list, not necessarily the artifact content; recover or recreate before deleting.","Ref Docs/Work/Marketing/Content Creator Program/Internal Resources - Content Creator Program.xlsx (66, source_index_candidate) | Ref Docs/Work/Writing/Archived_PDFs/50+ AI Marketing Tools - Taylor [PDF].pdf (24, artifact_candidate)","Local source/index file exists, but the actual artifact still needs recovery or export."
"rpm-0121","Marketing Resources","Write a Case Study - Brief [Doc] | Case Studies Pages - Competitors [Figma]","text-url","google-doc","not_public_auth_required","auth_required","401","re-share from an accessible account, replace, or hide","preserve source index; recover/export actual artifact","source_index_only","Ref Docs/Work/Marketing/Case Study Creation/Case Study Creation Resources.xlsx","source_index_candidate","66",".xlsx","10699","75bc47a920f98f220f2f599c181e7fdb9a8b4d30eea1a5c57b49c9346781487d","","Case Study Creation Resources","assets/js/marketing_full_data.js","4263","text-url","https://docs.google.com/document/d/121FZAf__GPvfQhmIoQ1KgJtc64Hz3YO83wJ3VkvHy4c/","https://docs.google.com/document/d/121FZAf__GPvfQhmIoQ1KgJtc64Hz3YO83wJ3VkvHy4c/export?format=txt","121FZAf__GPvfQhmIoQ1KgJtc64Hz3YO83wJ3VkvHy4c","The local file preserves the row/source list, not necessarily the artifact content; recover or recreate before deleting.","Ref Docs/Work/Marketing/Case Study Creation/Case Study Creation Resources.xlsx (66, source_index_candidate) | Ref Docs/Work/Writing/Archived_PDFs/50+ AI Marketing Tools - Taylor [PDF].pdf (24, artifact_candidate) | Ref Docs/Work/Writing/Archived_PDFs/Marketing Automation Best Practices for B2B Companies - Taylor [PDF].pdf (24, artifact_candidate) | Ref Docs/Work/Writing/Archived_PDFs/Social Media Trends for 2020 (Marketing Edition) - Taylor [PDF].pdf (24, artifact_candidate) | Ref Docs/Work/Writing/Archived_PDFs/Taylor Ryan’s Top 5 Marketing and Efficiency - Taylor [PDF].pdf (24, artifact_candidate)","Local source/index file exists, but the actual artifact still needs recovery or export."
"rpm-0122","Email Outreach","Script - Hyper-personalization - SDR [Doc] | Script - Hyp-Pers - SDR - Taylor [Doc]","text-url","google-doc","not_public_auth_required","auth_required","401","re-share from an accessible account, replace, or hide","preserve source index; recover/export actual artifact","source_index_only","Ref Docs/Work/Marketing/Email Outreach/Hyp-Pers SendSpark Workflow Resources.xlsx","source_index_candidate","76",".xlsx","21978","e336833fd995ab2b85c1b70beb47e8543c7ebc95678fa808d46b487cf00798d4","","Hyp-Pers SendSpark Workflow Resources","assets/js/marketing_full_data.js","3465","text-url","https://docs.google.com/document/d/12kxAWUSW735da4K4l85lIompOqPt2E-nptAZjF7SNzg/edit?usp=drive_link","https://docs.google.com/document/d/12kxAWUSW735da4K4l85lIompOqPt2E-nptAZjF7SNzg/export?format=txt","12kxAWUSW735da4K4l85lIompOqPt2E-nptAZjF7SNzg","The local file preserves the row/source list, not necessarily the artifact content; recover or recreate before deleting.","Ref Docs/Work/Marketing/Email Outreach/Hyp-Pers SendSpark Workflow Resources.xlsx (76, source_index_candidate)","Local source/index file exists, but the actual artifact still needs recovery or export."
"rpm-0123","Marketing Resources","Competitor Affiliate Programs - Inspiration - Brief [Doc] | Affiliate Tools [Sheet]","text-url","google-doc","not_public_auth_required","auth_required","401","re-share from an accessible account, replace, or hide","preserve source index; recover/export actual artifact","source_index_only","Ref Docs/Work/Marketing/Affiliate Program/All Affiliate Resources.xlsx","source_index_candidate","67",".xlsx","19930","4b6c19bec1838a0f4eb6de78d493876aff4132647b668069a204ad4bd8a2c584","","All Affiliate Resources","assets/js/marketing_full_data.js","3788","text-url","https://docs.google.com/document/d/164CPF2_PwjyNxM2F8K_uyashfRDnpE8yR5sNaVXSJ8w/edit?usp=drive_link","https://docs.google.com/document/d/164CPF2_PwjyNxM2F8K_uyashfRDnpE8yR5sNaVXSJ8w/export?format=txt","164CPF2_PwjyNxM2F8K_uyashfRDnpE8yR5sNaVXSJ8w","The local file preserves the row/source list, not necessarily the artifact content; recover or recreate before deleting.","Ref Docs/Work/Marketing/Affiliate Program/All Affiliate Resources.xlsx (67, source_index_candidate) | Ref Docs/Work/Writing/Archived_PDFs/50+ AI Marketing Tools - Taylor [PDF].pdf (24, artifact_candidate)","Local source/index file exists, but the actual artifact still needs recovery or export."
"rpm-0124","Marketing Resources","Affiliate Waitlist - Emails - Template [Doc] | Content Creators - Email / Message - Template [Doc]","text-url","google-doc","not_public_auth_required","auth_required","401","re-share from an accessible account, replace, or hide","preserve source index; recover/export actual artifact","source_index_only","Ref Docs/Work/Marketing/Affiliate Program/All Affiliate Resources.xlsx","source_index_candidate","67",".xlsx","19930","4b6c19bec1838a0f4eb6de78d493876aff4132647b668069a204ad4bd8a2c584","","All Affiliate Resources","assets/js/marketing_full_data.js","4073","text-url","https://docs.google.com/document/d/18VqzMrmSndj3uMasKPzQP2EmztA2oB5rNxTPaOzoefg/edit?usp=drive_link","https://docs.google.com/document/d/18VqzMrmSndj3uMasKPzQP2EmztA2oB5rNxTPaOzoefg/export?format=txt","18VqzMrmSndj3uMasKPzQP2EmztA2oB5rNxTPaOzoefg","The local file preserves the row/source list, not necessarily the artifact content; recover or recreate before deleting.","Ref Docs/Work/Marketing/Affiliate Program/All Affiliate Resources.xlsx (67, source_index_candidate)","Local source/index file exists, but the actual artifact still needs recovery or export."
"rpm-0125","Marketing Resources","Affiliate Notification - Prompt - ChatGPT [Doc] | Affiliate Welcome - Prompt - ChatGPT [Doc]","text-url","google-doc","not_public_auth_required","auth_required","401","re-share from an accessible account, replace, or hide","preserve source index; recover/export actual artifact","source_index_only","Ref Docs/Work/Marketing/Affiliate Program/All Affiliate Resources.xlsx","source_index_candidate","63",".xlsx","19930","4b6c19bec1838a0f4eb6de78d493876aff4132647b668069a204ad4bd8a2c584","","All Affiliate Resources","assets/js/marketing_full_data.js","4111","text-url","https://docs.google.com/document/d/18xrCWDmNQ6I7kIH4Vb9cuGP0Yo-SQ1_Ywd_WutC03ak/edit?usp=drive_link","https://docs.google.com/document/d/18xrCWDmNQ6I7kIH4Vb9cuGP0Yo-SQ1_Ywd_WutC03ak/export?format=txt","18xrCWDmNQ6I7kIH4Vb9cuGP0Yo-SQ1_Ywd_WutC03ak","The local file preserves the row/source list, not necessarily the artifact content; recover or recreate before deleting.","Ref Docs/Work/Marketing/Affiliate Program/All Affiliate Resources.xlsx (63, source_index_candidate)","Local source/index file exists, but the actual artifact still needs recovery or export."
"rpm-0126","Email Outreach","Vicky - Hyp-Pers - Email Templates - Short [Doc] | Script - Hyp-pers - SDR - Taylor [Doc]","text-url","google-doc","not_public_auth_required","auth_required","401","re-share from an accessible account, replace, or hide","preserve source index; recover/export actual artifact","source_index_only","Ref Docs/Work/Marketing/Email Outreach/Hyp-Pers SendSpark Workflow Resources.xlsx","source_index_candidate","77",".xlsx","21978","e336833fd995ab2b85c1b70beb47e8543c7ebc95678fa808d46b487cf00798d4","","Hyp-Pers SendSpark Workflow Resources","assets/js/marketing_full_data.js","3655","text-url","https://docs.google.com/document/d/19VYc2gEjkEP8I2_6-Tt-EAhWJRTpF4Ayjc_55pA0dmc/edit?usp=drive_link","https://docs.google.com/document/d/19VYc2gEjkEP8I2_6-Tt-EAhWJRTpF4Ayjc_55pA0dmc/export?format=txt","19VYc2gEjkEP8I2_6-Tt-EAhWJRTpF4Ayjc_55pA0dmc","The local file preserves the row/source list, not necessarily the artifact content; recover or recreate before deleting.","Ref Docs/Work/Marketing/Email Outreach/Hyp-Pers SendSpark Workflow Resources.xlsx (77, source_index_candidate)","Local source/index file exists, but the actual artifact still needs recovery or export."
"rpm-0127","Marketing Resources","Building Affiliate FAQ - Brief [Doc] | Affiliate Offer [Sheet]","text-url","google-doc","not_public_auth_required","auth_required","401","re-share from an accessible account, replace, or hide","preserve source index; recover/export actual artifact","source_index_only","Ref Docs/Work/Marketing/Affiliate Program/All Affiliate Resources.xlsx","source_index_candidate","67",".xlsx","19930","4b6c19bec1838a0f4eb6de78d493876aff4132647b668069a204ad4bd8a2c584","","All Affiliate Resources","assets/js/marketing_full_data.js","3940","text-url","https://docs.google.com/document/d/1AMlfbaDhPZxqnUdHGKDbOQi4Xhmi4wtCqV-Fu63I2Ng","https://docs.google.com/document/d/1AMlfbaDhPZxqnUdHGKDbOQi4Xhmi4wtCqV-Fu63I2Ng/export?format=txt","1AMlfbaDhPZxqnUdHGKDbOQi4Xhmi4wtCqV-Fu63I2Ng","The local file preserves the row/source list, not necessarily the artifact content; recover or recreate before deleting.","Ref Docs/Work/Marketing/Affiliate Program/All Affiliate Resources.xlsx (67, source_index_candidate)","Local source/index file exists, but the actual artifact still needs recovery or export."
"rpm-0128","Email Outreach","Video Guidelines for Recording [Doc] | Script - Hyper-personalization - SDR [Doc]","text-url","google-doc","not_public_auth_required","auth_required","401","re-share from an accessible account, replace, or hide","preserve source index; recover/export actual artifact","source_index_only","Ref Docs/Work/Marketing/Email Outreach/Hyp-Pers SendSpark Workflow Resources.xlsx","source_index_candidate","76",".xlsx","21978","e336833fd995ab2b85c1b70beb47e8543c7ebc95678fa808d46b487cf00798d4","","Hyp-Pers SendSpark Workflow Resources","assets/js/marketing_full_data.js","3484","text-url","https://docs.google.com/document/d/1AxuJHZatGbkFDfbbChSKYxCKjoDpNrJU_QE9LN_WDUk/edit?usp=drive_link","https://docs.google.com/document/d/1AxuJHZatGbkFDfbbChSKYxCKjoDpNrJU_QE9LN_WDUk/export?format=txt","1AxuJHZatGbkFDfbbChSKYxCKjoDpNrJU_QE9LN_WDUk","The local file preserves the row/source list, not necessarily the artifact content; recover or recreate before deleting.","Ref Docs/Work/Marketing/Email Outreach/Hyp-Pers SendSpark Workflow Resources.xlsx (76, source_index_candidate)","Local source/index file exists, but the actual artifact still needs recovery or export."
"rpm-0129","Marketing Resources","Affiliate Tools Discovery - Brief [Doc] | All Affiliate Sheet [Sheet]","text-url","google-doc","not_public_auth_required","auth_required","401","re-share from an accessible account, replace, or hide","preserve source index; recover/export actual artifact","source_index_only","Ref Docs/Work/Marketing/Affiliate Program/All Affiliate Resources.xlsx","source_index_candidate","63",".xlsx","19930","4b6c19bec1838a0f4eb6de78d493876aff4132647b668069a204ad4bd8a2c584","","All Affiliate Resources","assets/js/marketing_full_data.js","3750","text-url","https://docs.google.com/document/d/1BA7kIpQUgJAZO7IEdBC9mAEKTv2gM2aO62fH5toibtM","https://docs.google.com/document/d/1BA7kIpQUgJAZO7IEdBC9mAEKTv2gM2aO62fH5toibtM/export?format=txt","1BA7kIpQUgJAZO7IEdBC9mAEKTv2gM2aO62fH5toibtM","The local file preserves the row/source list, not necessarily the artifact content; recover or recreate before deleting.","Ref Docs/Work/Marketing/Affiliate Program/All Affiliate Resources.xlsx (63, source_index_candidate) | Ref Docs/Work/Writing/Archived_PDFs/50+ AI Marketing Tools - Taylor [PDF].pdf (24, artifact_candidate)","Local source/index file exists, but the actual artifact still needs recovery or export."
"rpm-0130","Marketing Resources","Brief - Logo Enrichment [Doc] | Case Study Creation Resources [Sheet]","text-url","google-doc","not_public_auth_required","auth_required","401","re-share from an accessible account, replace, or hide","preserve source index; recover/export actual artifact","source_index_only","Ref Docs/Work/Marketing/Case Study Creation/Case Study Creation Resources.xlsx","source_index_candidate","94",".xlsx","10699","75bc47a920f98f220f2f599c181e7fdb9a8b4d30eea1a5c57b49c9346781487d","","Case Study Creation Resources","assets/js/marketing_full_data.js","4301","text-url","https://docs.google.com/document/d/1czSNy7L3OERC-LqAzWMyLUEl6Tcb6RSePiCaoB2NWyE/edit?usp=drive_link","https://docs.google.com/document/d/1czSNy7L3OERC-LqAzWMyLUEl6Tcb6RSePiCaoB2NWyE/export?format=txt","1czSNy7L3OERC-LqAzWMyLUEl6Tcb6RSePiCaoB2NWyE","The local file preserves the row/source list, not necessarily the artifact content; recover or recreate before deleting.","Ref Docs/Work/Marketing/Case Study Creation/Case Study Creation Resources.xlsx (94, source_index_candidate) | Ref Docs/Work/Writing/Archived_PDFs/50+ AI Marketing Tools - Taylor [PDF].pdf (24, artifact_candidate)","Local source/index file exists, but the actual artifact still needs recovery or export."
"rpm-0131","Marketing Resources","Prompt - Linkedin Profile Update [Sheet] | Phone Verification [Sheet]","text-url","google-doc","not_public_auth_required","auth_required","401","re-share from an accessible account, replace, or hide","preserve source index; recover/export actual artifact","source_index_only","Ref Docs/Work/Marketing/Content Creator Program/Internal Resources - Content Creator Program.xlsx","source_index_candidate","66",".xlsx","24637","ca998a9820976b48306c14fd48f7e385466cdecc42d28d0cae99020814311cae","","Internal Resources - Content Creator Program","assets/js/marketing_full_data.js","406","text-url","https://docs.google.com/document/d/1dhUWFfYI_qNykgKAC1oltnQrViUw_vwrfuyiDYywaj8/","https://docs.google.com/document/d/1dhUWFfYI_qNykgKAC1oltnQrViUw_vwrfuyiDYywaj8/export?format=txt","1dhUWFfYI_qNykgKAC1oltnQrViUw_vwrfuyiDYywaj8","The local file preserves the row/source list, not necessarily the artifact content; recover or recreate before deleting.","Ref Docs/Work/Marketing/Content Creator Program/Internal Resources - Content Creator Program.xlsx (66, source_index_candidate) | Ref Docs/Work/Writing/Archived_PDFs/50+ AI Marketing Tools - Taylor [PDF].pdf (24, artifact_candidate)","Local source/index file exists, but the actual artifact still needs recovery or export."
"rpm-0132","Public Speaking","Prompt - Metrics for Testimonials / Case Studies [Doc] | Testimonial Metrics Examples [Sheet]","text-url","google-doc","not_public_auth_required","auth_required","401","re-share from an accessible account, replace, or hide","preserve manifest row; decide hide vs recreate","missing_artifact","","","","","","","","Testimonial Resources","assets/js/marketing_full_data.js","4833","text-url","https://docs.google.com/document/d/1DXggz3gwWRLF8ydVyq1RmUIF9pp27ru1v6RbQhoC_8c/","https://docs.google.com/document/d/1DXggz3gwWRLF8ydVyq1RmUIF9pp27ru1v6RbQhoC_8c/export?format=txt","1DXggz3gwWRLF8ydVyq1RmUIF9pp27ru1v6RbQhoC_8c","No likely offline artifact found; keep the manifest record and decide whether to hide the public link or rebuild the resource.","",""
"rpm-0133","Marketing Resources","Content Creators - Email / Message - Template [Doc] | Affiliate Inactivity - Emails - Template [Doc]","text-url","google-doc","not_public_auth_required","auth_required","401","re-share from an accessible account, replace, or hide","preserve source index; recover/export actual artifact","source_index_only","Ref Docs/Work/Marketing/Affiliate Program/All Affiliate Resources.xlsx","source_index_candidate","67",".xlsx","19930","4b6c19bec1838a0f4eb6de78d493876aff4132647b668069a204ad4bd8a2c584","","All Affiliate Resources","assets/js/marketing_full_data.js","4054","text-url","https://docs.google.com/document/d/1EWE-y8OpNL5Fd2GnAO9OTXACb9iXwIV--2vlTpOgcGo/edit?usp=drive_link","https://docs.google.com/document/d/1EWE-y8OpNL5Fd2GnAO9OTXACb9iXwIV--2vlTpOgcGo/export?format=txt","1EWE-y8OpNL5Fd2GnAO9OTXACb9iXwIV--2vlTpOgcGo","The local file preserves the row/source list, not necessarily the artifact content; recover or recreate before deleting.","Ref Docs/Work/Marketing/Affiliate Program/All Affiliate Resources.xlsx (67, source_index_candidate)","Local source/index file exists, but the actual artifact still needs recovery or export."
"rpm-0134","Marketing Resources","Brief - Influencer Marketing - Process + WorkFlow [Doc] | Internal Resources - Content Creators [Sheet]","text-url","google-doc","not_public_auth_required","auth_required","401","re-share from an accessible account, replace, or hide","preserve source index; recover/export actual artifact","source_index_only","Ref Docs/Work/Marketing/Content Creator Program/Internal Resources - Content Creator Program.xlsx","source_index_candidate","67",".xlsx","24637","ca998a9820976b48306c14fd48f7e385466cdecc42d28d0cae99020814311cae","","Internal Resources - Content Creator Program","assets/js/marketing_full_data.js","26","text-url","https://docs.google.com/document/d/1fLFO5UWuCmoA0HKlGv1NbqQAJJEnKuMJnzxt6cdSO9E/","https://docs.google.com/document/d/1fLFO5UWuCmoA0HKlGv1NbqQAJJEnKuMJnzxt6cdSO9E/export?format=txt","1fLFO5UWuCmoA0HKlGv1NbqQAJJEnKuMJnzxt6cdSO9E","The local file preserves the row/source list, not necessarily the artifact content; recover or recreate before deleting.","Ref Docs/Work/Marketing/Content Creator Program/Internal Resources - Content Creator Program.xlsx (67, source_index_candidate)","Local source/index file exists, but the actual artifact still needs recovery or export."
"rpm-0135","Email Outreach","Script - Hyp-Pers - SDR - Taylor [Doc] | Hyper-Personalization - Fields and Angles [Sheet]","text-url","google-doc","not_public_auth_required","auth_required","401","re-share from an accessible account, replace, or hide","preserve source index; recover/export actual artifact","source_index_only","Ref Docs/Work/Marketing/Email Outreach/Hyp-Pers SendSpark Workflow Resources.xlsx","source_index_candidate","76",".xlsx","21978","e336833fd995ab2b85c1b70beb47e8543c7ebc95678fa808d46b487cf00798d4","","Hyp-Pers SendSpark Workflow Resources","assets/js/marketing_full_data.js","3446","text-url","https://docs.google.com/document/d/1h2ETig1H1V_BUUebfN2qdaT7uhDChpmIySrRnfp8k_g/edit?usp=drive_link","https://docs.google.com/document/d/1h2ETig1H1V_BUUebfN2qdaT7uhDChpmIySrRnfp8k_g/export?format=txt","1h2ETig1H1V_BUUebfN2qdaT7uhDChpmIySrRnfp8k_g","The local file preserves the row/source list, not necessarily the artifact content; recover or recreate before deleting.","Ref Docs/Work/Marketing/Email Outreach/Hyp-Pers SendSpark Workflow Resources.xlsx (76, source_index_candidate)","Local source/index file exists, but the actual artifact still needs recovery or export."
"rpm-0136","Marketing Resources","Infl. DealFlow - Brief [Doc] | Influencer Tracking Template - Internal [Sheet]","text-url","google-doc","not_public_auth_required","auth_required","401","re-share from an accessible account, replace, or hide","preserve source index; recover/export actual artifact","source_index_only","Ref Docs/Work/Marketing/Content Creator Program/Internal Resources - Content Creator Program.xlsx","source_index_candidate","67",".xlsx","24637","ca998a9820976b48306c14fd48f7e385466cdecc42d28d0cae99020814311cae","","Internal Resources - Content Creator Program","assets/js/marketing_full_data.js","1014","text-url","https://docs.google.com/document/d/1KP4awNJvqHsX5NzD3Grj8rf1AMNGcC6cchKvdADebjA/","https://docs.google.com/document/d/1KP4awNJvqHsX5NzD3Grj8rf1AMNGcC6cchKvdADebjA/export?format=txt","1KP4awNJvqHsX5NzD3Grj8rf1AMNGcC6cchKvdADebjA","The local file preserves the row/source list, not necessarily the artifact content; recover or recreate before deleting.","Ref Docs/Work/Marketing/Content Creator Program/Internal Resources - Content Creator Program.xlsx (67, source_index_candidate)","Local source/index file exists, but the actual artifact still needs recovery or export."
"rpm-0137","Email Outreach","Outreach Template Creation - Brief **Needs Work [Doc] | Hyper Personalizaiton Tools [Sheet]","text-url","google-doc","not_public_auth_required","auth_required","401","re-share from an accessible account, replace, or hide","preserve source index; recover/export actual artifact","source_index_only","Ref Docs/Work/Marketing/Email Outreach/Hyp-Pers SendSpark Workflow Resources.xlsx","source_index_candidate","76",".xlsx","21978","e336833fd995ab2b85c1b70beb47e8543c7ebc95678fa808d46b487cf00798d4","","Hyp-Pers SendSpark Workflow Resources","assets/js/marketing_full_data.js","3389","text-url","https://docs.google.com/document/d/1lmhUydTgIeSZ23e7ewuqC3NmrWKWmlSEI7e6EMuN3_g","https://docs.google.com/document/d/1lmhUydTgIeSZ23e7ewuqC3NmrWKWmlSEI7e6EMuN3_g/export?format=txt","1lmhUydTgIeSZ23e7ewuqC3NmrWKWmlSEI7e6EMuN3_g","The local file preserves the row/source list, not necessarily the artifact content; recover or recreate before deleting.","Ref Docs/Work/Marketing/Email Outreach/Hyp-Pers SendSpark Workflow Resources.xlsx (76, source_index_candidate)","Local source/index file exists, but the actual artifact still needs recovery or export."
"rpm-0138","Marketing Resources","Infl. Offers - Brief [Doc] | Podcast Discovery [Sheet]","text-url","google-doc","not_public_auth_required","auth_required","401","re-share from an accessible account, replace, or hide","preserve source index; recover/export actual artifact","source_index_only","Ref Docs/Work/Marketing/Content Creator Program/Internal Resources - Content Creator Program.xlsx","source_index_candidate","66",".xlsx","24637","ca998a9820976b48306c14fd48f7e385466cdecc42d28d0cae99020814311cae","","Internal Resources - Content Creator Program","assets/js/marketing_full_data.js","235","text-url","https://docs.google.com/document/d/1m5rp9cjDlz0RC_Z_gn_90zw2sEQXN9-r6R2eiqtLZfA/","https://docs.google.com/document/d/1m5rp9cjDlz0RC_Z_gn_90zw2sEQXN9-r6R2eiqtLZfA/export?format=txt","1m5rp9cjDlz0RC_Z_gn_90zw2sEQXN9-r6R2eiqtLZfA","The local file preserves the row/source list, not necessarily the artifact content; recover or recreate before deleting.","Ref Docs/Work/Marketing/Content Creator Program/Internal Resources - Content Creator Program.xlsx (66, source_index_candidate)","Local source/index file exists, but the actual artifact still needs recovery or export."
"rpm-0139","Marketing Resources","Content Creators AF Invite - Prompt - ChatGPT [Doc] | Affiliate Inactivity - Prompts - ChatGPT [Doc]","text-url","google-doc","not_public_auth_required","auth_required","401","re-share from an accessible account, replace, or hide","preserve source index; recover/export actual artifact","source_index_only","Ref Docs/Work/Marketing/Affiliate Program/All Affiliate Resources.xlsx","source_index_candidate","64",".xlsx","19930","4b6c19bec1838a0f4eb6de78d493876aff4132647b668069a204ad4bd8a2c584","","All Affiliate Resources","assets/js/marketing_full_data.js","4149","text-url","https://docs.google.com/document/d/1mhorZyduDMTqguZ8KmupOJQs5zSWJuFfcQMF1sk7wYI/edit?usp=drive_link","https://docs.google.com/document/d/1mhorZyduDMTqguZ8KmupOJQs5zSWJuFfcQMF1sk7wYI/export?format=txt","1mhorZyduDMTqguZ8KmupOJQs5zSWJuFfcQMF1sk7wYI","The local file preserves the row/source list, not necessarily the artifact content; recover or recreate before deleting.","Ref Docs/Work/Marketing/Affiliate Program/All Affiliate Resources.xlsx (64, source_index_candidate)","Local source/index file exists, but the actual artifact still needs recovery or export."
"rpm-0140","Email Outreach","Hyp-Pers - Sendspark - Combine to Create Videos [Doc] | Hyp-Pers - Video For Sales - Brief [Doc]","text-url","google-doc","not_public_auth_required","auth_required","401","re-share from an accessible account, replace, or hide","preserve source index; recover/export actual artifact","source_index_only","Ref Docs/Work/Marketing/Email Outreach/Hyp-Pers SendSpark Workflow Resources.xlsx","source_index_candidate","76",".xlsx","21978","e336833fd995ab2b85c1b70beb47e8543c7ebc95678fa808d46b487cf00798d4","","Hyp-Pers SendSpark Workflow Resources","assets/js/marketing_full_data.js","3560","text-url","https://docs.google.com/document/d/1Ml3gPgxgNDDXZzXMSLobjDg_W1mAbWp_qAQt638Iznk/edit?usp=drive_link","https://docs.google.com/document/d/1Ml3gPgxgNDDXZzXMSLobjDg_W1mAbWp_qAQt638Iznk/export?format=txt","1Ml3gPgxgNDDXZzXMSLobjDg_W1mAbWp_qAQt638Iznk","The local file preserves the row/source list, not necessarily the artifact content; recover or recreate before deleting.","Ref Docs/Work/Marketing/Email Outreach/Hyp-Pers SendSpark Workflow Resources.xlsx (76, source_index_candidate)","Local source/index file exists, but the actual artifact still needs recovery or export."
"rpm-0141","Marketing Resources","Build Infl. Resources- Brief [Doc] | Shared Resources - Content Creator [Sheet]","text-url","google-doc","not_public_auth_required","auth_required","401","re-share from an accessible account, replace, or hide","preserve source index; recover/export actual artifact","source_index_only","Ref Docs/Work/Marketing/Content Creator Program/Internal Resources - Content Creator Program.xlsx","source_index_candidate","67",".xlsx","24637","ca998a9820976b48306c14fd48f7e385466cdecc42d28d0cae99020814311cae","","Internal Resources - Content Creator Program","assets/js/marketing_full_data.js","710","text-url","https://docs.google.com/document/d/1NHkNs0C_UwJzBe_m7qcoa5_FaJnpsV4qH1ged_mQMNc/","https://docs.google.com/document/d/1NHkNs0C_UwJzBe_m7qcoa5_FaJnpsV4qH1ged_mQMNc/export?format=txt","1NHkNs0C_UwJzBe_m7qcoa5_FaJnpsV4qH1ged_mQMNc","The local file preserves the row/source list, not necessarily the artifact content; recover or recreate before deleting.","Ref Docs/Work/Marketing/Content Creator Program/Internal Resources - Content Creator Program.xlsx (67, source_index_candidate) | Ref Docs/Work/Marketing/Content Creator Program/Shared Resources - Content Creator.xlsx (45, source_index_candidate)","Local source/index file exists, but the actual artifact still needs recovery or export."
"rpm-0142","Public Speaking","Testimonial Template [Doc] | Your Testimonial Metrics - Tailored to You [Sheet]","text-url","google-doc","not_public_auth_required","auth_required","401","re-share from an accessible account, replace, or hide","preserve manifest row; decide hide vs recreate","missing_artifact","","","","","","","","Testimonial Resources","assets/js/marketing_full_data.js","4871","text-url","https://docs.google.com/document/d/1NwDlTWegcA_VVx6sGoyXq57yKDA6M2cCdAbWSOLFpWc/edit?usp=drive_link","https://docs.google.com/document/d/1NwDlTWegcA_VVx6sGoyXq57yKDA6M2cCdAbWSOLFpWc/export?format=txt","1NwDlTWegcA_VVx6sGoyXq57yKDA6M2cCdAbWSOLFpWc","No likely offline artifact found; keep the manifest record and decide whether to hide the public link or rebuild the resource.","",""
"rpm-0143","Email Outreach","Hyp-Pers Sales Recording Workflow - Brief [Doc] | All Email Outreach Resources [Sheet]","text-url","google-doc","not_public_auth_required","auth_required","401","re-share from an accessible account, replace, or hide","preserve source index; recover/export actual artifact","source_index_only","Ref Docs/Work/Marketing/Email Outreach/Hyp-Pers SendSpark Workflow Resources.xlsx","source_index_candidate","77",".xlsx","21978","e336833fd995ab2b85c1b70beb47e8543c7ebc95678fa808d46b487cf00798d4","","Hyp-Pers SendSpark Workflow Resources | Email Outreach Templates","assets/js/marketing_full_data.js","3313","text-url","https://docs.google.com/document/d/1OHbJlC_xiFM7a5V8DdVf9JKgTRXhZ4EsVYrbUVSNKuA/edit?usp=drive_link","https://docs.google.com/document/d/1OHbJlC_xiFM7a5V8DdVf9JKgTRXhZ4EsVYrbUVSNKuA/export?format=txt","1OHbJlC_xiFM7a5V8DdVf9JKgTRXhZ4EsVYrbUVSNKuA","The local file preserves the row/source list, not necessarily the artifact content; recover or recreate before deleting.","Ref Docs/Work/Marketing/Email Outreach/Hyp-Pers SendSpark Workflow Resources.xlsx (77, source_index_candidate) | Ref Docs/Work/Marketing/Email Outreach/Email Outreach Templates.xlsx (67, source_index_candidate)","Local source/index file exists, but the actual artifact still needs recovery or export."
"rpm-0144","Marketing Resources","Influencer Management - Brief [Doc] | Brand Assets [Sheet]","text-url","google-doc","not_public_auth_required","auth_required","401","re-share from an accessible account, replace, or hide","preserve source index; recover/export actual artifact","source_index_only","Ref Docs/Work/Marketing/Content Creator Program/Internal Resources - Content Creator Program.xlsx","source_index_candidate","67",".xlsx","24637","ca998a9820976b48306c14fd48f7e385466cdecc42d28d0cae99020814311cae","","Internal Resources - Content Creator Program","assets/js/marketing_full_data.js","957","text-url","https://docs.google.com/document/d/1ONSJaW4h5jM7OFr0eTYgKNbaCZC5unNTcssTfEKrXX4/","https://docs.google.com/document/d/1ONSJaW4h5jM7OFr0eTYgKNbaCZC5unNTcssTfEKrXX4/export?format=txt","1ONSJaW4h5jM7OFr0eTYgKNbaCZC5unNTcssTfEKrXX4","The local file preserves the row/source list, not necessarily the artifact content; recover or recreate before deleting.","Ref Docs/Work/Marketing/Content Creator Program/Internal Resources - Content Creator Program.xlsx (67, source_index_candidate)","Local source/index file exists, but the actual artifact still needs recovery or export."
"rpm-0145","Marketing Resources","Case Study Interview Checklists [Doc] | Case Study - Email Outreach Templates [Doc]","text-url","google-doc","not_public_auth_required","auth_required","401","re-share from an accessible account, replace, or hide","preserve source index; recover/export actual artifact","source_index_only","Ref Docs/Work/Marketing/Case Study Creation/Case Study Creation Resources.xlsx","source_index_candidate","67",".xlsx","10699","75bc47a920f98f220f2f599c181e7fdb9a8b4d30eea1a5c57b49c9346781487d","","Case Study Creation Resources","assets/js/marketing_full_data.js","4377","text-url","https://docs.google.com/document/d/1p2sz_756FeYeCxjNUOLhPBkeSQlM5nP1_zUQ2fFnLZc/edit?usp=drive_link","https://docs.google.com/document/d/1p2sz_756FeYeCxjNUOLhPBkeSQlM5nP1_zUQ2fFnLZc/export?format=txt","1p2sz_756FeYeCxjNUOLhPBkeSQlM5nP1_zUQ2fFnLZc","The local file preserves the row/source list, not necessarily the artifact content; recover or recreate before deleting.","Ref Docs/Work/Marketing/Case Study Creation/Case Study Creation Resources.xlsx (67, source_index_candidate) | Ref Docs/Work/Marketing/Email Outreach/Email Outreach Templates.xlsx (45, source_index_candidate)","Local source/index file exists, but the actual artifact still needs recovery or export."
"rpm-0146","Marketing Resources","Build Fake Linkedin Accts - Brief GS [Sheet] | Contract Tools - Contract Creators [Sheet]","text-url","google-doc","not_public_auth_required","auth_required","401","re-share from an accessible account, replace, or hide","preserve source index; recover/export actual artifact","source_index_only","Ref Docs/Work/Marketing/Content Creator Program/Internal Resources - Content Creator Program.xlsx","source_index_candidate","66",".xlsx","24637","ca998a9820976b48306c14fd48f7e385466cdecc42d28d0cae99020814311cae","","Internal Resources - Content Creator Program","assets/js/marketing_full_data.js","311","text-url","https://docs.google.com/document/d/1r6sugdMTosp4UGxyjjknaRgSssqIbDEwkBEw5dLjeZY/","https://docs.google.com/document/d/1r6sugdMTosp4UGxyjjknaRgSssqIbDEwkBEw5dLjeZY/export?format=txt","1r6sugdMTosp4UGxyjjknaRgSssqIbDEwkBEw5dLjeZY","The local file preserves the row/source list, not necessarily the artifact content; recover or recreate before deleting.","Ref Docs/Work/Marketing/Content Creator Program/Internal Resources - Content Creator Program.xlsx (66, source_index_candidate) | Ref Docs/Work/Writing/Archived_PDFs/50+ AI Marketing Tools - Taylor [PDF].pdf (24, artifact_candidate)","Local source/index file exists, but the actual artifact still needs recovery or export."
"rpm-0147","Marketing Resources","Affiliate Inactivity - Emails - Template [Doc] | Affiliate Notification - Emails - Templates [Doc]","text-url","google-doc","not_public_auth_required","auth_required","401","re-share from an accessible account, replace, or hide","preserve source index; recover/export actual artifact","source_index_only","Ref Docs/Work/Marketing/Affiliate Program/All Affiliate Resources.xlsx","source_index_candidate","63",".xlsx","19930","4b6c19bec1838a0f4eb6de78d493876aff4132647b668069a204ad4bd8a2c584","","All Affiliate Resources","assets/js/marketing_full_data.js","4035","text-url","https://docs.google.com/document/d/1RAFxFmUtUzqKbONRLi0-o02S9vcpIjcRI-MDhTp8M3k/edit?usp=drive_link","https://docs.google.com/document/d/1RAFxFmUtUzqKbONRLi0-o02S9vcpIjcRI-MDhTp8M3k/export?format=txt","1RAFxFmUtUzqKbONRLi0-o02S9vcpIjcRI-MDhTp8M3k","The local file preserves the row/source list, not necessarily the artifact content; recover or recreate before deleting.","Ref Docs/Work/Marketing/Affiliate Program/All Affiliate Resources.xlsx (63, source_index_candidate)","Local source/index file exists, but the actual artifact still needs recovery or export."
"rpm-0148","Public Speaking","Testimonial Instructions - Example - Growth Secrets [Doc] | Testimonial Form [Form]","text-url","google-doc","not_public_auth_required","auth_required","401","re-share from an accessible account, replace, or hide","preserve manifest row; decide hide vs recreate","missing_artifact","","","","","","","","Testimonial Resources","assets/js/marketing_full_data.js","4909","text-url","https://docs.google.com/document/d/1RFWbEIlU4dTyP9pm1YPc57_RzGunl-Zb3g3Qkvkk4sE","https://docs.google.com/document/d/1RFWbEIlU4dTyP9pm1YPc57_RzGunl-Zb3g3Qkvkk4sE/export?format=txt","1RFWbEIlU4dTyP9pm1YPc57_RzGunl-Zb3g3Qkvkk4sE","No likely offline artifact found; keep the manifest record and decide whether to hide the public link or rebuild the resource.","",""
"rpm-0149","Marketing Resources","Before, During, After Onboarding Call - Brief [Doc] | Short Responses FAQ - Content Creator Program [Sheet]","text-url","google-doc","not_public_auth_required","auth_required","401","re-share from an accessible account, replace, or hide","preserve source index; recover/export actual artifact","source_index_only","Ref Docs/Work/Marketing/Content Creator Program/Internal Resources - Content Creator Program.xlsx","source_index_candidate","66",".xlsx","24637","ca998a9820976b48306c14fd48f7e385466cdecc42d28d0cae99020814311cae","","Internal Resources - Content Creator Program","assets/js/marketing_full_data.js","653","text-url","https://docs.google.com/document/d/1rTl0IJ6jAgwKD2Kh_S2ZJ1nCWGxtgLyx1uHLSsYLV7k/","https://docs.google.com/document/d/1rTl0IJ6jAgwKD2Kh_S2ZJ1nCWGxtgLyx1uHLSsYLV7k/export?format=txt","1rTl0IJ6jAgwKD2Kh_S2ZJ1nCWGxtgLyx1uHLSsYLV7k","The local file preserves the row/source list, not necessarily the artifact content; recover or recreate before deleting.","Ref Docs/Work/Marketing/Content Creator Program/Internal Resources - Content Creator Program.xlsx (66, source_index_candidate)","Local source/index file exists, but the actual artifact still needs recovery or export."
"rpm-0150","Marketing Resources","Build Affiliate Support Resources - Brief [Doc] | Affiliate Waitlist - Prompt - ChatGPT [Doc]","text-url","google-doc","not_public_auth_required","auth_required","401","re-share from an accessible account, replace, or hide","preserve source index; recover/export actual artifact","source_index_only","Ref Docs/Work/Marketing/Affiliate Program/All Affiliate Resources.xlsx","source_index_candidate","63",".xlsx","19930","4b6c19bec1838a0f4eb6de78d493876aff4132647b668069a204ad4bd8a2c584","","All Affiliate Resources","assets/js/marketing_full_data.js","4187","text-url","https://docs.google.com/document/d/1S2YZ7IWyEkeFCXkHqmfNXn-PdLTkDl32nr5V0JzRSSU/","https://docs.google.com/document/d/1S2YZ7IWyEkeFCXkHqmfNXn-PdLTkDl32nr5V0JzRSSU/export?format=txt","1S2YZ7IWyEkeFCXkHqmfNXn-PdLTkDl32nr5V0JzRSSU","The local file preserves the row/source list, not necessarily the artifact content; recover or recreate before deleting.","Ref Docs/Work/Marketing/Affiliate Program/All Affiliate Resources.xlsx (63, source_index_candidate)","Local source/index file exists, but the actual artifact still needs recovery or export."
"rpm-0151","Email Outreach","Create Video Example Templates - Brief - ***Needs work [Doc] | Video Guidelines for Recording [Doc]","text-url","google-doc","not_public_auth_required","auth_required","401","re-share from an accessible account, replace, or hide","preserve source index; recover/export actual artifact","source_index_only","Ref Docs/Work/Marketing/Email Outreach/Hyp-Pers SendSpark Workflow Resources.xlsx","source_index_candidate","76",".xlsx","21978","e336833fd995ab2b85c1b70beb47e8543c7ebc95678fa808d46b487cf00798d4","","Hyp-Pers SendSpark Workflow Resources","assets/js/marketing_full_data.js","3503","text-url","https://docs.google.com/document/d/1tq4xCb0cgAheHa-AjcrES5UpYesIHCPWHDgPr_WBC_8/edit?usp=drive_link","https://docs.google.com/document/d/1tq4xCb0cgAheHa-AjcrES5UpYesIHCPWHDgPr_WBC_8/export?format=txt","1tq4xCb0cgAheHa-AjcrES5UpYesIHCPWHDgPr_WBC_8","The local file preserves the row/source list, not necessarily the artifact content; recover or recreate before deleting.","Ref Docs/Work/Marketing/Email Outreach/Hyp-Pers SendSpark Workflow Resources.xlsx (76, source_index_candidate)","Local source/index file exists, but the actual artifact still needs recovery or export."
"rpm-0152","Email Outreach","Hyp-Pers - Email Templates - Short - Taylor [Doc] | Outreach Template Creation - Brief **Needs Work [Doc]","text-url","google-doc","not_public_auth_required","auth_required","401","re-share from an accessible account, replace, or hide","preserve source index; recover/export actual artifact","source_index_only","Ref Docs/Work/Marketing/Email Outreach/Hyp-Pers SendSpark Workflow Resources.xlsx","source_index_candidate","76",".xlsx","21978","e336833fd995ab2b85c1b70beb47e8543c7ebc95678fa808d46b487cf00798d4","","All Email Outreach Resources - TaylorRyanPortfolio | Hyp-Pers SendSpark Workflow Resources","assets/js/marketing_full_data.js","3408","text-url","https://docs.google.com/document/d/1UeLZLlOwyf9lGLyiauX3v_gMcNkd6Ti10-rOm8tJaBk/edit?usp=drive_link","https://docs.google.com/document/d/1UeLZLlOwyf9lGLyiauX3v_gMcNkd6Ti10-rOm8tJaBk/export?format=txt","1UeLZLlOwyf9lGLyiauX3v_gMcNkd6Ti10-rOm8tJaBk","The local file preserves the row/source list, not necessarily the artifact content; recover or recreate before deleting.","Ref Docs/Work/Marketing/Email Outreach/Hyp-Pers SendSpark Workflow Resources.xlsx (76, source_index_candidate) | Ref Docs/Work/Marketing/Email Outreach/All Email Outreach Resources - TaylorRyanPortfolio (1).xlsx (48, source_index_candidate)","Local source/index file exists, but the actual artifact still needs recovery or export."
"rpm-0153","Marketing Resources","Infl. Targeting - Brief [Doc] | Infl Targeting [Sheet]","text-url","google-doc","not_public_auth_required","auth_required","401","re-share from an accessible account, replace, or hide","preserve source index; recover/export actual artifact","source_index_only","Ref Docs/Work/Marketing/Content Creator Program/Internal Resources - Content Creator Program.xlsx","source_index_candidate","67",".xlsx","24637","ca998a9820976b48306c14fd48f7e385466cdecc42d28d0cae99020814311cae","","Internal Resources - Content Creator Program","assets/js/marketing_full_data.js","159","text-url","https://docs.google.com/document/d/1waqNUkYSnYJFIKiio3alDJmVDSGjdPzwYSakXsRjJ1A/","https://docs.google.com/document/d/1waqNUkYSnYJFIKiio3alDJmVDSGjdPzwYSakXsRjJ1A/export?format=txt","1waqNUkYSnYJFIKiio3alDJmVDSGjdPzwYSakXsRjJ1A","The local file preserves the row/source list, not necessarily the artifact content; recover or recreate before deleting.","Ref Docs/Work/Marketing/Content Creator Program/Internal Resources - Content Creator Program.xlsx (67, source_index_candidate)","Local source/index file exists, but the actual artifact still needs recovery or export."
"rpm-0154","Marketing Resources","Affiliate Inactivity - Prompts - ChatGPT [Doc] | Affiliate Notification - Prompt - ChatGPT [Doc]","text-url","google-doc","not_public_auth_required","auth_required","401","re-share from an accessible account, replace, or hide","preserve source index; recover/export actual artifact","source_index_only","Ref Docs/Work/Marketing/Affiliate Program/All Affiliate Resources.xlsx","source_index_candidate","64",".xlsx","19930","4b6c19bec1838a0f4eb6de78d493876aff4132647b668069a204ad4bd8a2c584","","All Affiliate Resources","assets/js/marketing_full_data.js","4130","text-url","https://docs.google.com/document/d/1WebH9ivE2FBl8P2jxs_7oKaC6huy2CiTG0QHNnjujtk/edit?usp=drive_link","https://docs.google.com/document/d/1WebH9ivE2FBl8P2jxs_7oKaC6huy2CiTG0QHNnjujtk/export?format=txt","1WebH9ivE2FBl8P2jxs_7oKaC6huy2CiTG0QHNnjujtk","The local file preserves the row/source list, not necessarily the artifact content; recover or recreate before deleting.","Ref Docs/Work/Marketing/Affiliate Program/All Affiliate Resources.xlsx (64, source_index_candidate)","Local source/index file exists, but the actual artifact still needs recovery or export."
"rpm-0155","Marketing Resources","Affiliate Notification - Emails - Templates [Doc] | Affiliate Welcome - Emails - Template [Doc]","text-url","google-doc","not_public_auth_required","auth_required","401","re-share from an accessible account, replace, or hide","preserve source index; recover/export actual artifact","source_index_only","Ref Docs/Work/Marketing/Affiliate Program/All Affiliate Resources.xlsx","source_index_candidate","64",".xlsx","19930","4b6c19bec1838a0f4eb6de78d493876aff4132647b668069a204ad4bd8a2c584","","All Affiliate Resources","assets/js/marketing_full_data.js","4016","text-url","https://docs.google.com/document/d/1wguzQEDs9XmfCOyUZp1cUydzpKgpu6qc0ryclA0FlaM/edit?usp=drive_link","https://docs.google.com/document/d/1wguzQEDs9XmfCOyUZp1cUydzpKgpu6qc0ryclA0FlaM/export?format=txt","1wguzQEDs9XmfCOyUZp1cUydzpKgpu6qc0ryclA0FlaM","The local file preserves the row/source list, not necessarily the artifact content; recover or recreate before deleting.","Ref Docs/Work/Marketing/Affiliate Program/All Affiliate Resources.xlsx (64, source_index_candidate)","Local source/index file exists, but the actual artifact still needs recovery or export."
"rpm-0156","Public Speaking","Prompt - Testimonial Prompt [Doc] | Testimonial Email Outreach Templates [Doc]","text-url","google-doc","not_public_auth_required","auth_required","401","re-share from an accessible account, replace, or hide","preserve manifest row; decide hide vs recreate","missing_artifact","Ref Docs/Work/Marketing/Email Outreach/Email Outreach Templates.xlsx","source_index_candidate","35",".xlsx","15569","df950e97de6e2d3eb1b0777ab49bfcc1a21fefcbf68a968dbc26431c65dcf07c","","Testimonial Resources","assets/js/marketing_full_data.js","4947","text-url","https://docs.google.com/document/d/1WpPmS9mANI5D7Xlb_pNOgPJF-58ELmEP0cyXHIbG0QE/edit?usp=drive_link","https://docs.google.com/document/d/1WpPmS9mANI5D7Xlb_pNOgPJF-58ELmEP0cyXHIbG0QE/export?format=txt","1WpPmS9mANI5D7Xlb_pNOgPJF-58ELmEP0cyXHIbG0QE","No likely offline artifact found; keep the manifest record and decide whether to hide the public link or rebuild the resource.","Ref Docs/Work/Marketing/Email Outreach/Email Outreach Templates.xlsx (35, source_index_candidate)",""
"rpm-0157","Marketing Resources","Affiliate Waitlist - Prompt - ChatGPT [Doc] | Content Creators AF Invite - Prompt - ChatGPT [Doc]","text-url","google-doc","not_public_auth_required","auth_required","401","re-share from an accessible account, replace, or hide","preserve source index; recover/export actual artifact","source_index_only","Ref Docs/Work/Marketing/Affiliate Program/All Affiliate Resources.xlsx","source_index_candidate","64",".xlsx","19930","4b6c19bec1838a0f4eb6de78d493876aff4132647b668069a204ad4bd8a2c584","","All Affiliate Resources","assets/js/marketing_full_data.js","4168","text-url","https://docs.google.com/document/d/1x1i8M5yIkFXIrEIldkS2IrrqsSiowQPLe5Xc3VGaI1k/edit?usp=drive_link","https://docs.google.com/document/d/1x1i8M5yIkFXIrEIldkS2IrrqsSiowQPLe5Xc3VGaI1k/export?format=txt","1x1i8M5yIkFXIrEIldkS2IrrqsSiowQPLe5Xc3VGaI1k","The local file preserves the row/source list, not necessarily the artifact content; recover or recreate before deleting.","Ref Docs/Work/Marketing/Affiliate Program/All Affiliate Resources.xlsx (64, source_index_candidate)","Local source/index file exists, but the actual artifact still needs recovery or export."
"rpm-0158","Marketing Resources","Affiliate Welcome - Prompt - ChatGPT [Doc] | Affiliate Waitlist - Emails - Template [Doc]","text-url","google-doc","not_public_auth_required","auth_required","401","re-share from an accessible account, replace, or hide","preserve source index; recover/export actual artifact","source_index_only","Ref Docs/Work/Marketing/Affiliate Program/All Affiliate Resources.xlsx","source_index_candidate","64",".xlsx","19930","4b6c19bec1838a0f4eb6de78d493876aff4132647b668069a204ad4bd8a2c584","","All Affiliate Resources","assets/js/marketing_full_data.js","4092","text-url","https://docs.google.com/document/d/1XgNbA56GpWdjGY1C9jgs0lQ9fsKoJlelW_1rIkAYbWU/edit?usp=drive_link","https://docs.google.com/document/d/1XgNbA56GpWdjGY1C9jgs0lQ9fsKoJlelW_1rIkAYbWU/export?format=txt","1XgNbA56GpWdjGY1C9jgs0lQ9fsKoJlelW_1rIkAYbWU","The local file preserves the row/source list, not necessarily the artifact content; recover or recreate before deleting.","Ref Docs/Work/Marketing/Affiliate Program/All Affiliate Resources.xlsx (64, source_index_candidate)","Local source/index file exists, but the actual artifact still needs recovery or export."
"rpm-0159","Marketing Resources","Affiliate Setup And Terms - Brief [Doc] | Affiliate Landing Pages [Figma]","text-url","google-doc","not_public_auth_required","auth_required","401","re-share from an accessible account, replace, or hide","preserve source index; recover/export actual artifact","source_index_only","Ref Docs/Work/Marketing/Affiliate Program/All Affiliate Resources.xlsx","source_index_candidate","67",".xlsx","19930","4b6c19bec1838a0f4eb6de78d493876aff4132647b668069a204ad4bd8a2c584","","All Affiliate Resources","assets/js/marketing_full_data.js","3864","text-url","https://docs.google.com/document/d/1xikcl2kIsZTYuv3bKjKtCPbWVSbU2tUpBkeN-83Cny0/","https://docs.google.com/document/d/1xikcl2kIsZTYuv3bKjKtCPbWVSbU2tUpBkeN-83Cny0/export?format=txt","1xikcl2kIsZTYuv3bKjKtCPbWVSbU2tUpBkeN-83Cny0","The local file preserves the row/source list, not necessarily the artifact content; recover or recreate before deleting.","Ref Docs/Work/Marketing/Affiliate Program/All Affiliate Resources.xlsx (67, source_index_candidate)","Local source/index file exists, but the actual artifact still needs recovery or export."
"rpm-0160","Marketing Resources","Affiliate Welcome - Emails - Template [Doc] | Affiliate Email Templates and Prompts [Sheet]","text-url","google-doc","not_public_auth_required","auth_required","401","re-share from an accessible account, replace, or hide","preserve source index; recover/export actual artifact","source_index_only","Ref Docs/Work/Marketing/Affiliate Program/All Affiliate Resources.xlsx","source_index_candidate","64",".xlsx","19930","4b6c19bec1838a0f4eb6de78d493876aff4132647b668069a204ad4bd8a2c584","","All Affiliate Resources","assets/js/marketing_full_data.js","3997","text-url","https://docs.google.com/document/d/1XpAs6MkXg3m1j60QqDktq-ECwVhHfSyeGwzRHdB1bas/edit?usp=drive_link","https://docs.google.com/document/d/1XpAs6MkXg3m1j60QqDktq-ECwVhHfSyeGwzRHdB1bas/export?format=txt","1XpAs6MkXg3m1j60QqDktq-ECwVhHfSyeGwzRHdB1bas","The local file preserves the row/source list, not necessarily the artifact content; recover or recreate before deleting.","Ref Docs/Work/Marketing/Affiliate Program/All Affiliate Resources.xlsx (64, source_index_candidate)","Local source/index file exists, but the actual artifact still needs recovery or export."
"rpm-0161","Marketing Resources","Infl. Discovery Tools and Methods - Brief [Doc] | Infl Discovery Tools [Sheet]","text-url","google-doc","not_public_auth_required","auth_required","401","re-share from an accessible account, replace, or hide","preserve source index; recover/export actual artifact","source_index_only","Ref Docs/Work/Marketing/Content Creator Program/Internal Resources - Content Creator Program.xlsx","source_index_candidate","67",".xlsx","24637","ca998a9820976b48306c14fd48f7e385466cdecc42d28d0cae99020814311cae","","Internal Resources - Content Creator Program","assets/js/marketing_full_data.js","121","text-url","https://docs.google.com/document/d/1ZA64zPdEKMsrRu_4_TXM16TeSTR1knfkPEBr68MGYTs/","https://docs.google.com/document/d/1ZA64zPdEKMsrRu_4_TXM16TeSTR1knfkPEBr68MGYTs/export?format=txt","1ZA64zPdEKMsrRu_4_TXM16TeSTR1knfkPEBr68MGYTs","The local file preserves the row/source list, not necessarily the artifact content; recover or recreate before deleting.","Ref Docs/Work/Marketing/Content Creator Program/Internal Resources - Content Creator Program.xlsx (67, source_index_candidate) | Ref Docs/Work/Writing/Archived_PDFs/50+ AI Marketing Tools - Taylor [PDF].pdf (24, artifact_candidate)","Local source/index file exists, but the actual artifact still needs recovery or export."
"rpm-0162","Email Outreach","Hyp-Pers - Video For Sales - Brief [Doc] | Hyp-Pers - Video Recording Resources [Sheet]","text-url","google-doc","not_public_auth_required","auth_required","401","re-share from an accessible account, replace, or hide","preserve source index; recover/export actual artifact","source_index_only","Ref Docs/Work/Marketing/Email Outreach/Hyp-Pers SendSpark Workflow Resources.xlsx","source_index_candidate","76",".xlsx","21978","e336833fd995ab2b85c1b70beb47e8543c7ebc95678fa808d46b487cf00798d4","","Hyp-Pers SendSpark Workflow Resources","assets/js/marketing_full_data.js","3541","text-url","https://docs.google.com/document/d/1ZFYENMaRdIaib6qCBGG4psMp4psYqcUJzjfaIEwd-iQ/edit?usp=drive_link","https://docs.google.com/document/d/1ZFYENMaRdIaib6qCBGG4psMp4psYqcUJzjfaIEwd-iQ/export?format=txt","1ZFYENMaRdIaib6qCBGG4psMp4psYqcUJzjfaIEwd-iQ","The local file preserves the row/source list, not necessarily the artifact content; recover or recreate before deleting.","Ref Docs/Work/Marketing/Email Outreach/Hyp-Pers SendSpark Workflow Resources.xlsx (76, source_index_candidate)","Local source/index file exists, but the actual artifact still needs recovery or export."
"rpm-0163","Marketing Resources","Affiliate Marketing Brief [Doc] | Affiliate Marketing [Folder]","text-url","google-doc","not_public_auth_required","auth_required","401","re-share from an accessible account, replace, or hide","preserve source index; recover/export actual artifact","source_index_only","Ref Docs/Work/Marketing/Email Outreach/Hyp-Pers SendSpark Workflow Resources.xlsx","source_index_candidate","70",".xlsx","21978","e336833fd995ab2b85c1b70beb47e8543c7ebc95678fa808d46b487cf00798d4","","All Affiliate Resources | Hyp-Pers SendSpark Workflow Resources","assets/js/marketing_full_data.js","3712","text-url","https://docs.google.com/document/d/1ZTg0-PmFy_QNdakd8jhIIE9HNOAlmTTzcRoYFk13xf8/","https://docs.google.com/document/d/1ZTg0-PmFy_QNdakd8jhIIE9HNOAlmTTzcRoYFk13xf8/export?format=txt","1ZTg0-PmFy_QNdakd8jhIIE9HNOAlmTTzcRoYFk13xf8","The local file preserves the row/source list, not necessarily the artifact content; recover or recreate before deleting.","Ref Docs/Work/Marketing/Email Outreach/Hyp-Pers SendSpark Workflow Resources.xlsx (70, source_index_candidate) | Ref Docs/Work/Marketing/Affiliate Program/All Affiliate Resources.xlsx (67, source_index_candidate)","Local source/index file exists, but the actual artifact still needs recovery or export."
"rpm-0164","Marketing Resources","LinkedHelper Campaign Workflow - Brief [Doc] | Linkedin Auto Outreach Tools [Sheet]","text-url","google-doc","not_public_auth_required","auth_required","401","re-share from an accessible account, replace, or hide","preserve source index; recover/export actual artifact","source_index_only","Ref Docs/Work/Marketing/Content Creator Program/Internal Resources - Content Creator Program.xlsx","source_index_candidate","67",".xlsx","24637","ca998a9820976b48306c14fd48f7e385466cdecc42d28d0cae99020814311cae","","Internal Resources - Content Creator Program","assets/js/marketing_full_data.js","577","text-url","https://docs.google.com/document/d/1zZx2ikHL2Kuej01WB6kV0S2pkoNOGsLm6wevq8Z3XGI","https://docs.google.com/document/d/1zZx2ikHL2Kuej01WB6kV0S2pkoNOGsLm6wevq8Z3XGI/export?format=txt","1zZx2ikHL2Kuej01WB6kV0S2pkoNOGsLm6wevq8Z3XGI","The local file preserves the row/source list, not necessarily the artifact content; recover or recreate before deleting.","Ref Docs/Work/Marketing/Content Creator Program/Internal Resources - Content Creator Program.xlsx (67, source_index_candidate) | Ref Docs/Work/Writing/Archived_PDFs/50+ AI Marketing Tools - Taylor [PDF].pdf (24, artifact_candidate) | Ref Docs/Work/Writing/Archived_PDFs/Marketing Automation Best Practices for B2B Companies - Taylor [PDF].pdf (24, artifact_candidate)","Local source/index file exists, but the actual artifact still needs recovery or export."
"rpm-0165","Quests","RHEA Finance – August Trade Competition","text-url","google-doc","not_public_auth_required","auth_required","401","re-share from an accessible account, replace, or hide","preserve source index; recover/export actual artifact","source_index_only","Ref Docs/Work/Quests/Quests - Taylor Portfolio - Sheet1.csv","source_index_candidate","75",".csv","28332","3808f64c0d2ef7a1d955659edd4e726ba0f4cbb03262d585a7abdc0f11e38668","Ref Docs/Work/Quests/Quests - Taylor Portfolio - Sheet1.csv","","assets/js/quests_data.js","","links.quest_doc | text-url","https://docs.google.com/document/d/1-kRjihpDBxLOfXhwDJYUk8aHJbpFfu7VfNrbO4WYInI/","https://docs.google.com/document/d/1-kRjihpDBxLOfXhwDJYUk8aHJbpFfu7VfNrbO4WYInI/export?format=txt","1-kRjihpDBxLOfXhwDJYUk8aHJbpFfu7VfNrbO4WYInI","The local file preserves the row/source list, not necessarily the artifact content; recover or recreate before deleting.","Ref Docs/Work/Quests/Quests - Taylor Portfolio - Sheet1.csv (75, source_index_candidate) | Ref Docs/Work/Quests/Overview and Summary/V1Overview & Summary - Quest Portfolio (2).docx (24, artifact_candidate) | Ref Docs/Work/Quests/Quest Resources/Enrichment Resources/Prompt- Quest Project Research.docx (24, artifact_candidate) | Ref Docs/Work/Quests/Quest Resources/Quest Building/Prompt - Quest Prompt.docx (24, artifact_candidate) | Ref Docs/Work/Quests/Quest Resources/Quest Building/Template - Quest Template.docx (24, artifact_candidate)","Local source/index file exists, but the actual artifact still needs recovery or export."
"rpm-0166","Quests","Strata – Structured yield on USDe","text-url","google-doc","not_public_auth_required","auth_required","401","re-share from an accessible account, replace, or hide","preserve source index; recover/export actual artifact","source_index_only","Ref Docs/Work/Quests/Quests - Taylor Portfolio - Sheet1.csv","source_index_candidate","76",".csv","28332","3808f64c0d2ef7a1d955659edd4e726ba0f4cbb03262d585a7abdc0f11e38668","Ref Docs/Work/Quests/Quests - Taylor Portfolio - Sheet1.csv","","assets/js/quests_data.js","","links.quest_doc | text-url","https://docs.google.com/document/d/10jzwFHG_VxaahCma3-a1JzMjb7utxJkPED7OyOSEdVY/","https://docs.google.com/document/d/10jzwFHG_VxaahCma3-a1JzMjb7utxJkPED7OyOSEdVY/export?format=txt","10jzwFHG_VxaahCma3-a1JzMjb7utxJkPED7OyOSEdVY","The local file preserves the row/source list, not necessarily the artifact content; recover or recreate before deleting.","Ref Docs/Work/Quests/Quests - Taylor Portfolio - Sheet1.csv (76, source_index_candidate) | Ref Docs/Work/Quests/Overview and Summary/V1Overview & Summary - Quest Portfolio (2).docx (25, artifact_candidate) | Ref Docs/Work/Quests/Quest Resources/Enrichment Resources/Prompt- Quest Project Research.docx (25, artifact_candidate) | Ref Docs/Work/Quests/Quest Resources/Quest Building/Prompt - Quest Prompt.docx (25, artifact_candidate) | Ref Docs/Work/Quests/Quest Resources/Quest Building/Template - Quest Template.docx (25, artifact_candidate)","Local source/index file exists, but the actual artifact still needs recovery or export."
"rpm-0167","Quests","Explore Terminal’s Root Access Program","text-url","google-doc","not_public_auth_required","auth_required","401","re-share from an accessible account, replace, or hide","preserve source index; recover/export actual artifact","source_index_only","Ref Docs/Work/Quests/Quests - Taylor Portfolio - Sheet1.csv","source_index_candidate","75",".csv","28332","3808f64c0d2ef7a1d955659edd4e726ba0f4cbb03262d585a7abdc0f11e38668","Ref Docs/Work/Quests/Quests - Taylor Portfolio - Sheet1.csv","","assets/js/quests_data.js","","links.quest_doc | text-url","https://docs.google.com/document/d/142TlV4t-_vzgp7dgKxKW9a3SUbREUOFFyRxPArT2ZJU/","https://docs.google.com/document/d/142TlV4t-_vzgp7dgKxKW9a3SUbREUOFFyRxPArT2ZJU/export?format=txt","142TlV4t-_vzgp7dgKxKW9a3SUbREUOFFyRxPArT2ZJU","The local file preserves the row/source list, not necessarily the artifact content; recover or recreate before deleting.","Ref Docs/Work/Quests/Quests - Taylor Portfolio - Sheet1.csv (75, source_index_candidate) | Ref Docs/Work/Quests/Overview and Summary/V1Overview & Summary - Quest Portfolio (2).docx (24, artifact_candidate) | Ref Docs/Work/Quests/Quest Resources/Enrichment Resources/Prompt- Quest Project Research.docx (24, artifact_candidate) | Ref Docs/Work/Quests/Quest Resources/Quest Building/Prompt - Quest Prompt.docx (24, artifact_candidate) | Ref Docs/Work/Quests/Quest Resources/Quest Building/Template - Quest Template.docx (24, artifact_candidate)","Local source/index file exists, but the actual artifact still needs recovery or export."
"rpm-0168","Quests","GMGN – Copy Trade & Snipe Tokens","text-url","google-doc","not_public_auth_required","auth_required","401","re-share from an accessible account, replace, or hide","preserve source index; recover/export actual artifact","source_index_only","Ref Docs/Work/Quests/Quests - Taylor Portfolio - Sheet1.csv","source_index_candidate","75",".csv","28332","3808f64c0d2ef7a1d955659edd4e726ba0f4cbb03262d585a7abdc0f11e38668","Ref Docs/Work/Quests/Quests - Taylor Portfolio - Sheet1.csv","","assets/js/quests_data.js","","links.quest_doc | text-url","https://docs.google.com/document/d/15bfhaKrm8__l2CTvzwlfIj-XxIQZMAa1ARrGXNI7g-M/","https://docs.google.com/document/d/15bfhaKrm8__l2CTvzwlfIj-XxIQZMAa1ARrGXNI7g-M/export?format=txt","15bfhaKrm8__l2CTvzwlfIj-XxIQZMAa1ARrGXNI7g-M","The local file preserves the row/source list, not necessarily the artifact content; recover or recreate before deleting.","Ref Docs/Work/Quests/Quests - Taylor Portfolio - Sheet1.csv (75, source_index_candidate) | Ref Docs/Work/Quests/Overview and Summary/V1Overview & Summary - Quest Portfolio (2).docx (24, artifact_candidate) | Ref Docs/Work/Quests/Quest Resources/Enrichment Resources/Prompt- Quest Project Research.docx (24, artifact_candidate) | Ref Docs/Work/Quests/Quest Resources/Quest Building/Prompt - Quest Prompt.docx (24, artifact_candidate) | Ref Docs/Work/Quests/Quest Resources/Quest Building/Template - Quest Template.docx (24, artifact_candidate)","Local source/index file exists, but the actual artifact still needs recovery or export."
"rpm-0169","Quests","AITV.gg – AI Hosts, Real Rewards","text-url","google-doc","not_public_auth_required","auth_required","401","re-share from an accessible account, replace, or hide","preserve source index; recover/export actual artifact","source_index_only","Ref Docs/Work/Quests/Quests - Taylor Portfolio - Sheet1.csv","source_index_candidate","75",".csv","28332","3808f64c0d2ef7a1d955659edd4e726ba0f4cbb03262d585a7abdc0f11e38668","Ref Docs/Work/Quests/Quests - Taylor Portfolio - Sheet1.csv","","assets/js/quests_data.js","","links.quest_doc | text-url","https://docs.google.com/document/d/17vWU1iiFvBbzEtv-JInb0Oop8WM7OAh9M9DuAoTvwy0","https://docs.google.com/document/d/17vWU1iiFvBbzEtv-JInb0Oop8WM7OAh9M9DuAoTvwy0/export?format=txt","17vWU1iiFvBbzEtv-JInb0Oop8WM7OAh9M9DuAoTvwy0","The local file preserves the row/source list, not necessarily the artifact content; recover or recreate before deleting.","Ref Docs/Work/Quests/Quests - Taylor Portfolio - Sheet1.csv (75, source_index_candidate) | Ref Docs/Work/Quests/Overview and Summary/V1Overview & Summary - Quest Portfolio (2).docx (24, artifact_candidate) | Ref Docs/Work/Quests/Quest Resources/Enrichment Resources/Prompt- Quest Project Research.docx (24, artifact_candidate) | Ref Docs/Work/Quests/Quest Resources/Quest Building/Prompt - Quest Prompt.docx (24, artifact_candidate) | Ref Docs/Work/Quests/Quest Resources/Quest Building/Template - Quest Template.docx (24, artifact_candidate)","Local source/index file exists, but the actual artifact still needs recovery or export."
"rpm-0170","Quests","Solana Lending with Loopscale","text-url","google-doc","not_public_auth_required","auth_required","401","re-share from an accessible account, replace, or hide","preserve source index; recover/export actual artifact","source_index_only","Ref Docs/Work/Quests/Quests - Taylor Portfolio - Sheet1.csv","source_index_candidate","76",".csv","28332","3808f64c0d2ef7a1d955659edd4e726ba0f4cbb03262d585a7abdc0f11e38668","Ref Docs/Work/Quests/Quests - Taylor Portfolio - Sheet1.csv","","assets/js/quests_data.js","","links.quest_doc | text-url","https://docs.google.com/document/d/1A-9tz265y6-6ffNUmsLSz_uYbVmLzFtwQkjR7C5yfKE/","https://docs.google.com/document/d/1A-9tz265y6-6ffNUmsLSz_uYbVmLzFtwQkjR7C5yfKE/export?format=txt","1A-9tz265y6-6ffNUmsLSz_uYbVmLzFtwQkjR7C5yfKE","The local file preserves the row/source list, not necessarily the artifact content; recover or recreate before deleting.","Ref Docs/Work/Quests/Quests - Taylor Portfolio - Sheet1.csv (76, source_index_candidate) | Ref Docs/Work/Quests/Overview and Summary/V1Overview & Summary - Quest Portfolio (2).docx (25, artifact_candidate) | Ref Docs/Work/Quests/Quest Resources/Enrichment Resources/Prompt- Quest Project Research.docx (25, artifact_candidate) | Ref Docs/Work/Quests/Quest Resources/Quest Building/Prompt - Quest Prompt.docx (25, artifact_candidate) | Ref Docs/Work/Quests/Quest Resources/Quest Building/Template - Quest Template.docx (25, artifact_candidate)","Local source/index file exists, but the actual artifact still needs recovery or export."
"rpm-0171","Quests","Discover ZenChain Testnet","text-url","google-doc","not_public_auth_required","auth_required","401","re-share from an accessible account, replace, or hide","preserve source index; recover/export actual artifact","source_index_only","Ref Docs/Work/Quests/Quests - Taylor Portfolio - Sheet1.csv","source_index_candidate","76",".csv","28332","3808f64c0d2ef7a1d955659edd4e726ba0f4cbb03262d585a7abdc0f11e38668","Ref Docs/Work/Quests/Quests - Taylor Portfolio - Sheet1.csv","","assets/js/quests_data.js","","links.quest_doc | text-url","https://docs.google.com/document/d/1abzM0YB02FgPuQGbXk2ChPgZuTBrpxWSe2OyZJBU2_A/","https://docs.google.com/document/d/1abzM0YB02FgPuQGbXk2ChPgZuTBrpxWSe2OyZJBU2_A/export?format=txt","1abzM0YB02FgPuQGbXk2ChPgZuTBrpxWSe2OyZJBU2_A","The local file preserves the row/source list, not necessarily the artifact content; recover or recreate before deleting.","Ref Docs/Work/Quests/Quests - Taylor Portfolio - Sheet1.csv (76, source_index_candidate) | Ref Docs/Work/Quests/Overview and Summary/V1Overview & Summary - Quest Portfolio (2).docx (25, artifact_candidate) | Ref Docs/Work/Quests/Quest Resources/Enrichment Resources/Prompt- Quest Project Research.docx (25, artifact_candidate) | Ref Docs/Work/Quests/Quest Resources/Quest Building/Prompt - Quest Prompt.docx (25, artifact_candidate) | Ref Docs/Work/Quests/Quest Resources/Quest Building/Template - Quest Template.docx (25, artifact_candidate)","Local source/index file exists, but the actual artifact still needs recovery or export."
"rpm-0172","Quests","Ducat Quanta Quickstart","text-url","google-doc","not_public_auth_required","auth_required","401","re-share from an accessible account, replace, or hide","preserve source index; recover/export actual artifact","source_index_only","Ref Docs/Work/Quests/Quests - Taylor Portfolio - Sheet1.csv","source_index_candidate","75",".csv","28332","3808f64c0d2ef7a1d955659edd4e726ba0f4cbb03262d585a7abdc0f11e38668","Ref Docs/Work/Quests/Quests - Taylor Portfolio - Sheet1.csv","","assets/js/quests_data.js","","links.quest_doc | text-url","https://docs.google.com/document/d/1bVYxM89cAppQ0QKYlSavRl8t7myB3phQumAx8VGnUs8/","https://docs.google.com/document/d/1bVYxM89cAppQ0QKYlSavRl8t7myB3phQumAx8VGnUs8/export?format=txt","1bVYxM89cAppQ0QKYlSavRl8t7myB3phQumAx8VGnUs8","The local file preserves the row/source list, not necessarily the artifact content; recover or recreate before deleting.","Ref Docs/Work/Quests/Quests - Taylor Portfolio - Sheet1.csv (75, source_index_candidate) | Ref Docs/Work/Quests/Overview and Summary/V1Overview & Summary - Quest Portfolio (2).docx (24, artifact_candidate) | Ref Docs/Work/Quests/Quest Resources/Enrichment Resources/Prompt- Quest Project Research.docx (24, artifact_candidate) | Ref Docs/Work/Quests/Quest Resources/Quest Building/Prompt - Quest Prompt.docx (24, artifact_candidate) | Ref Docs/Work/Quests/Quest Resources/Quest Building/Template - Quest Template.docx (24, artifact_candidate)","Local source/index file exists, but the actual artifact still needs recovery or export."
"rpm-0173","Quests","Nodes Garden x Dria | Discover Nodes Garden | Nodes Garden x Dria","text-url","google-doc","not_public_auth_required","auth_required","401","re-share from an accessible account, replace, or hide","preserve source index; recover/export actual artifact","source_index_only","Ref Docs/Work/Quests/Quests - Taylor Portfolio - Sheet1.csv","source_index_candidate","76",".csv","28332","3808f64c0d2ef7a1d955659edd4e726ba0f4cbb03262d585a7abdc0f11e38668","Ref Docs/Work/Quests/Quests - Taylor Portfolio - Sheet1.csv","","assets/js/quests_data.js","","links.quest_doc | text-url","https://docs.google.com/document/d/1c1TGwV62l-wJagMlR6XU4gBJmasHQEHRexv6eCYP9U8/","https://docs.google.com/document/d/1c1TGwV62l-wJagMlR6XU4gBJmasHQEHRexv6eCYP9U8/export?format=txt","1c1TGwV62l-wJagMlR6XU4gBJmasHQEHRexv6eCYP9U8","The local file preserves the row/source list, not necessarily the artifact content; recover or recreate before deleting.","Ref Docs/Work/Quests/Quests - Taylor Portfolio - Sheet1.csv (76, source_index_candidate) | Ref Docs/Work/Quests/Overview and Summary/V1Overview & Summary - Quest Portfolio (2).docx (25, artifact_candidate) | Ref Docs/Work/Quests/Quest Resources/Enrichment Resources/Prompt- Quest Project Research.docx (25, artifact_candidate) | Ref Docs/Work/Quests/Quest Resources/Quest Building/Prompt - Quest Prompt.docx (25, artifact_candidate) | Ref Docs/Work/Quests/Quest Resources/Quest Building/Template - Quest Template.docx (25, artifact_candidate)","Local source/index file exists, but the actual artifact still needs recovery or export."
"rpm-0174","Quests","Cables Finance – RWA Meets DeFi","text-url","google-doc","not_public_auth_required","auth_required","401","re-share from an accessible account, replace, or hide","preserve source index; recover/export actual artifact","source_index_only","Ref Docs/Work/Quests/Quests - Taylor Portfolio - Sheet1.csv","source_index_candidate","75",".csv","28332","3808f64c0d2ef7a1d955659edd4e726ba0f4cbb03262d585a7abdc0f11e38668","Ref Docs/Work/Quests/Quests - Taylor Portfolio - Sheet1.csv","","assets/js/quests_data.js","","links.quest_doc | text-url","https://docs.google.com/document/d/1cPcb5W1Lr94mBjbkqAANpPpmKDK2pqjFpdyADP4Mu80","https://docs.google.com/document/d/1cPcb5W1Lr94mBjbkqAANpPpmKDK2pqjFpdyADP4Mu80/export?format=txt","1cPcb5W1Lr94mBjbkqAANpPpmKDK2pqjFpdyADP4Mu80","The local file preserves the row/source list, not necessarily the artifact content; recover or recreate before deleting.","Ref Docs/Work/Quests/Quests - Taylor Portfolio - Sheet1.csv (75, source_index_candidate) | Ref Docs/Work/Quests/Overview and Summary/V1Overview & Summary - Quest Portfolio (2).docx (24, artifact_candidate) | Ref Docs/Work/Quests/Quest Resources/Enrichment Resources/Prompt- Quest Project Research.docx (24, artifact_candidate) | Ref Docs/Work/Quests/Quest Resources/Quest Building/Prompt - Quest Prompt.docx (24, artifact_candidate) | Ref Docs/Work/Quests/Quest Resources/Quest Building/Template - Quest Template.docx (24, artifact_candidate)","Local source/index file exists, but the actual artifact still needs recovery or export."
"rpm-0175","Quests","Nexchain: AI-Powered Blockchain Airdrop","text-url","google-doc","not_public_auth_required","auth_required","401","re-share from an accessible account, replace, or hide","preserve source index; recover/export actual artifact","source_index_only","Ref Docs/Work/Quests/Quests - Taylor Portfolio - Sheet1.csv","source_index_candidate","76",".csv","28332","3808f64c0d2ef7a1d955659edd4e726ba0f4cbb03262d585a7abdc0f11e38668","Ref Docs/Work/Quests/Quests - Taylor Portfolio - Sheet1.csv","","assets/js/quests_data.js","","links.quest_doc | text-url","https://docs.google.com/document/d/1CqNqraq2ZRaRFM9Gb875mFQ9u6HLwOktjWXL9VQQjA0/edit?tab=t.0","https://docs.google.com/document/d/1CqNqraq2ZRaRFM9Gb875mFQ9u6HLwOktjWXL9VQQjA0/export?format=txt","1CqNqraq2ZRaRFM9Gb875mFQ9u6HLwOktjWXL9VQQjA0","The local file preserves the row/source list, not necessarily the artifact content; recover or recreate before deleting.","Ref Docs/Work/Quests/Quests - Taylor Portfolio - Sheet1.csv (76, source_index_candidate) | Ref Docs/Work/Quests/Overview and Summary/V1Overview & Summary - Quest Portfolio (2).docx (24, artifact_candidate) | Ref Docs/Work/Quests/Quest Resources/Enrichment Resources/Prompt- Quest Project Research.docx (24, artifact_candidate) | Ref Docs/Work/Quests/Quest Resources/Quest Building/Prompt - Quest Prompt.docx (24, artifact_candidate) | Ref Docs/Work/Quests/Quest Resources/Quest Building/Template - Quest Template.docx (24, artifact_candidate)","Local source/index file exists, but the actual artifact still needs recovery or export."
"rpm-0176","Quests","Haiku 2 – Agent Trade","text-url","google-doc","not_public_auth_required","auth_required","401","re-share from an accessible account, replace, or hide","preserve source index; recover/export actual artifact","source_index_only","Ref Docs/Work/Quests/Quests - Taylor Portfolio - Sheet1.csv","source_index_candidate","76",".csv","28332","3808f64c0d2ef7a1d955659edd4e726ba0f4cbb03262d585a7abdc0f11e38668","Ref Docs/Work/Quests/Quests - Taylor Portfolio - Sheet1.csv","","assets/js/quests_data.js","","links.quest_doc | text-url","https://docs.google.com/document/d/1gAyqZZD3kgretJ74M8HXV7OJW_hxUB2IARLqG5p2b0s/","https://docs.google.com/document/d/1gAyqZZD3kgretJ74M8HXV7OJW_hxUB2IARLqG5p2b0s/export?format=txt","1gAyqZZD3kgretJ74M8HXV7OJW_hxUB2IARLqG5p2b0s","The local file preserves the row/source list, not necessarily the artifact content; recover or recreate before deleting.","Ref Docs/Work/Quests/Quests - Taylor Portfolio - Sheet1.csv (76, source_index_candidate) | Ref Docs/Work/Quests/Overview and Summary/V1Overview & Summary - Quest Portfolio (2).docx (24, artifact_candidate) | Ref Docs/Work/Quests/Quest Resources/Enrichment Resources/Prompt- Quest Project Research.docx (24, artifact_candidate) | Ref Docs/Work/Quests/Quest Resources/Quest Building/Prompt - Quest Prompt.docx (24, artifact_candidate) | Ref Docs/Work/Quests/Quest Resources/Quest Building/Template - Quest Template.docx (24, artifact_candidate)","Local source/index file exists, but the actual artifact still needs recovery or export."
"rpm-0177","Quests","Ducat Part 2 – Mutinynet Testnet Faucet","text-url","google-doc","not_public_auth_required","auth_required","401","re-share from an accessible account, replace, or hide","preserve source index; recover/export actual artifact","source_index_only","Ref Docs/Work/Quests/Quests - Taylor Portfolio - Sheet1.csv","source_index_candidate","75",".csv","28332","3808f64c0d2ef7a1d955659edd4e726ba0f4cbb03262d585a7abdc0f11e38668","Ref Docs/Work/Quests/Quests - Taylor Portfolio - Sheet1.csv","","assets/js/quests_data.js","","links.quest_doc | text-url","https://docs.google.com/document/d/1gLl4SCct1Lv8zHhdfbyAJuZEL-xEOPmX6Vn5ITJH7Ks/","https://docs.google.com/document/d/1gLl4SCct1Lv8zHhdfbyAJuZEL-xEOPmX6Vn5ITJH7Ks/export?format=txt","1gLl4SCct1Lv8zHhdfbyAJuZEL-xEOPmX6Vn5ITJH7Ks","The local file preserves the row/source list, not necessarily the artifact content; recover or recreate before deleting.","Ref Docs/Work/Quests/Quests - Taylor Portfolio - Sheet1.csv (75, source_index_candidate) | Ref Docs/Work/Quests/Overview and Summary/V1Overview & Summary - Quest Portfolio (2).docx (24, artifact_candidate) | Ref Docs/Work/Quests/Quest Resources/Enrichment Resources/Prompt- Quest Project Research.docx (24, artifact_candidate) | Ref Docs/Work/Quests/Quest Resources/Quest Building/Prompt - Quest Prompt.docx (24, artifact_candidate) | Ref Docs/Work/Quests/Quest Resources/Quest Building/Template - Quest Template.docx (24, artifact_candidate)","Local source/index file exists, but the actual artifact still needs recovery or export."
"rpm-0178","Quests","MetEngine Dynamic Solana Pools","text-url","google-doc","not_public_auth_required","auth_required","401","re-share from an accessible account, replace, or hide","preserve source index; recover/export actual artifact","source_index_only","Ref Docs/Work/Quests/Quests - Taylor Portfolio - Sheet1.csv","source_index_candidate","76",".csv","28332","3808f64c0d2ef7a1d955659edd4e726ba0f4cbb03262d585a7abdc0f11e38668","Ref Docs/Work/Quests/Quests - Taylor Portfolio - Sheet1.csv","","assets/js/quests_data.js","","links.quest_doc | text-url","https://docs.google.com/document/d/1hkl3vSY6qrF3nk4sVw5CcZgKxX_WYJi7-nZ04A9Yw2Q/","https://docs.google.com/document/d/1hkl3vSY6qrF3nk4sVw5CcZgKxX_WYJi7-nZ04A9Yw2Q/export?format=txt","1hkl3vSY6qrF3nk4sVw5CcZgKxX_WYJi7-nZ04A9Yw2Q","The local file preserves the row/source list, not necessarily the artifact content; recover or recreate before deleting.","Ref Docs/Work/Quests/Quests - Taylor Portfolio - Sheet1.csv (76, source_index_candidate) | Ref Docs/Work/Quests/Overview and Summary/V1Overview & Summary - Quest Portfolio (2).docx (25, artifact_candidate) | Ref Docs/Work/Quests/Quest Resources/Enrichment Resources/Prompt- Quest Project Research.docx (25, artifact_candidate) | Ref Docs/Work/Quests/Quest Resources/Quest Building/Prompt - Quest Prompt.docx (25, artifact_candidate) | Ref Docs/Work/Quests/Quest Resources/Quest Building/Template - Quest Template.docx (25, artifact_candidate)","Local source/index file exists, but the actual artifact still needs recovery or export."
"rpm-0179","Quests","Rho Trading Race","text-url","google-doc","not_public_auth_required","auth_required","401","re-share from an accessible account, replace, or hide","preserve source index; recover/export actual artifact","source_index_only","Ref Docs/Work/Quests/Quests - Taylor Portfolio - Sheet1.csv","source_index_candidate","76",".csv","28332","3808f64c0d2ef7a1d955659edd4e726ba0f4cbb03262d585a7abdc0f11e38668","Ref Docs/Work/Quests/Quests - Taylor Portfolio - Sheet1.csv","","assets/js/quests_data.js","","links.quest_doc | text-url","https://docs.google.com/document/d/1hqu_nRdP8Hh9qejSZQ2faFiz-Gg1ZBsKF7ywMeDiLbc/","https://docs.google.com/document/d/1hqu_nRdP8Hh9qejSZQ2faFiz-Gg1ZBsKF7ywMeDiLbc/export?format=txt","1hqu_nRdP8Hh9qejSZQ2faFiz-Gg1ZBsKF7ywMeDiLbc","The local file preserves the row/source list, not necessarily the artifact content; recover or recreate before deleting.","Ref Docs/Work/Quests/Quests - Taylor Portfolio - Sheet1.csv (76, source_index_candidate) | Ref Docs/Work/Quests/Overview and Summary/V1Overview & Summary - Quest Portfolio (2).docx (25, artifact_candidate) | Ref Docs/Work/Quests/Quest Resources/Enrichment Resources/Prompt- Quest Project Research.docx (25, artifact_candidate) | Ref Docs/Work/Quests/Quest Resources/Quest Building/Prompt - Quest Prompt.docx (25, artifact_candidate) | Ref Docs/Work/Quests/Quest Resources/Quest Building/Template - Quest Template.docx (25, artifact_candidate)","Local source/index file exists, but the actual artifact still needs recovery or export."
"rpm-0180","Quests","MindShare – Your Influence","text-url","google-doc","not_public_auth_required","auth_required","401","re-share from an accessible account, replace, or hide","preserve source index; recover/export actual artifact","source_index_only","Ref Docs/Work/Quests/Quests - Taylor Portfolio - Sheet1.csv","source_index_candidate","76",".csv","28332","3808f64c0d2ef7a1d955659edd4e726ba0f4cbb03262d585a7abdc0f11e38668","Ref Docs/Work/Quests/Quests - Taylor Portfolio - Sheet1.csv","","assets/js/quests_data.js","","links.quest_doc | text-url","https://docs.google.com/document/d/1JOdgOnp2_ILvf0Hls5rSoar54v6suPZ3p0rIp9IhtpI/edit?tab=t.0","https://docs.google.com/document/d/1JOdgOnp2_ILvf0Hls5rSoar54v6suPZ3p0rIp9IhtpI/export?format=txt","1JOdgOnp2_ILvf0Hls5rSoar54v6suPZ3p0rIp9IhtpI","The local file preserves the row/source list, not necessarily the artifact content; recover or recreate before deleting.","Ref Docs/Work/Quests/Quests - Taylor Portfolio - Sheet1.csv (76, source_index_candidate) | Ref Docs/Work/Quests/Overview and Summary/V1Overview & Summary - Quest Portfolio (2).docx (24, artifact_candidate) | Ref Docs/Work/Quests/Quest Resources/Enrichment Resources/Prompt- Quest Project Research.docx (24, artifact_candidate) | Ref Docs/Work/Quests/Quest Resources/Quest Building/Prompt - Quest Prompt.docx (24, artifact_candidate) | Ref Docs/Work/Quests/Quest Resources/Quest Building/Template - Quest Template.docx (24, artifact_candidate)","Local source/index file exists, but the actual artifact still needs recovery or export."
"rpm-0181","Quests","Gorillionaire – Trade on Real Sentiment","text-url","google-doc","not_public_auth_required","auth_required","401","re-share from an accessible account, replace, or hide","preserve source index; recover/export actual artifact","source_index_only","Ref Docs/Work/Quests/Quests - Taylor Portfolio - Sheet1.csv","source_index_candidate","75",".csv","28332","3808f64c0d2ef7a1d955659edd4e726ba0f4cbb03262d585a7abdc0f11e38668","Ref Docs/Work/Quests/Quests - Taylor Portfolio - Sheet1.csv","","assets/js/quests_data.js","","links.quest_doc | text-url","https://docs.google.com/document/d/1Kjun2lthBBTCY5BpJWM5ZKR7DqAZBOqrxgm6Br1imeo/","https://docs.google.com/document/d/1Kjun2lthBBTCY5BpJWM5ZKR7DqAZBOqrxgm6Br1imeo/export?format=txt","1Kjun2lthBBTCY5BpJWM5ZKR7DqAZBOqrxgm6Br1imeo","The local file preserves the row/source list, not necessarily the artifact content; recover or recreate before deleting.","Ref Docs/Work/Quests/Quests - Taylor Portfolio - Sheet1.csv (75, source_index_candidate) | Ref Docs/Work/Quests/Overview and Summary/V1Overview & Summary - Quest Portfolio (2).docx (24, artifact_candidate) | Ref Docs/Work/Quests/Quest Resources/Enrichment Resources/Prompt- Quest Project Research.docx (24, artifact_candidate) | Ref Docs/Work/Quests/Quest Resources/Quest Building/Prompt - Quest Prompt.docx (24, artifact_candidate) | Ref Docs/Work/Quests/Quest Resources/Quest Building/Template - Quest Template.docx (24, artifact_candidate)","Local source/index file exists, but the actual artifact still needs recovery or export."
"rpm-0182","Quests","Own Your AI Agent on WAYE.ai","text-url","google-doc","not_public_auth_required","auth_required","401","re-share from an accessible account, replace, or hide","preserve source index; recover/export actual artifact","source_index_only","Ref Docs/Work/Quests/Quests - Taylor Portfolio - Sheet1.csv","source_index_candidate","76",".csv","28332","3808f64c0d2ef7a1d955659edd4e726ba0f4cbb03262d585a7abdc0f11e38668","Ref Docs/Work/Quests/Quests - Taylor Portfolio - Sheet1.csv","","assets/js/quests_data.js","","links.quest_doc | text-url","https://docs.google.com/document/d/1LK_h0h5b_xMQk22WRBLIUTWUXe32HIkfvuQSctmE4MI/","https://docs.google.com/document/d/1LK_h0h5b_xMQk22WRBLIUTWUXe32HIkfvuQSctmE4MI/export?format=txt","1LK_h0h5b_xMQk22WRBLIUTWUXe32HIkfvuQSctmE4MI","The local file preserves the row/source list, not necessarily the artifact content; recover or recreate before deleting.","Ref Docs/Work/Quests/Quests - Taylor Portfolio - Sheet1.csv (76, source_index_candidate) | Ref Docs/Work/Quests/Overview and Summary/V1Overview & Summary - Quest Portfolio (2).docx (24, artifact_candidate) | Ref Docs/Work/Quests/Quest Resources/Enrichment Resources/Prompt- Quest Project Research.docx (24, artifact_candidate) | Ref Docs/Work/Quests/Quest Resources/Quest Building/Prompt - Quest Prompt.docx (24, artifact_candidate) | Ref Docs/Work/Quests/Quest Resources/Quest Building/Template - Quest Template.docx (24, artifact_candidate)","Local source/index file exists, but the actual artifact still needs recovery or export."
"rpm-0183","Quests","Fluence – The Pointless Program","text-url","google-doc","not_public_auth_required","auth_required","401","re-share from an accessible account, replace, or hide","preserve source index; recover/export actual artifact","source_index_only","Ref Docs/Work/Quests/Quests - Taylor Portfolio - Sheet1.csv","source_index_candidate","76",".csv","28332","3808f64c0d2ef7a1d955659edd4e726ba0f4cbb03262d585a7abdc0f11e38668","Ref Docs/Work/Quests/Quests - Taylor Portfolio - Sheet1.csv","","assets/js/quests_data.js","","links.quest_doc | text-url","https://docs.google.com/document/d/1mpNR3bGTNI3i3vEOm6JpN2kwU_I8Kyxke2ETG6RbHuM/","https://docs.google.com/document/d/1mpNR3bGTNI3i3vEOm6JpN2kwU_I8Kyxke2ETG6RbHuM/export?format=txt","1mpNR3bGTNI3i3vEOm6JpN2kwU_I8Kyxke2ETG6RbHuM","The local file preserves the row/source list, not necessarily the artifact content; recover or recreate before deleting.","Ref Docs/Work/Quests/Quests - Taylor Portfolio - Sheet1.csv (76, source_index_candidate) | Ref Docs/Work/Quests/Overview and Summary/V1Overview & Summary - Quest Portfolio (2).docx (24, artifact_candidate) | Ref Docs/Work/Quests/Quest Resources/Enrichment Resources/Prompt- Quest Project Research.docx (24, artifact_candidate) | Ref Docs/Work/Quests/Quest Resources/Quest Building/Prompt - Quest Prompt.docx (24, artifact_candidate) | Ref Docs/Work/Quests/Quest Resources/Quest Building/Template - Quest Template.docx (24, artifact_candidate)","Local source/index file exists, but the actual artifact still needs recovery or export."
"rpm-0184","Quests","Discover Zeebu Pulseboard","text-url","google-doc","not_public_auth_required","auth_required","401","re-share from an accessible account, replace, or hide","preserve source index; recover/export actual artifact","source_index_only","Ref Docs/Work/Quests/Quests - Taylor Portfolio - Sheet1.csv","source_index_candidate","76",".csv","28332","3808f64c0d2ef7a1d955659edd4e726ba0f4cbb03262d585a7abdc0f11e38668","Ref Docs/Work/Quests/Quests - Taylor Portfolio - Sheet1.csv","","assets/js/quests_data.js","","links.quest_doc | text-url","https://docs.google.com/document/d/1NMqubDiAJ_MtYJTMHpzDyTDiTIbmNAlZSqEX1zcoKqQ/","https://docs.google.com/document/d/1NMqubDiAJ_MtYJTMHpzDyTDiTIbmNAlZSqEX1zcoKqQ/export?format=txt","1NMqubDiAJ_MtYJTMHpzDyTDiTIbmNAlZSqEX1zcoKqQ","The local file preserves the row/source list, not necessarily the artifact content; recover or recreate before deleting.","Ref Docs/Work/Quests/Quests - Taylor Portfolio - Sheet1.csv (76, source_index_candidate) | Ref Docs/Work/Quests/Overview and Summary/V1Overview & Summary - Quest Portfolio (2).docx (25, artifact_candidate) | Ref Docs/Work/Quests/Quest Resources/Enrichment Resources/Prompt- Quest Project Research.docx (25, artifact_candidate) | Ref Docs/Work/Quests/Quest Resources/Quest Building/Prompt - Quest Prompt.docx (25, artifact_candidate) | Ref Docs/Work/Quests/Quest Resources/Quest Building/Template - Quest Template.docx (25, artifact_candidate)","Local source/index file exists, but the actual artifact still needs recovery or export."
"rpm-0185","Quests","NEAR Mobile Wallet Launch","text-url","google-doc","not_public_auth_required","auth_required","401","re-share from an accessible account, replace, or hide","preserve source index; recover/export actual artifact","source_index_only","Ref Docs/Work/Quests/Quests - Taylor Portfolio - Sheet1.csv","source_index_candidate","76",".csv","28332","3808f64c0d2ef7a1d955659edd4e726ba0f4cbb03262d585a7abdc0f11e38668","Ref Docs/Work/Quests/Quests - Taylor Portfolio - Sheet1.csv","","assets/js/quests_data.js","","links.quest_doc | text-url","https://docs.google.com/document/d/1NzNwprf49mMbGvXwuary6fXgGa1_9duhBgKUU1TMWz8/","https://docs.google.com/document/d/1NzNwprf49mMbGvXwuary6fXgGa1_9duhBgKUU1TMWz8/export?format=txt","1NzNwprf49mMbGvXwuary6fXgGa1_9duhBgKUU1TMWz8","The local file preserves the row/source list, not necessarily the artifact content; recover or recreate before deleting.","Ref Docs/Work/Quests/Quests - Taylor Portfolio - Sheet1.csv (76, source_index_candidate) | Ref Docs/Work/Quests/Overview and Summary/V1Overview & Summary - Quest Portfolio (2).docx (25, artifact_candidate) | Ref Docs/Work/Quests/Quest Resources/Enrichment Resources/Prompt- Quest Project Research.docx (25, artifact_candidate) | Ref Docs/Work/Quests/Quest Resources/Quest Building/Prompt - Quest Prompt.docx (25, artifact_candidate) | Ref Docs/Work/Quests/Quest Resources/Quest Building/Template - Quest Template.docx (25, artifact_candidate)","Local source/index file exists, but the actual artifact still needs recovery or export."
"rpm-0186","Quests","Membit – Live AI Context Layer","text-url","google-doc","not_public_auth_required","auth_required","401","re-share from an accessible account, replace, or hide","preserve source index; recover/export actual artifact","source_index_only","Ref Docs/Work/Quests/Quests - Taylor Portfolio - Sheet1.csv","source_index_candidate","76",".csv","28332","3808f64c0d2ef7a1d955659edd4e726ba0f4cbb03262d585a7abdc0f11e38668","Ref Docs/Work/Quests/Quests - Taylor Portfolio - Sheet1.csv","","assets/js/quests_data.js","","links.quest_doc | text-url","https://docs.google.com/document/d/1o6rO1vNPGjuMr75du3n5Dnn1ZeQS5fJdnwbBouBNysY/","https://docs.google.com/document/d/1o6rO1vNPGjuMr75du3n5Dnn1ZeQS5fJdnwbBouBNysY/export?format=txt","1o6rO1vNPGjuMr75du3n5Dnn1ZeQS5fJdnwbBouBNysY","The local file preserves the row/source list, not necessarily the artifact content; recover or recreate before deleting.","Ref Docs/Work/Quests/Quests - Taylor Portfolio - Sheet1.csv (76, source_index_candidate) | Ref Docs/Work/Quests/Overview and Summary/V1Overview & Summary - Quest Portfolio (2).docx (25, artifact_candidate) | Ref Docs/Work/Quests/Quest Resources/Enrichment Resources/Prompt- Quest Project Research.docx (25, artifact_candidate) | Ref Docs/Work/Quests/Quest Resources/Quest Building/Prompt - Quest Prompt.docx (25, artifact_candidate) | Ref Docs/Work/Quests/Quest Resources/Quest Building/Template - Quest Template.docx (25, artifact_candidate)","Local source/index file exists, but the actual artifact still needs recovery or export."
"rpm-0187","Quests","Bless – A Global Network Powered by Everyday Devices","text-url","google-doc","not_public_auth_required","auth_required","401","re-share from an accessible account, replace, or hide","preserve source index; recover/export actual artifact","source_index_only","Ref Docs/Work/Quests/Quests - Taylor Portfolio - Sheet1.csv","source_index_candidate","76",".csv","28332","3808f64c0d2ef7a1d955659edd4e726ba0f4cbb03262d585a7abdc0f11e38668","Ref Docs/Work/Quests/Quests - Taylor Portfolio - Sheet1.csv","","assets/js/quests_data.js","","links.quest_doc | text-url","https://docs.google.com/document/d/1o7e-Z9G65Ra4fooqji2UZaJjwzUh44NOv12lotsabvU/","https://docs.google.com/document/d/1o7e-Z9G65Ra4fooqji2UZaJjwzUh44NOv12lotsabvU/export?format=txt","1o7e-Z9G65Ra4fooqji2UZaJjwzUh44NOv12lotsabvU","The local file preserves the row/source list, not necessarily the artifact content; recover or recreate before deleting.","Ref Docs/Work/Quests/Quests - Taylor Portfolio - Sheet1.csv (76, source_index_candidate) | Ref Docs/Work/Quests/Overview and Summary/V1Overview & Summary - Quest Portfolio (2).docx (25, artifact_candidate) | Ref Docs/Work/Quests/Quest Resources/Enrichment Resources/Prompt- Quest Project Research.docx (25, artifact_candidate) | Ref Docs/Work/Quests/Quest Resources/Quest Building/Prompt - Quest Prompt.docx (25, artifact_candidate) | Ref Docs/Work/Quests/Quest Resources/Quest Building/Template - Quest Template.docx (25, artifact_candidate)","Local source/index file exists, but the actual artifact still needs recovery or export."
"rpm-0188","Quests","Autopilot x Aerodrome","text-url","google-doc","not_public_auth_required","auth_required","401","re-share from an accessible account, replace, or hide","preserve source index; recover/export actual artifact","source_index_only","Ref Docs/Work/Quests/Quests - Taylor Portfolio - Sheet1.csv","source_index_candidate","76",".csv","28332","3808f64c0d2ef7a1d955659edd4e726ba0f4cbb03262d585a7abdc0f11e38668","Ref Docs/Work/Quests/Quests - Taylor Portfolio - Sheet1.csv","","assets/js/quests_data.js","","links.quest_doc | text-url","https://docs.google.com/document/d/1oFkVNROjfRWL3hhlsfjBCwI3_-dmJJ3gZ9qXcKq2fuQ/","https://docs.google.com/document/d/1oFkVNROjfRWL3hhlsfjBCwI3_-dmJJ3gZ9qXcKq2fuQ/export?format=txt","1oFkVNROjfRWL3hhlsfjBCwI3_-dmJJ3gZ9qXcKq2fuQ","The local file preserves the row/source list, not necessarily the artifact content; recover or recreate before deleting.","Ref Docs/Work/Quests/Quests - Taylor Portfolio - Sheet1.csv (76, source_index_candidate) | Ref Docs/Work/Quests/Overview and Summary/V1Overview & Summary - Quest Portfolio (2).docx (25, artifact_candidate) | Ref Docs/Work/Quests/Quest Resources/Enrichment Resources/Prompt- Quest Project Research.docx (25, artifact_candidate) | Ref Docs/Work/Quests/Quest Resources/Quest Building/Prompt - Quest Prompt.docx (25, artifact_candidate) | Ref Docs/Work/Quests/Quest Resources/Quest Building/Template - Quest Template.docx (25, artifact_candidate)","Local source/index file exists, but the actual artifact still needs recovery or export."
"rpm-0189","Quests","ScribbleDAO for Creators","text-url","google-doc","not_public_auth_required","auth_required","401","re-share from an accessible account, replace, or hide","preserve source index; recover/export actual artifact","source_index_only","Ref Docs/Work/Quests/Quests - Taylor Portfolio - Sheet1.csv","source_index_candidate","76",".csv","28332","3808f64c0d2ef7a1d955659edd4e726ba0f4cbb03262d585a7abdc0f11e38668","Ref Docs/Work/Quests/Quests - Taylor Portfolio - Sheet1.csv","","assets/js/quests_data.js","","links.quest_doc | text-url","https://docs.google.com/document/d/1OHtdX-3M9E7AMnUhO7LBTMN_dEeKAAoxFM9CaWB_2P8/","https://docs.google.com/document/d/1OHtdX-3M9E7AMnUhO7LBTMN_dEeKAAoxFM9CaWB_2P8/export?format=txt","1OHtdX-3M9E7AMnUhO7LBTMN_dEeKAAoxFM9CaWB_2P8","The local file preserves the row/source list, not necessarily the artifact content; recover or recreate before deleting.","Ref Docs/Work/Quests/Quests - Taylor Portfolio - Sheet1.csv (76, source_index_candidate) | Ref Docs/Work/Quests/Overview and Summary/V1Overview & Summary - Quest Portfolio (2).docx (25, artifact_candidate) | Ref Docs/Work/Quests/Quest Resources/Enrichment Resources/Prompt- Quest Project Research.docx (25, artifact_candidate) | Ref Docs/Work/Quests/Quest Resources/Quest Building/Prompt - Quest Prompt.docx (25, artifact_candidate) | Ref Docs/Work/Quests/Quest Resources/Quest Building/Template - Quest Template.docx (25, artifact_candidate)","Local source/index file exists, but the actual artifact still needs recovery or export."
"rpm-0190","Quests","Sats Terminal – Unlock Bitcoin DeFi","text-url","google-doc","not_public_auth_required","auth_required","401","re-share from an accessible account, replace, or hide","preserve source index; recover/export actual artifact","source_index_only","Ref Docs/Work/Quests/Quests - Taylor Portfolio - Sheet1.csv","source_index_candidate","76",".csv","28332","3808f64c0d2ef7a1d955659edd4e726ba0f4cbb03262d585a7abdc0f11e38668","Ref Docs/Work/Quests/Quests - Taylor Portfolio - Sheet1.csv","","assets/js/quests_data.js","","links.quest_doc | text-url","https://docs.google.com/document/d/1OjxFb1U3coFFKXoVfZB0V61JB5hPbmPeaiCo18VRIbY/","https://docs.google.com/document/d/1OjxFb1U3coFFKXoVfZB0V61JB5hPbmPeaiCo18VRIbY/export?format=txt","1OjxFb1U3coFFKXoVfZB0V61JB5hPbmPeaiCo18VRIbY","The local file preserves the row/source list, not necessarily the artifact content; recover or recreate before deleting.","Ref Docs/Work/Quests/Quests - Taylor Portfolio - Sheet1.csv (76, source_index_candidate) | Ref Docs/Work/Quests/Overview and Summary/V1Overview & Summary - Quest Portfolio (2).docx (24, artifact_candidate) | Ref Docs/Work/Quests/Quest Resources/Enrichment Resources/Prompt- Quest Project Research.docx (24, artifact_candidate) | Ref Docs/Work/Quests/Quest Resources/Quest Building/Prompt - Quest Prompt.docx (24, artifact_candidate) | Ref Docs/Work/Quests/Quest Resources/Quest Building/Template - Quest Template.docx (24, artifact_candidate)","Local source/index file exists, but the actual artifact still needs recovery or export."
"rpm-0191","Quests","Zoop – Web3 Creators and SoFi Platform","text-url","google-doc","not_public_auth_required","auth_required","401","re-share from an accessible account, replace, or hide","preserve source index; recover/export actual artifact","source_index_only","Ref Docs/Work/Quests/Quests - Taylor Portfolio - Sheet1.csv","source_index_candidate","75",".csv","28332","3808f64c0d2ef7a1d955659edd4e726ba0f4cbb03262d585a7abdc0f11e38668","Ref Docs/Work/Quests/Quests - Taylor Portfolio - Sheet1.csv","","assets/js/quests_data.js","","links.quest_doc | text-url","https://docs.google.com/document/d/1pDsQzcK2n35DSl4Tp4jiMfv-9hCt-hs3Pq4MjWzrGP8","https://docs.google.com/document/d/1pDsQzcK2n35DSl4Tp4jiMfv-9hCt-hs3Pq4MjWzrGP8/export?format=txt","1pDsQzcK2n35DSl4Tp4jiMfv-9hCt-hs3Pq4MjWzrGP8","The local file preserves the row/source list, not necessarily the artifact content; recover or recreate before deleting.","Ref Docs/Work/Quests/Quests - Taylor Portfolio - Sheet1.csv (75, source_index_candidate) | Ref Docs/Work/Quests/Overview and Summary/V1Overview & Summary - Quest Portfolio (2).docx (24, artifact_candidate) | Ref Docs/Work/Quests/Quest Resources/Enrichment Resources/Prompt- Quest Project Research.docx (24, artifact_candidate) | Ref Docs/Work/Quests/Quest Resources/Quest Building/Prompt - Quest Prompt.docx (24, artifact_candidate) | Ref Docs/Work/Quests/Quest Resources/Quest Building/Template - Quest Template.docx (24, artifact_candidate)","Local source/index file exists, but the actual artifact still needs recovery or export."
"rpm-0192","Quests","DDAI – DePIN for AI Assistants","text-url","google-doc","not_public_auth_required","auth_required","401","re-share from an accessible account, replace, or hide","preserve source index; recover/export actual artifact","source_index_only","Ref Docs/Work/Quests/Quests - Taylor Portfolio - Sheet1.csv","source_index_candidate","76",".csv","28332","3808f64c0d2ef7a1d955659edd4e726ba0f4cbb03262d585a7abdc0f11e38668","Ref Docs/Work/Quests/Quests - Taylor Portfolio - Sheet1.csv","","assets/js/quests_data.js","","links.quest_doc | text-url","https://docs.google.com/document/d/1PULGDp8aBP0xpza6TLPw7CKmcsift25CEAsWmXoB3RU/","https://docs.google.com/document/d/1PULGDp8aBP0xpza6TLPw7CKmcsift25CEAsWmXoB3RU/export?format=txt","1PULGDp8aBP0xpza6TLPw7CKmcsift25CEAsWmXoB3RU","The local file preserves the row/source list, not necessarily the artifact content; recover or recreate before deleting.","Ref Docs/Work/Quests/Quests - Taylor Portfolio - Sheet1.csv (76, source_index_candidate) | Ref Docs/Work/Quests/Overview and Summary/V1Overview & Summary - Quest Portfolio (2).docx (25, artifact_candidate) | Ref Docs/Work/Quests/Quest Resources/Enrichment Resources/Prompt- Quest Project Research.docx (25, artifact_candidate) | Ref Docs/Work/Quests/Quest Resources/Quest Building/Prompt - Quest Prompt.docx (25, artifact_candidate) | Ref Docs/Work/Quests/Quest Resources/Quest Building/Template - Quest Template.docx (25, artifact_candidate)","Local source/index file exists, but the actual artifact still needs recovery or export."
"rpm-0193","Quests","Run a Irys Node on Nodes Garden","text-url","google-doc","not_public_auth_required","auth_required","401","re-share from an accessible account, replace, or hide","preserve source index; recover/export actual artifact","source_index_only","Ref Docs/Work/Quests/Quests - Taylor Portfolio - Sheet1.csv","source_index_candidate","76",".csv","28332","3808f64c0d2ef7a1d955659edd4e726ba0f4cbb03262d585a7abdc0f11e38668","Ref Docs/Work/Quests/Quests - Taylor Portfolio - Sheet1.csv","","assets/js/quests_data.js","","links.quest_doc | text-url","https://docs.google.com/document/d/1qCBETAeq2n8ZsDNhMtls5dGLA_orAHx9xtpXiQa491M/","https://docs.google.com/document/d/1qCBETAeq2n8ZsDNhMtls5dGLA_orAHx9xtpXiQa491M/export?format=txt","1qCBETAeq2n8ZsDNhMtls5dGLA_orAHx9xtpXiQa491M","The local file preserves the row/source list, not necessarily the artifact content; recover or recreate before deleting.","Ref Docs/Work/Quests/Quests - Taylor Portfolio - Sheet1.csv (76, source_index_candidate) | Ref Docs/Work/Quests/Overview and Summary/V1Overview & Summary - Quest Portfolio (2).docx (24, artifact_candidate) | Ref Docs/Work/Quests/Quest Resources/Enrichment Resources/Prompt- Quest Project Research.docx (24, artifact_candidate) | Ref Docs/Work/Quests/Quest Resources/Quest Building/Prompt - Quest Prompt.docx (24, artifact_candidate) | Ref Docs/Work/Quests/Quest Resources/Quest Building/Template - Quest Template.docx (24, artifact_candidate)","Local source/index file exists, but the actual artifact still needs recovery or export."
"rpm-0194","Quests","Haiku Trade: Outcome-as-a-Service for DeFi","text-url","google-doc","not_public_auth_required","auth_required","401","re-share from an accessible account, replace, or hide","preserve source index; recover/export actual artifact","source_index_only","Ref Docs/Work/Quests/Quests - Taylor Portfolio - Sheet1.csv","source_index_candidate","75",".csv","28332","3808f64c0d2ef7a1d955659edd4e726ba0f4cbb03262d585a7abdc0f11e38668","Ref Docs/Work/Quests/Quests - Taylor Portfolio - Sheet1.csv","","assets/js/quests_data.js","","links.quest_doc | text-url","https://docs.google.com/document/d/1QdYzDJRQuGNX6PEPUC6WkEr5LCNq-HJqM8zx65IjFNk/","https://docs.google.com/document/d/1QdYzDJRQuGNX6PEPUC6WkEr5LCNq-HJqM8zx65IjFNk/export?format=txt","1QdYzDJRQuGNX6PEPUC6WkEr5LCNq-HJqM8zx65IjFNk","The local file preserves the row/source list, not necessarily the artifact content; recover or recreate before deleting.","Ref Docs/Work/Quests/Quests - Taylor Portfolio - Sheet1.csv (75, source_index_candidate) | Ref Docs/Work/Quests/Overview and Summary/V1Overview & Summary - Quest Portfolio (2).docx (24, artifact_candidate) | Ref Docs/Work/Quests/Quest Resources/Enrichment Resources/Prompt- Quest Project Research.docx (24, artifact_candidate) | Ref Docs/Work/Quests/Quest Resources/Quest Building/Prompt - Quest Prompt.docx (24, artifact_candidate) | Ref Docs/Work/Quests/Quest Resources/Quest Building/Template - Quest Template.docx (24, artifact_candidate)","Local source/index file exists, but the actual artifact still needs recovery or export."
"rpm-0195","Quests","Dria x Nodes Garden - Earn Rewards Fast","text-url","google-doc","not_public_auth_required","auth_required","401","re-share from an accessible account, replace, or hide","preserve source index; recover/export actual artifact","source_index_only","Ref Docs/Work/Quests/Quests - Taylor Portfolio - Sheet1.csv","source_index_candidate","76",".csv","28332","3808f64c0d2ef7a1d955659edd4e726ba0f4cbb03262d585a7abdc0f11e38668","Ref Docs/Work/Quests/Quests - Taylor Portfolio - Sheet1.csv","","assets/js/quests_data.js","","links.quest_doc | text-url","https://docs.google.com/document/d/1tTIjFeNa9sfbuOGpkOaNQk6op4147dpHsuasmvpHJYA/","https://docs.google.com/document/d/1tTIjFeNa9sfbuOGpkOaNQk6op4147dpHsuasmvpHJYA/export?format=txt","1tTIjFeNa9sfbuOGpkOaNQk6op4147dpHsuasmvpHJYA","The local file preserves the row/source list, not necessarily the artifact content; recover or recreate before deleting.","Ref Docs/Work/Quests/Quests - Taylor Portfolio - Sheet1.csv (76, source_index_candidate) | Ref Docs/Work/Quests/Overview and Summary/V1Overview & Summary - Quest Portfolio (2).docx (24, artifact_candidate) | Ref Docs/Work/Quests/Quest Resources/Enrichment Resources/Prompt- Quest Project Research.docx (24, artifact_candidate) | Ref Docs/Work/Quests/Quest Resources/Quest Building/Prompt - Quest Prompt.docx (24, artifact_candidate) | Ref Docs/Work/Quests/Quest Resources/Quest Building/Template - Quest Template.docx (24, artifact_candidate)","Local source/index file exists, but the actual artifact still needs recovery or export."
"rpm-0196","Quests","Discover OlaXBT – Modular MCP Agents","text-url","google-doc","not_public_auth_required","auth_required","401","re-share from an accessible account, replace, or hide","preserve source index; recover/export actual artifact","source_index_only","Ref Docs/Work/Quests/Quests - Taylor Portfolio - Sheet1.csv","source_index_candidate","76",".csv","28332","3808f64c0d2ef7a1d955659edd4e726ba0f4cbb03262d585a7abdc0f11e38668","Ref Docs/Work/Quests/Quests - Taylor Portfolio - Sheet1.csv","","assets/js/quests_data.js","","links.quest_doc | text-url","https://docs.google.com/document/d/1UOVcYJ7awcRrIVR9SDUblqv2CdKbV4Q8qCI3nMasuJk/","https://docs.google.com/document/d/1UOVcYJ7awcRrIVR9SDUblqv2CdKbV4Q8qCI3nMasuJk/export?format=txt","1UOVcYJ7awcRrIVR9SDUblqv2CdKbV4Q8qCI3nMasuJk","The local file preserves the row/source list, not necessarily the artifact content; recover or recreate before deleting.","Ref Docs/Work/Quests/Quests - Taylor Portfolio - Sheet1.csv (76, source_index_candidate) | Ref Docs/Work/Quests/Overview and Summary/V1Overview & Summary - Quest Portfolio (2).docx (25, artifact_candidate) | Ref Docs/Work/Quests/Quest Resources/Enrichment Resources/Prompt- Quest Project Research.docx (25, artifact_candidate) | Ref Docs/Work/Quests/Quest Resources/Quest Building/Prompt - Quest Prompt.docx (25, artifact_candidate) | Ref Docs/Work/Quests/Quest Resources/Quest Building/Template - Quest Template.docx (25, artifact_candidate)","Local source/index file exists, but the actual artifact still needs recovery or export."
"rpm-0197","Quests","River – Chain Abstraction in Action","text-url","google-doc","not_public_auth_required","auth_required","401","re-share from an accessible account, replace, or hide","preserve source index; recover/export actual artifact","source_index_only","Ref Docs/Work/Quests/Quests - Taylor Portfolio - Sheet1.csv","source_index_candidate","76",".csv","28332","3808f64c0d2ef7a1d955659edd4e726ba0f4cbb03262d585a7abdc0f11e38668","Ref Docs/Work/Quests/Quests - Taylor Portfolio - Sheet1.csv","","assets/js/quests_data.js","","links.quest_doc | text-url","https://docs.google.com/document/d/1uwmLh_cH7cwdciWS3g6hidcwAd6NlWphFq4asC7Q6zo/","https://docs.google.com/document/d/1uwmLh_cH7cwdciWS3g6hidcwAd6NlWphFq4asC7Q6zo/export?format=txt","1uwmLh_cH7cwdciWS3g6hidcwAd6NlWphFq4asC7Q6zo","The local file preserves the row/source list, not necessarily the artifact content; recover or recreate before deleting.","Ref Docs/Work/Quests/Quests - Taylor Portfolio - Sheet1.csv (76, source_index_candidate) | Ref Docs/Work/Quests/Overview and Summary/V1Overview & Summary - Quest Portfolio (2).docx (25, artifact_candidate) | Ref Docs/Work/Quests/Quest Resources/Enrichment Resources/Prompt- Quest Project Research.docx (25, artifact_candidate) | Ref Docs/Work/Quests/Quest Resources/Quest Building/Prompt - Quest Prompt.docx (25, artifact_candidate) | Ref Docs/Work/Quests/Quest Resources/Quest Building/Template - Quest Template.docx (25, artifact_candidate)","Local source/index file exists, but the actual artifact still needs recovery or export."
"rpm-0198","Quests","Intro to Etherscan Points","text-url","google-doc","not_public_auth_required","auth_required","401","re-share from an accessible account, replace, or hide","preserve source index; recover/export actual artifact","source_index_only","Ref Docs/Work/Quests/Quests - Taylor Portfolio - Sheet1.csv","source_index_candidate","76",".csv","28332","3808f64c0d2ef7a1d955659edd4e726ba0f4cbb03262d585a7abdc0f11e38668","Ref Docs/Work/Quests/Quests - Taylor Portfolio - Sheet1.csv","","assets/js/quests_data.js","","links.quest_doc | text-url","https://docs.google.com/document/d/1wIi05ZGaU5IacqC0oOolgSOO9ZLuEFJvRMJ25yblc-g/","https://docs.google.com/document/d/1wIi05ZGaU5IacqC0oOolgSOO9ZLuEFJvRMJ25yblc-g/export?format=txt","1wIi05ZGaU5IacqC0oOolgSOO9ZLuEFJvRMJ25yblc-g","The local file preserves the row/source list, not necessarily the artifact content; recover or recreate before deleting.","Ref Docs/Work/Quests/Quests - Taylor Portfolio - Sheet1.csv (76, source_index_candidate) | Ref Docs/Work/Quests/Overview and Summary/V1Overview & Summary - Quest Portfolio (2).docx (24, artifact_candidate) | Ref Docs/Work/Quests/Quest Resources/Enrichment Resources/Prompt- Quest Project Research.docx (24, artifact_candidate) | Ref Docs/Work/Quests/Quest Resources/Quest Building/Prompt - Quest Prompt.docx (24, artifact_candidate) | Ref Docs/Work/Quests/Quest Resources/Quest Building/Template - Quest Template.docx (24, artifact_candidate)","Local source/index file exists, but the actual artifact still needs recovery or export."
"rpm-0199","Quests","Glider – Your Portfolio On Autopilot","text-url","google-doc","not_public_auth_required","auth_required","401","re-share from an accessible account, replace, or hide","preserve source index; recover/export actual artifact","source_index_only","Ref Docs/Work/Quests/Quests - Taylor Portfolio - Sheet1.csv","source_index_candidate","76",".csv","28332","3808f64c0d2ef7a1d955659edd4e726ba0f4cbb03262d585a7abdc0f11e38668","Ref Docs/Work/Quests/Quests - Taylor Portfolio - Sheet1.csv","","assets/js/quests_data.js","","links.quest_doc | text-url","https://docs.google.com/document/d/1xk_QAV48P0PN5sfKq7ZSvVACD00sHevVcMXzd3YYWI4/edit?tab=t.0#heading=h.ag1v2bghx1ky","https://docs.google.com/document/d/1xk_QAV48P0PN5sfKq7ZSvVACD00sHevVcMXzd3YYWI4/export?format=txt","1xk_QAV48P0PN5sfKq7ZSvVACD00sHevVcMXzd3YYWI4","The local file preserves the row/source list, not necessarily the artifact content; recover or recreate before deleting.","Ref Docs/Work/Quests/Quests - Taylor Portfolio - Sheet1.csv (76, source_index_candidate) | Ref Docs/Work/Quests/Overview and Summary/V1Overview & Summary - Quest Portfolio (2).docx (24, artifact_candidate) | Ref Docs/Work/Quests/Quest Resources/Enrichment Resources/Prompt- Quest Project Research.docx (24, artifact_candidate) | Ref Docs/Work/Quests/Quest Resources/Quest Building/Prompt - Quest Prompt.docx (24, artifact_candidate) | Ref Docs/Work/Quests/Quest Resources/Quest Building/Template - Quest Template.docx (24, artifact_candidate)","Local source/index file exists, but the actual artifact still needs recovery or export."
"rpm-0200","Quests","Explore Syntetika Hub","text-url","google-doc","not_public_auth_required","auth_required","401","re-share from an accessible account, replace, or hide","preserve source index; recover/export actual artifact","source_index_only","Ref Docs/Work/Quests/Quests - Taylor Portfolio - Sheet1.csv","source_index_candidate","75",".csv","28332","3808f64c0d2ef7a1d955659edd4e726ba0f4cbb03262d585a7abdc0f11e38668","Ref Docs/Work/Quests/Quests - Taylor Portfolio - Sheet1.csv","","assets/js/quests_data.js","","links.quest_doc | text-url","https://docs.google.com/document/d/1xKGpneEthI7ZsdG6FLRnIuFPCyM2MXBY48OJbMEZm6M/","https://docs.google.com/document/d/1xKGpneEthI7ZsdG6FLRnIuFPCyM2MXBY48OJbMEZm6M/export?format=txt","1xKGpneEthI7ZsdG6FLRnIuFPCyM2MXBY48OJbMEZm6M","The local file preserves the row/source list, not necessarily the artifact content; recover or recreate before deleting.","Ref Docs/Work/Quests/Quests - Taylor Portfolio - Sheet1.csv (75, source_index_candidate) | Ref Docs/Work/Quests/Overview and Summary/V1Overview & Summary - Quest Portfolio (2).docx (24, artifact_candidate) | Ref Docs/Work/Quests/Quest Resources/Enrichment Resources/Prompt- Quest Project Research.docx (24, artifact_candidate) | Ref Docs/Work/Quests/Quest Resources/Quest Building/Prompt - Quest Prompt.docx (24, artifact_candidate) | Ref Docs/Work/Quests/Quest Resources/Quest Building/Template - Quest Template.docx (24, artifact_candidate)","Local source/index file exists, but the actual artifact still needs recovery or export."
"rpm-0201","Quests","Arch Network – Bitcoin-native Execution for DeFi Scale","text-url","google-doc","not_public_auth_required","auth_required","401","re-share from an accessible account, replace, or hide","preserve source index; recover/export actual artifact","source_index_only","Ref Docs/Work/Quests/Quests - Taylor Portfolio - Sheet1.csv","source_index_candidate","75",".csv","28332","3808f64c0d2ef7a1d955659edd4e726ba0f4cbb03262d585a7abdc0f11e38668","Ref Docs/Work/Quests/Quests - Taylor Portfolio - Sheet1.csv","","assets/js/quests_data.js","","links.quest_doc | text-url","https://docs.google.com/document/d/1YABlJ8zSCZMjciOGALscYt_BHa9dssff9swMeW6vlAM/","https://docs.google.com/document/d/1YABlJ8zSCZMjciOGALscYt_BHa9dssff9swMeW6vlAM/export?format=txt","1YABlJ8zSCZMjciOGALscYt_BHa9dssff9swMeW6vlAM","The local file preserves the row/source list, not necessarily the artifact content; recover or recreate before deleting.","Ref Docs/Work/Quests/Quests - Taylor Portfolio - Sheet1.csv (75, source_index_candidate) | Ref Docs/Work/Quests/Overview and Summary/V1Overview & Summary - Quest Portfolio (2).docx (24, artifact_candidate) | Ref Docs/Work/Quests/Quest Resources/Enrichment Resources/Prompt- Quest Project Research.docx (24, artifact_candidate) | Ref Docs/Work/Quests/Quest Resources/Quest Building/Prompt - Quest Prompt.docx (24, artifact_candidate) | Ref Docs/Work/Quests/Quest Resources/Quest Building/Template - Quest Template.docx (24, artifact_candidate)","Local source/index file exists, but the actual artifact still needs recovery or export."
"rpm-0202","Quests","AppleFarm Season 2","text-url","google-doc","not_public_auth_required","auth_required","401","re-share from an accessible account, replace, or hide","preserve source index; recover/export actual artifact","source_index_only","Ref Docs/Work/Quests/Quests - Taylor Portfolio - Sheet1.csv","source_index_candidate","76",".csv","28332","3808f64c0d2ef7a1d955659edd4e726ba0f4cbb03262d585a7abdc0f11e38668","Ref Docs/Work/Quests/Quests - Taylor Portfolio - Sheet1.csv","","assets/js/quests_data.js","","links.quest_doc | text-url","https://docs.google.com/document/d/1yWJCvPXC_mda8naYctLSa7wFMrmN2_d5kSBbqqDU6XI/","https://docs.google.com/document/d/1yWJCvPXC_mda8naYctLSa7wFMrmN2_d5kSBbqqDU6XI/export?format=txt","1yWJCvPXC_mda8naYctLSa7wFMrmN2_d5kSBbqqDU6XI","The local file preserves the row/source list, not necessarily the artifact content; recover or recreate before deleting.","Ref Docs/Work/Quests/Quests - Taylor Portfolio - Sheet1.csv (76, source_index_candidate) | Ref Docs/Work/Quests/Overview and Summary/V1Overview & Summary - Quest Portfolio (2).docx (25, artifact_candidate) | Ref Docs/Work/Quests/Quest Resources/Enrichment Resources/Prompt- Quest Project Research.docx (25, artifact_candidate) | Ref Docs/Work/Quests/Quest Resources/Quest Building/Prompt - Quest Prompt.docx (25, artifact_candidate) | Ref Docs/Work/Quests/Quest Resources/Quest Building/Template - Quest Template.docx (25, artifact_candidate)","Local source/index file exists, but the actual artifact still needs recovery or export."
"rpm-0203","Quests","Register a ZenChain Domain","text-url","google-doc","not_public_auth_required","auth_required","401","re-share from an accessible account, replace, or hide","preserve source index; recover/export actual artifact","source_index_only","Ref Docs/Work/Quests/Quests - Taylor Portfolio - Sheet1.csv","source_index_candidate","76",".csv","28332","3808f64c0d2ef7a1d955659edd4e726ba0f4cbb03262d585a7abdc0f11e38668","Ref Docs/Work/Quests/Quests - Taylor Portfolio - Sheet1.csv","","assets/js/quests_data.js","","links.quest_doc | text-url","https://docs.google.com/document/d/1ZjYQS2KNzj3zkA7IyMey6THT8ICSWPy8UFwtQOX0MWg/","https://docs.google.com/document/d/1ZjYQS2KNzj3zkA7IyMey6THT8ICSWPy8UFwtQOX0MWg/export?format=txt","1ZjYQS2KNzj3zkA7IyMey6THT8ICSWPy8UFwtQOX0MWg","The local file preserves the row/source list, not necessarily the artifact content; recover or recreate before deleting.","Ref Docs/Work/Quests/Quests - Taylor Portfolio - Sheet1.csv (76, source_index_candidate) | Ref Docs/Work/Quests/Overview and Summary/V1Overview & Summary - Quest Portfolio (2).docx (25, artifact_candidate) | Ref Docs/Work/Quests/Quest Resources/Enrichment Resources/Prompt- Quest Project Research.docx (25, artifact_candidate) | Ref Docs/Work/Quests/Quest Resources/Quest Building/Prompt - Quest Prompt.docx (25, artifact_candidate) | Ref Docs/Work/Quests/Quest Resources/Quest Building/Template - Quest Template.docx (25, artifact_candidate)","Local source/index file exists, but the actual artifact still needs recovery or export."
"rpm-0204","Social / Some Work","SEO Strategy Template | Monthly SEO Reporting Template","Article","google-doc","not_public_auth_required","auth_required","401","re-share from an accessible account, replace, or hide","preserve manifest row; decide hide vs recreate","missing_artifact","Ref Docs/Work/Writing/Archived_PDFs/AI in Social Media - Taylor [PDF].pdf","artifact_candidate","29",".pdf","3199224","30789c999229692c7e6d16c1d851974ad443f0068d79b138a2c7043fa804d4aa","","","assets/js/some_work_data.js","5938","text-url","https://docs.google.com/document/d/1A_WjvrUsefs9t-uPcZepdVxUupjSqyT3tUESzYGlBdU/edit#","https://docs.google.com/document/d/1A_WjvrUsefs9t-uPcZepdVxUupjSqyT3tUESzYGlBdU/export?format=txt","1A_WjvrUsefs9t-uPcZepdVxUupjSqyT3tUESzYGlBdU","No likely offline artifact found; keep the manifest record and decide whether to hide the public link or rebuild the resource.","Ref Docs/Work/Writing/Archived_PDFs/AI in Social Media - Taylor [PDF].pdf (29, artifact_candidate) | Ref Docs/Work/Writing/Archived_PDFs/Social Media Trends for 2020 (Marketing Edition) - Taylor [PDF].pdf (29, artifact_candidate) | Ref Docs/Work/Writing/Archived_PDFs/Spark Interview Bootstrapping Your Social Team to - Taylor [PDF].pdf (24, artifact_candidate) | Ref Docs/Work/Writing/Archived_PDFs/What is Corporate Social Innovation - Taylor [PDF].pdf (24, artifact_candidate)",""
"rpm-0205","Social / Some Work","Monthly SEO Reporting Template | SEO Site audit checklist","Article","google-doc","not_public_auth_required","auth_required","401","re-share from an accessible account, replace, or hide","preserve manifest row; decide hide vs recreate","missing_artifact","Ref Docs/Work/Writing/Archived_PDFs/AI in Social Media - Taylor [PDF].pdf","artifact_candidate","29",".pdf","3199224","30789c999229692c7e6d16c1d851974ad443f0068d79b138a2c7043fa804d4aa","","","assets/js/some_work_data.js","5913","text-url","https://docs.google.com/document/d/1mtkiWBuC8oHyqC1fiiXv2xaVEwyUCwRYe9RGUwl4OfQ/edit","https://docs.google.com/document/d/1mtkiWBuC8oHyqC1fiiXv2xaVEwyUCwRYe9RGUwl4OfQ/export?format=txt","1mtkiWBuC8oHyqC1fiiXv2xaVEwyUCwRYe9RGUwl4OfQ","No likely offline artifact found; keep the manifest record and decide whether to hide the public link or rebuild the resource.","Ref Docs/Work/Writing/Archived_PDFs/AI in Social Media - Taylor [PDF].pdf (29, artifact_candidate) | Ref Docs/Work/Writing/Archived_PDFs/Social Media Trends for 2020 (Marketing Edition) - Taylor [PDF].pdf (29, artifact_candidate) | Ref Docs/Work/Writing/Archived_PDFs/Spark Interview Bootstrapping Your Social Team to - Taylor [PDF].pdf (24, artifact_candidate) | Ref Docs/Work/Writing/Archived_PDFs/What is Corporate Social Innovation - Taylor [PDF].pdf (24, artifact_candidate)",""
"rpm-0206","Social / Some Work","WeGroCoin launch resource pack | Generation Crypto conference session","Article","google-doc","not_public_auth_required","auth_required","401","re-share from an accessible account, replace, or hide","preserve manifest row; decide hide vs recreate","missing_artifact","Ref Docs/Work/Writing/Archived_PDFs/AI in Social Media - Taylor [PDF].pdf","artifact_candidate","30",".pdf","3199224","30789c999229692c7e6d16c1d851974ad443f0068d79b138a2c7043fa804d4aa","","","assets/js/some_work_data.js","7830","text-url","https://docs.google.com/document/d/1NCShLiA6SxOr9iBrqR_SSDU909uXzw4QdmWTsyv5Ejg/edit#heading=h.em1en1419v28","https://docs.google.com/document/d/1NCShLiA6SxOr9iBrqR_SSDU909uXzw4QdmWTsyv5Ejg/export?format=txt","1NCShLiA6SxOr9iBrqR_SSDU909uXzw4QdmWTsyv5Ejg","No likely offline artifact found; keep the manifest record and decide whether to hide the public link or rebuild the resource.","Ref Docs/Work/Writing/Archived_PDFs/AI in Social Media - Taylor [PDF].pdf (30, artifact_candidate) | Ref Docs/Work/Writing/Archived_PDFs/Social Media Trends for 2020 (Marketing Edition) - Taylor [PDF].pdf (30, artifact_candidate) | Ref Docs/Work/Writing/Archived_PDFs/Spark Interview Bootstrapping Your Social Team to - Taylor [PDF].pdf (24, artifact_candidate) | Ref Docs/Work/Writing/Archived_PDFs/What is Corporate Social Innovation - Taylor [PDF].pdf (24, artifact_candidate)",""
"rpm-0207","Social / Some Work","Speaking at Growth Hackers Conference 2021","Article","google-doc","not_public_auth_required","auth_required","401","re-share from an accessible account, replace, or hide","preserve manifest row; decide hide vs recreate","missing_artifact","Ref Docs/Work/Writing/Archived_PDFs/AI in Social Media - Taylor [PDF].pdf","artifact_candidate","30",".pdf","3199224","30789c999229692c7e6d16c1d851974ad443f0068d79b138a2c7043fa804d4aa","","","assets/js/some_work_data.js","7364","text-url","https://docs.google.com/document/d/1o_x2RJzaO_RF7X6aU0_6vIuveMC2gj-w7uSbb7N4WZQ/edit#","https://docs.google.com/document/d/1o_x2RJzaO_RF7X6aU0_6vIuveMC2gj-w7uSbb7N4WZQ/export?format=txt","1o_x2RJzaO_RF7X6aU0_6vIuveMC2gj-w7uSbb7N4WZQ","No likely offline artifact found; keep the manifest record and decide whether to hide the public link or rebuild the resource.","Ref Docs/Work/Writing/Archived_PDFs/AI in Social Media - Taylor [PDF].pdf (30, artifact_candidate) | Ref Docs/Work/Writing/Archived_PDFs/Social Media Trends for 2020 (Marketing Edition) - Taylor [PDF].pdf (30, artifact_candidate) | Ref Docs/Work/Writing/Archived_PDFs/Spark Interview Bootstrapping Your Social Team to - Taylor [PDF].pdf (24, artifact_candidate) | Ref Docs/Work/Writing/Archived_PDFs/What is Corporate Social Innovation - Taylor [PDF].pdf (24, artifact_candidate)",""
"rpm-0208","Writing","Autopilot x Aerodrome","href","google-doc","not_public_auth_required","auth_required","401","re-share from an accessible account, replace, or hide","preserve source index; recover/export actual artifact","source_index_only","Ref Docs/Work/Quests/Writing/ref_overview_v3_with_links.txt","source_index_candidate","80",".txt","15975","3f1dc4a92208cd491ac288c0c3fedb218e43ed07af9052b8aab0d9090d0eb789","Ref Docs/Work/Quests/Writing/ref_overview_v3_with_links.txt | Ref Docs/Work/Quests/Writing/V1Overview & Summary - Quest Portfolio(4).md","","DEPLOY_PUBLIC/overview_blog_content/index.html","215","text-url | href","https://docs.google.com/document/d/1oFkVNROjfRWL3hhlsfjBCwI3_-dmJJ3gZ9qXcKq2fuQ/edit?usp=sharing","https://docs.google.com/document/d/1oFkVNROjfRWL3hhlsfjBCwI3_-dmJJ3gZ9qXcKq2fuQ/export?format=txt","1oFkVNROjfRWL3hhlsfjBCwI3_-dmJJ3gZ9qXcKq2fuQ","The local file preserves the row/source list, not necessarily the artifact content; recover or recreate before deleting.","Ref Docs/Work/Quests/Writing/ref_overview_v3_with_links.txt (80, source_index_candidate) | Ref Docs/Work/Quests/Writing/V1Overview & Summary - Quest Portfolio(4).md (80, source_index_candidate)","Local source/index file exists, but the actual artifact still needs recovery or export."
"rpm-0209","Marketing Resources","Shared Folder - Content Creator [Folder] | Content Creator Resource Links","text-url","google-drive","not_public_auth_required","auth_required","200","re-share from an accessible account, replace, or hide","preserve source index; recover/export actual artifact","source_index_only","Ref Docs/Work/Marketing/Content Creator Program/Internal Resources - Content Creator Program.xlsx","source_index_candidate","67",".xlsx","24637","ca998a9820976b48306c14fd48f7e385466cdecc42d28d0cae99020814311cae","","Internal Resources - Content Creator Program","assets/js/marketing_data.js","444","text-url","https://drive.google.com/drive/folders/1JdfaY2bnad9xIzYesVeZDmHqox8HiOb8?usp=drive_link","https://accounts.google.com/v3/signin/identifier?continue=https%3A%2F%2Fdrive.google.com%2Fdrive%2Ffolders%2F1JdfaY2bnad9xIzYesVeZDmHqox8HiOb8%3Fusp%3Ddrive_link&dsh=S-704453778%3A1783943887261716&followup=https%3A%2F%2Fdrive.google.com%2Fdrive%2Ffolders%2F1JdfaY2bnad9xIzYesVeZDmHqox8HiOb8%3Fusp%3Ddrive_link&osid=1&passive=1209600&service=wise&flowName=WebLiteSignIn&flowEntry=ServiceLogin&ifkv=Ac50bxuR0eXC6gPYzPgItc8ZQXZPcLTMxuunu1oOyDyHXMDeUKAT78FNd06YLFAUFrlHkXqEJ7rYWg","1JdfaY2bnad9xIzYesVeZDmHqox8HiOb8","The local file preserves the row/source list, not necessarily the artifact content; recover or recreate before deleting.","Ref Docs/Work/Marketing/Content Creator Program/Internal Resources - Content Creator Program.xlsx (67, source_index_candidate)","Local source/index file exists, but the actual artifact still needs recovery or export."
"rpm-0210","Marketing Resources","Example - Content Creator Guide and Presentation - Shared [PDF] | Content Creator Resource Links","text-url","google-drive","not_public_auth_required","auth_required","200","re-share from an accessible account, replace, or hide","preserve source index; recover/export actual artifact","source_index_only","Ref Docs/Work/Marketing/Content Creator Program/Internal Resources - Content Creator Program.xlsx","source_index_candidate","67",".xlsx","24637","ca998a9820976b48306c14fd48f7e385466cdecc42d28d0cae99020814311cae","","Internal Resources - Content Creator Program","assets/js/marketing_data.js","451","text-url","https://drive.google.com/file/d/1rFLiDUED2ulyzjkN1qNQd7xCT77T07QG/view?usp=drive_link","https://accounts.google.com/v3/signin/identifier?continue=https%3A%2F%2Fdrive.usercontent.google.com%2Fdownload%3Fid%3D1rFLiDUED2ulyzjkN1qNQd7xCT77T07QG%26export%3Ddownload&dsh=S-217459539%3A1783943887372950&followup=https%3A%2F%2Fdrive.usercontent.google.com%2Fdownload%3Fid%3D1rFLiDUED2ulyzjkN1qNQd7xCT77T07QG%26export%3Ddownload&passive=1209600&service=wise&flowName=WebLiteSignIn&flowEntry=ServiceLogin&ifkv=Ac50bxuzhBal_Jz8Og1sHzJIjiKFHX2sfYl4budh_GvqcMV7Uh6K9rUdoznyApyS9TbdLiA38ITcmg","1rFLiDUED2ulyzjkN1qNQd7xCT77T07QG","The local file preserves the row/source list, not necessarily the artifact content; recover or recreate before deleting.","Ref Docs/Work/Marketing/Content Creator Program/Internal Resources - Content Creator Program.xlsx (67, source_index_candidate)","Local source/index file exists, but the actual artifact still needs recovery or export."
"rpm-0211","Email Outreach","Affiliate Marketing [Folder] | Hyp-Pers SendSpark Workflow Resources [Sheet]","text-url","google-drive","not_public_auth_required","auth_required","200","re-share from an accessible account, replace, or hide","preserve source index; recover/export actual artifact","source_index_only","Ref Docs/Work/Marketing/Email Outreach/Hyp-Pers SendSpark Workflow Resources.xlsx","source_index_candidate","100",".xlsx","21978","e336833fd995ab2b85c1b70beb47e8543c7ebc95678fa808d46b487cf00798d4","","All Affiliate Resources | Hyp-Pers SendSpark Workflow Resources","assets/js/marketing_full_data.js","3693","text-url","https://drive.google.com/drive/folders/18lTvBdoqZAbf59gLxtEJ26TN-v7yH8Qw","https://accounts.google.com/v3/signin/identifier?continue=https%3A%2F%2Fdrive.google.com%2Fdrive%2Ffolders%2F18lTvBdoqZAbf59gLxtEJ26TN-v7yH8Qw&dsh=S1495839738%3A1783943889362304&followup=https%3A%2F%2Fdrive.google.com%2Fdrive%2Ffolders%2F18lTvBdoqZAbf59gLxtEJ26TN-v7yH8Qw&osid=1&passive=1209600&service=wise&flowName=WebLiteSignIn&flowEntry=ServiceLogin&ifkv=Ac50bxta4bIB5JkUSq7LVi0XG1oveKleQn8Q5_D20SIeG8tCYSt-5W-GU19wFhJs6angZ7TExp0JhQ","18lTvBdoqZAbf59gLxtEJ26TN-v7yH8Qw","The local file preserves the row/source list, not necessarily the artifact content; recover or recreate before deleting.","Ref Docs/Work/Marketing/Email Outreach/Hyp-Pers SendSpark Workflow Resources.xlsx (100, source_index_candidate) | Ref Docs/Work/Marketing/Affiliate Program/All Affiliate Resources.xlsx (56, source_index_candidate)","Local source/index file exists, but the actual artifact still needs recovery or export."
"rpm-0212","Marketing Resources","Case Study Interview Questions [Doc] | Case Study Interview Checklists [Doc]","text-url","google-drive","not_public_auth_required","auth_required","200","re-share from an accessible account, replace, or hide","preserve source index; recover/export actual artifact","source_index_only","Ref Docs/Work/Marketing/Case Study Creation/Case Study Creation Resources.xlsx","source_index_candidate","67",".xlsx","10699","75bc47a920f98f220f2f599c181e7fdb9a8b4d30eea1a5c57b49c9346781487d","","Case Study Creation Resources","assets/js/marketing_full_data.js","4396","text-url","https://drive.google.com/open?id=15RrEu7O5G9Z26KUJQdMrV5-qpGNykDml8sBg22bXDzo&usp=drive_copy","https://accounts.google.com/v3/signin/identifier?continue=https%3A%2F%2Fdrive.usercontent.google.com%2Fdownload%3Fid%3D15RrEu7O5G9Z26KUJQdMrV5-qpGNykDml8sBg22bXDzo%26export%3Ddownload&dsh=S-217459539%3A1783943890847635&followup=https%3A%2F%2Fdrive.usercontent.google.com%2Fdownload%3Fid%3D15RrEu7O5G9Z26KUJQdMrV5-qpGNykDml8sBg22bXDzo%26export%3Ddownload&passive=1209600&service=wise&flowName=WebLiteSignIn&flowEntry=ServiceLogin&ifkv=Ac50bxt1M51dLc_HkUYrbVlNB9l4isUCn1m1sySWBlkw-vONKMV1Dd7qphZ3K6UWWxLoUa5cmzEqdA","15RrEu7O5G9Z26KUJQdMrV5-qpGNykDml8sBg22bXDzo","The local file preserves the row/source list, not necessarily the artifact content; recover or recreate before deleting.","Ref Docs/Work/Marketing/Case Study Creation/Case Study Creation Resources.xlsx (67, source_index_candidate)","Local source/index file exists, but the actual artifact still needs recovery or export."
"rpm-0213","Marketing Resources","Case Study - Email Outreach Templates [Doc] | Logo Enrichment Resources [Sheet]","text-url","google-drive","not_public_auth_required","auth_required","200","re-share from an accessible account, replace, or hide","preserve source index; recover/export actual artifact","source_index_only","Ref Docs/Work/Marketing/Case Study Creation/Case Study Creation Resources.xlsx","source_index_candidate","66",".xlsx","10699","75bc47a920f98f220f2f599c181e7fdb9a8b4d30eea1a5c57b49c9346781487d","","Case Study Creation Resources","assets/js/marketing_full_data.js","4358","text-url","https://drive.google.com/open?id=17dwGwIfuhYQNlDeWoynq6cJt-xXy8Mmfyhx30Ma5MkU&usp=drive_copy","https://accounts.google.com/v3/signin/identifier?continue=https%3A%2F%2Fdrive.usercontent.google.com%2Fdownload%3Fid%3D17dwGwIfuhYQNlDeWoynq6cJt-xXy8Mmfyhx30Ma5MkU%26export%3Ddownload&dsh=S-1693982783%3A1783943890646210&followup=https%3A%2F%2Fdrive.usercontent.google.com%2Fdownload%3Fid%3D17dwGwIfuhYQNlDeWoynq6cJt-xXy8Mmfyhx30Ma5MkU%26export%3Ddownload&passive=1209600&service=wise&flowName=WebLiteSignIn&flowEntry=ServiceLogin&ifkv=Ac50bxv04Vhpa0BVDThAvvfZ4WoeI9Uw8POQxFltPMco7z51f-NuCGhk2kkQrz-iAsafkFqeoEp7sg","17dwGwIfuhYQNlDeWoynq6cJt-xXy8Mmfyhx30Ma5MkU","The local file preserves the row/source list, not necessarily the artifact content; recover or recreate before deleting.","Ref Docs/Work/Marketing/Case Study Creation/Case Study Creation Resources.xlsx (66, source_index_candidate) | Ref Docs/Work/Marketing/Email Outreach/Email Outreach Templates.xlsx (44, source_index_candidate) | Ref Docs/Work/Writing/Archived_PDFs/50+ AI Marketing Tools - Taylor [PDF].pdf (24, artifact_candidate)","Local source/index file exists, but the actual artifact still needs recovery or export."
"rpm-0214","Marketing Resources","Case Study Questions [Sheet] | Case Study Interview Questions [Doc]","text-url","google-drive","not_public_auth_required","auth_required","200","re-share from an accessible account, replace, or hide","preserve source index; recover/export actual artifact","source_index_only","Ref Docs/Work/Marketing/Case Study Creation/Case Study Creation Resources.xlsx","source_index_candidate","67",".xlsx","10699","75bc47a920f98f220f2f599c181e7fdb9a8b4d30eea1a5c57b49c9346781487d","","Case Study Creation Resources","assets/js/marketing_full_data.js","4415","text-url","https://drive.google.com/open?id=1RgsGC7WmgkI19rjiU6adRfqRFMM72Zf_o2HG6OSRdzw&usp=drive_copy","https://accounts.google.com/v3/signin/identifier?continue=https%3A%2F%2Fdrive.usercontent.google.com%2Fdownload%3Fid%3D1RgsGC7WmgkI19rjiU6adRfqRFMM72Zf_o2HG6OSRdzw%26export%3Ddownload&dsh=S1914323719%3A1783943890857895&followup=https%3A%2F%2Fdrive.usercontent.google.com%2Fdownload%3Fid%3D1RgsGC7WmgkI19rjiU6adRfqRFMM72Zf_o2HG6OSRdzw%26export%3Ddownload&passive=1209600&service=wise&flowName=WebLiteSignIn&flowEntry=ServiceLogin&ifkv=Ac50bxtMTVX9S0P0lmcFTZwdsvT1FrpIe80mJK5vqgyETQZtbhhieE6xSpFIzegnliYuPtb2gcbK5A","1RgsGC7WmgkI19rjiU6adRfqRFMM72Zf_o2HG6OSRdzw","The local file preserves the row/source list, not necessarily the artifact content; recover or recreate before deleting.","Ref Docs/Work/Marketing/Case Study Creation/Case Study Creation Resources.xlsx (67, source_index_candidate)","Local source/index file exists, but the actual artifact still needs recovery or export."
"rpm-0215","Social / Some Work","Conversion rate optimization | 5 growth hacks for instsgram","Landscape","google-drive","not_public_auth_required","auth_required","200","re-share from an accessible account, replace, or hide","preserve manifest row; decide hide vs recreate","missing_artifact","Ref Docs/Trust Signals/Client Logos/social-media-today-logo.png","artifact_candidate","35",".png","30454","4223eedc500197b9095eff3391621f09cb231e266a4b0c7feaedd777eeff4962","","","assets/js/some_work_data.js","8011","text-url","https://drive.google.com/drive/folders/1e0A26tSq0WKtqSc_IAYd7xhdnX0bfFwO?usp=sharing","https://accounts.google.com/v3/signin/identifier?continue=https%3A%2F%2Fdrive.google.com%2Fdrive%2Ffolders%2F1e0A26tSq0WKtqSc_IAYd7xhdnX0bfFwO%3Fusp%3Dsharing&dsh=S-2061722868%3A1783943921815136&followup=https%3A%2F%2Fdrive.google.com%2Fdrive%2Ffolders%2F1e0A26tSq0WKtqSc_IAYd7xhdnX0bfFwO%3Fusp%3Dsharing&osid=1&passive=1209600&service=wise&flowName=WebLiteSignIn&flowEntry=ServiceLogin&ifkv=Ac50bxu5I6Ye2BaP5GerjMJY-dy5QPA75nDxIm8aEs5DuCAfJPsOQa8x-kYN6GFLfZBDHCK6Txao4Q","1e0A26tSq0WKtqSc_IAYd7xhdnX0bfFwO","No likely offline artifact found; keep the manifest record and decide whether to hide the public link or rebuild the resource.","Ref Docs/Trust Signals/Client Logos/social-media-today-logo.png (35, artifact_candidate) | Ref Docs/Work/Public Speaking/Images/Event Banners/Growth Secrets - Social media amplificaiton.jfif (35, artifact_candidate) | Ref Docs/Work/Public Speaking/Images/Event Banners/Growth Secrets - Social Media.jfif (35, artifact_candidate) | Ref Docs/Trust Signals/Client Logos/SocialMediaManageren.png (24, artifact_candidate)",""
"rpm-0216","Social / Some Work","Sales funnel | Inbound marketing","Landscape","google-drive","not_public_auth_required","auth_required","200","re-share from an accessible account, replace, or hide","preserve manifest row; decide hide vs recreate","missing_artifact","Ref Docs/Trust Signals/Client Logos/social-media-today-logo.png","artifact_candidate","30",".png","30454","4223eedc500197b9095eff3391621f09cb231e266a4b0c7feaedd777eeff4962","","","assets/js/some_work_data.js","8068","text-url","https://drive.google.com/drive/folders/1h6779KjbjYxTrKoB8YUOSkNi6l1crHRe?usp=sharing","https://accounts.google.com/v3/signin/identifier?continue=https%3A%2F%2Fdrive.google.com%2Fdrive%2Ffolders%2F1h6779KjbjYxTrKoB8YUOSkNi6l1crHRe%3Fusp%3Dsharing&dsh=S570785647%3A1783943921983251&followup=https%3A%2F%2Fdrive.google.com%2Fdrive%2Ffolders%2F1h6779KjbjYxTrKoB8YUOSkNi6l1crHRe%3Fusp%3Dsharing&osid=1&passive=1209600&service=wise&flowName=WebLiteSignIn&flowEntry=ServiceLogin&ifkv=Ac50bxstX4M92xuEgi7QG1FeCtxYubURPymahhrj8JsNWZ6BJnEECi6Ph6qs-6WFLDrUYdoWbIX2","1h6779KjbjYxTrKoB8YUOSkNi6l1crHRe","No likely offline artifact found; keep the manifest record and decide whether to hide the public link or rebuild the resource.","Ref Docs/Trust Signals/Client Logos/social-media-today-logo.png (30, artifact_candidate) | Ref Docs/Work/Public Speaking/Images/Event Banners/Growth Secrets - Social media amplificaiton.jfif (30, artifact_candidate) | Ref Docs/Work/Public Speaking/Images/Event Banners/Growth Secrets - Social Media.jfif (30, artifact_candidate)",""
"rpm-0217","Social / Some Work","Inbound marketing | Conversion rate optimization","Landscape","google-drive","not_public_auth_required","auth_required","200","re-share from an accessible account, replace, or hide","preserve manifest row; decide hide vs recreate","missing_artifact","Ref Docs/Trust Signals/Client Logos/social-media-today-logo.png","artifact_candidate","30",".png","30454","4223eedc500197b9095eff3391621f09cb231e266a4b0c7feaedd777eeff4962","","","assets/js/some_work_data.js","8039","text-url","https://drive.google.com/drive/folders/1Q0fiZKzzDPzHvYCMQL5kTSJ6R33KhPkE?usp=sharing","https://accounts.google.com/v3/signin/identifier?continue=https%3A%2F%2Fdrive.google.com%2Fdrive%2Ffolders%2F1Q0fiZKzzDPzHvYCMQL5kTSJ6R33KhPkE%3Fusp%3Dsharing&dsh=S-1962494319%3A1783943921963548&followup=https%3A%2F%2Fdrive.google.com%2Fdrive%2Ffolders%2F1Q0fiZKzzDPzHvYCMQL5kTSJ6R33KhPkE%3Fusp%3Dsharing&osid=1&passive=1209600&service=wise&flowName=WebLiteSignIn&flowEntry=ServiceLogin&ifkv=Ac50bxvqmnqlqwK_nMDcf_e85bpU8moJ2dL651n4ZrZCQ0w9ljOFFZ8btrav5kRiyPCQ1Dr1VdZl","1Q0fiZKzzDPzHvYCMQL5kTSJ6R33KhPkE","No likely offline artifact found; keep the manifest record and decide whether to hide the public link or rebuild the resource.","Ref Docs/Trust Signals/Client Logos/social-media-today-logo.png (30, artifact_candidate) | Ref Docs/Work/Public Speaking/Images/Event Banners/Growth Secrets - Social media amplificaiton.jfif (30, artifact_candidate) | Ref Docs/Work/Public Speaking/Images/Event Banners/Growth Secrets - Social Media.jfif (30, artifact_candidate)",""
"rpm-0218","Social / Some Work","Roi and forecasting for paid social ads","Landscape","google-drive","not_public_auth_required","auth_required","200","re-share from an accessible account, replace, or hide","preserve manifest row; decide hide vs recreate","missing_artifact","Ref Docs/Trust Signals/Client Logos/social-media-today-logo.png","artifact_candidate","31",".png","30454","4223eedc500197b9095eff3391621f09cb231e266a4b0c7feaedd777eeff4962","","","assets/js/some_work_data.js","6777","text-url","https://drive.google.com/drive/u/0/folders/1hr19SgNBqFEY6ovYNnh2u3UntePE6gS1","https://accounts.google.com/v3/signin/identifier?continue=https%3A%2F%2Fdrive.google.com%2Fdrive%2Ffolders%2F1hr19SgNBqFEY6ovYNnh2u3UntePE6gS1&dsh=S-667281586%3A1783943920655633&followup=https%3A%2F%2Fdrive.google.com%2Fdrive%2Ffolders%2F1hr19SgNBqFEY6ovYNnh2u3UntePE6gS1&osid=1&passive=1209600&service=wise&flowName=WebLiteSignIn&flowEntry=ServiceLogin&ifkv=Ac50bxspwr5898iaBQpse_M_zAPJi2pdVrWS4n93V8hmofNA4eTkFMqYjIzZWJwYkCbhxhccuezyQQ","","No likely offline artifact found; keep the manifest record and decide whether to hide the public link or rebuild the resource.","Ref Docs/Trust Signals/Client Logos/social-media-today-logo.png (31, artifact_candidate) | Ref Docs/Work/Public Speaking/Images/Event Banners/Growth Secrets - Social media amplificaiton.jfif (31, artifact_candidate) | Ref Docs/Work/Public Speaking/Images/Event Banners/Growth Secrets - Social Media.jfif (31, artifact_candidate)",""
"rpm-0219","Social / Some Work","Speaking at Growth Hackers Conference 2021","Landscape","google-drive","not_public_auth_required","auth_required","200","re-share from an accessible account, replace, or hide","review candidate offline file before changing link","possible_artifact","Ref Docs/Work/Public Speaking/Images/Event Banners/Growth Secrets - Social media amplificaiton.jfif","artifact_candidate","43",".jfif","36003","7e12e68e3b070870ba4d9300f2bd5220b909eacf9131237c3f41ffc00c9fbd46","","","assets/js/some_work_data.js","7385","text-url","https://drive.google.com/drive/u/0/folders/1Hxtp0WK4z5e0BoJge5uCODi_BxkskH5S","https://accounts.google.com/v3/signin/identifier?continue=https://drive.google.com/drive/folders/1Hxtp0WK4z5e0BoJge5uCODi_BxkskH5S&followup=https://drive.google.com/drive/folders/1Hxtp0WK4z5e0BoJge5uCODi_BxkskH5S&osid=1&passive=1209600&service=wise&flowName=WebLiteSignIn&flowEntry=ServiceLogin&dsh=S-667281586:1783943921353190","","Open the candidate file and confirm it is the same artifact before replacing the URL.","Ref Docs/Work/Public Speaking/Images/Event Banners/Growth Secrets - Social media amplificaiton.jfif (43, artifact_candidate) | Ref Docs/Work/Public Speaking/Images/Event Banners/Growth Secrets - Social Media.jfif (43, artifact_candidate) | Ref Docs/Trust Signals/Client Logos/social-media-today-logo.png (30, artifact_candidate) | Ref Docs/Work/Public Speaking/Images/Event Banners/Nordic Growth Hackers_v4.png (26, artifact_candidate) | Ref Docs/Work/Public Speaking/Images/Event Banners/SocialMediaManageren19.png (24, artifact_candidate)",""
"rpm-0220","Social / Some Work","Copenhagen Business School CSE session","Landscape","google-drive","not_public_auth_required","auth_required","200","re-share from an accessible account, replace, or hide","preserve manifest row; decide hide vs recreate","missing_artifact","Ref Docs/Trust Signals/Client Logos/social-media-today-logo.png","artifact_candidate","30",".png","30454","4223eedc500197b9095eff3391621f09cb231e266a4b0c7feaedd777eeff4962","","","assets/js/some_work_data.js","7261","text-url","https://drive.google.com/drive/u/0/folders/1NPwgnpmDNg-R3fMtgQWSSWtppGD9sR51","https://accounts.google.com/v3/signin/identifier?continue=https%3A%2F%2Fdrive.google.com%2Fdrive%2Ffolders%2F1NPwgnpmDNg-R3fMtgQWSSWtppGD9sR51&dsh=S-704453778%3A1783943920817846&followup=https%3A%2F%2Fdrive.google.com%2Fdrive%2Ffolders%2F1NPwgnpmDNg-R3fMtgQWSSWtppGD9sR51&osid=1&passive=1209600&service=wise&flowName=WebLiteSignIn&flowEntry=ServiceLogin&ifkv=Ac50bxt6MB3GT36CJ7jnAy4Gi5u4VRwwhhtuicq8nnNj4ygl9UPHAiS1iPhNglOKzqYf68FrWvnWzQ","","No likely offline artifact found; keep the manifest record and decide whether to hide the public link or rebuild the resource.","Ref Docs/Trust Signals/Client Logos/social-media-today-logo.png (30, artifact_candidate) | Ref Docs/Work/Public Speaking/Images/Event Banners/Growth Secrets - Social media amplificaiton.jfif (30, artifact_candidate) | Ref Docs/Work/Public Speaking/Images/Event Banners/Growth Secrets - Social Media.jfif (30, artifact_candidate)",""
"rpm-0221","Social / Some Work","Copenhagen Business School CSE session","Landscape","google-drive","not_public_auth_required","auth_required","200","re-share from an accessible account, replace, or hide","preserve manifest row; decide hide vs recreate","missing_artifact","Ref Docs/Work/Public Speaking/Images/Event Banners/Growth Secrets - Social media amplificaiton.jfif","artifact_candidate","36",".jfif","36003","7e12e68e3b070870ba4d9300f2bd5220b909eacf9131237c3f41ffc00c9fbd46","","","assets/js/some_work_data.js","7290","text-url","https://drive.google.com/drive/u/0/folders/1qUbktEs4uWabEkVxfg5C7i5A_MYjA-EN","https://accounts.google.com/v3/signin/identifier?continue=https%3A%2F%2Fdrive.google.com%2Fdrive%2Ffolders%2F1qUbktEs4uWabEkVxfg5C7i5A_MYjA-EN&dsh=S-667281586%3A1783943920838238&followup=https%3A%2F%2Fdrive.google.com%2Fdrive%2Ffolders%2F1qUbktEs4uWabEkVxfg5C7i5A_MYjA-EN&osid=1&passive=1209600&service=wise&flowName=WebLiteSignIn&flowEntry=ServiceLogin&ifkv=Ac50bxuT-deWwx8vQSuytm738carsAD2vutFx22zfHcds9bO_Ro2X1xw7sh_ecvm_AlAJWfyBV6CXQ","","No likely offline artifact found; keep the manifest record and decide whether to hide the public link or rebuild the resource.","Ref Docs/Work/Public Speaking/Images/Event Banners/Growth Secrets - Social media amplificaiton.jfif (36, artifact_candidate) | Ref Docs/Work/Public Speaking/Images/Event Banners/Growth Secrets - Social Media.jfif (36, artifact_candidate) | Ref Docs/Trust Signals/Client Logos/social-media-today-logo.png (30, artifact_candidate)",""
"rpm-0222","Social / Some Work","28 social media trends 2021","Article","google-drive","not_public_auth_required","auth_required","200","re-share from an accessible account, replace, or hide","preserve manifest row; decide hide vs recreate","missing_artifact","Ref Docs/Work/Writing/Archived_PDFs/Social Media Trends for 2020 (Marketing Edition) - Taylor [PDF].pdf","artifact_candidate","37",".pdf","191259","43a01a2477660d67f2140b114feb7c3f811af594bd0fc1d8fb8e64b446cb6607","","","assets/js/some_work_data.js","7927","text-url","https://drive.google.com/drive/u/1/folders/1BY3xL9ezgaosHY9joiwuNUwc9ae0m8cf","https://accounts.google.com/v3/signin/identifier?continue=https%3A%2F%2Fdrive.google.com%2Fdrive%2Ffolders%2F1BY3xL9ezgaosHY9joiwuNUwc9ae0m8cf&dsh=S721579007%3A1783943921946388&followup=https%3A%2F%2Fdrive.google.com%2Fdrive%2Ffolders%2F1BY3xL9ezgaosHY9joiwuNUwc9ae0m8cf&osid=1&passive=1209600&service=wise&flowName=WebLiteSignIn&flowEntry=ServiceLogin&ifkv=Ac50bxu3PL8ehIbZL305XADZ_IBmwaxNXx0HmnaIKO55s6NjjNlqG2uAtVozBRRmjvSjUlk4TYD3cw","","No likely offline artifact found; keep the manifest record and decide whether to hide the public link or rebuild the resource.","Ref Docs/Work/Writing/Archived_PDFs/Social Media Trends for 2020 (Marketing Edition) - Taylor [PDF].pdf (37, artifact_candidate) | Ref Docs/Trust Signals/Client Logos/social-media-today-logo.png (30, artifact_candidate) | Ref Docs/Work/Public Speaking/Images/Event Banners/Growth Secrets - Social media amplificaiton.jfif (30, artifact_candidate) | Ref Docs/Work/Public Speaking/Images/Event Banners/Growth Secrets - Social Media.jfif (30, artifact_candidate) | Ref Docs/Work/Writing/Archived_PDFs/AI in Social Media - Taylor [PDF].pdf (30, artifact_candidate)",""
"rpm-0223","Social / Some Work","Sales funnel","Landscape","google-drive","not_public_auth_required","auth_required","200","re-share from an accessible account, replace, or hide","preserve manifest row; decide hide vs recreate","missing_artifact","Ref Docs/Trust Signals/Client Logos/social-media-today-logo.png","artifact_candidate","30",".png","30454","4223eedc500197b9095eff3391621f09cb231e266a4b0c7feaedd777eeff4962","","","assets/js/some_work_data.js","8095","text-url","https://drive.google.com/drive/u/1/folders/1rRxOnGwN0PmWmMrFsZpSD1kcoENVUP3U","https://accounts.google.com/v3/signin/identifier?continue=https://drive.google.com/drive/folders/1rRxOnGwN0PmWmMrFsZpSD1kcoENVUP3U&followup=https://drive.google.com/drive/folders/1rRxOnGwN0PmWmMrFsZpSD1kcoENVUP3U&osid=1&passive=1209600&service=wise&flowName=WebLiteSignIn&flowEntry=ServiceLogin&dsh=S1914323719:1783943922243736","","No likely offline artifact found; keep the manifest record and decide whether to hide the public link or rebuild the resource.","Ref Docs/Trust Signals/Client Logos/social-media-today-logo.png (30, artifact_candidate) | Ref Docs/Work/Public Speaking/Images/Event Banners/Growth Secrets - Social media amplificaiton.jfif (30, artifact_candidate) | Ref Docs/Work/Public Speaking/Images/Event Banners/Growth Secrets - Social Media.jfif (30, artifact_candidate)",""
"rpm-0224","Social / Some Work","35 Examples of a Rebranding Fail And What We Can Learn | The Key Elements of Sustainable Marketing","Landscape","google-drive","not_public_auth_required","auth_required","200","re-share from an accessible account, replace, or hide","preserve manifest row; decide hide vs recreate","missing_artifact","Ref Docs/Trust Signals/Client Logos/social-media-today-logo.png","artifact_candidate","29",".png","30454","4223eedc500197b9095eff3391621f09cb231e266a4b0c7feaedd777eeff4962","","","assets/js/some_work_data.js","116","text-url","https://drive.google.com/file/d/1__hc3JG-I9_M6a_ZMLxllpwyS8EOCVJx/view?usp=sharing","https://accounts.google.com/v3/signin/identifier?continue=https%3A%2F%2Fdrive.usercontent.google.com%2Fdownload%3Fid%3D1__hc3JG-I9_M6a_ZMLxllpwyS8EOCVJx%26export%3Ddownload&dsh=S1258602089%3A1783943907446211&followup=https%3A%2F%2Fdrive.usercontent.google.com%2Fdownload%3Fid%3D1__hc3JG-I9_M6a_ZMLxllpwyS8EOCVJx%26export%3Ddownload&passive=1209600&service=wise&flowName=WebLiteSignIn&flowEntry=ServiceLogin&ifkv=Ac50bxtOVM2cVLm-rmoIfHV2jiaG_kqJoukPSxzuYH5yaM2NYBS9hSyAN-1cQInz48oJdhL-pbgiqQ","1__hc3JG-I9_M6a_ZMLxllpwyS8EOCVJx","No likely offline artifact found; keep the manifest record and decide whether to hide the public link or rebuild the resource.","Ref Docs/Trust Signals/Client Logos/social-media-today-logo.png (29, artifact_candidate) | Ref Docs/Work/Public Speaking/Images/Event Banners/Growth Secrets - Social media amplificaiton.jfif (29, artifact_candidate) | Ref Docs/Work/Public Speaking/Images/Event Banners/Growth Secrets - Social Media.jfif (29, artifact_candidate)",""
"rpm-0225","Social / Some Work","Top performance marketing agencies recognition | Top 75 digital marketing agencies Denmark","Vertical","google-drive","not_public_auth_required","auth_required","200","re-share from an accessible account, replace, or hide","preserve manifest row; decide hide vs recreate","missing_artifact","Ref Docs/Trust Signals/Client Logos/social-media-today-logo.png","artifact_candidate","30",".png","30454","4223eedc500197b9095eff3391621f09cb231e266a4b0c7feaedd777eeff4962","","","assets/js/some_work_data.js","7528","text-url","https://drive.google.com/file/d/1_da68-ocDhXfUrkMsXWlyVfoJtv3zdlP/view?usp=sharing","https://accounts.google.com/v3/signin/identifier?continue=https://drive.usercontent.google.com/download?id%3D1_da68-ocDhXfUrkMsXWlyVfoJtv3zdlP%26export%3Ddownload&followup=https://drive.usercontent.google.com/download?id%3D1_da68-ocDhXfUrkMsXWlyVfoJtv3zdlP%26export%3Ddownload&passive=1209600&service=wise&flowName=WebLiteSignIn&flowEntry=ServiceLogin&dsh=S1258602089:1783943921512234","1_da68-ocDhXfUrkMsXWlyVfoJtv3zdlP","No likely offline artifact found; keep the manifest record and decide whether to hide the public link or rebuild the resource.","Ref Docs/Trust Signals/Client Logos/social-media-today-logo.png (30, artifact_candidate) | Ref Docs/Work/Public Speaking/Images/Event Banners/Growth Secrets - Social media amplificaiton.jfif (30, artifact_candidate) | Ref Docs/Work/Public Speaking/Images/Event Banners/Growth Secrets - Social Media.jfif (30, artifact_candidate)",""
"rpm-0226","Social / Some Work","BotXO: -40% CPC Optimization","Square | Vertical","google-drive","not_public_auth_required","auth_required","200","re-share from an accessible account, replace, or hide","preserve manifest row; decide hide vs recreate","missing_artifact","Ref Docs/Trust Signals/Client Logos/social-media-today-logo.png","artifact_candidate","29",".png","30454","4223eedc500197b9095eff3391621f09cb231e266a4b0c7feaedd777eeff4962","","","assets/js/some_work_data.js","4273","text-url","https://drive.google.com/file/d/1-j6SzpwgAn8rATseId5GNlBI-AQHX-T9/view?usp=sharing","https://accounts.google.com/v3/signin/identifier?continue=https%3A%2F%2Fdrive.usercontent.google.com%2Fdownload%3Fid%3D1-j6SzpwgAn8rATseId5GNlBI-AQHX-T9%26export%3Ddownload&dsh=S-1962494319%3A1783943916255848&followup=https%3A%2F%2Fdrive.usercontent.google.com%2Fdownload%3Fid%3D1-j6SzpwgAn8rATseId5GNlBI-AQHX-T9%26export%3Ddownload&passive=1209600&service=wise&flowName=WebLiteSignIn&flowEntry=ServiceLogin&ifkv=Ac50bxsOHLamVEuJ7TNPYXfdH0Im5APVFGG1LwaX8G_ghBF1Pj-nF6Wv6snTWnqdG2CF84jOGeygtA","1-j6SzpwgAn8rATseId5GNlBI-AQHX-T9","No likely offline artifact found; keep the manifest record and decide whether to hide the public link or rebuild the resource.","Ref Docs/Trust Signals/Client Logos/social-media-today-logo.png (29, artifact_candidate) | Ref Docs/Work/Public Speaking/Images/Event Banners/Growth Secrets - Social media amplificaiton.jfif (29, artifact_candidate) | Ref Docs/Work/Public Speaking/Images/Event Banners/Growth Secrets - Social Media.jfif (29, artifact_candidate)",""
"rpm-0227","Social / Some Work","Micro Conversions: The Untold Truth About Conversion Rate Optimization | 28 Social media trends [2021 update]","Landscape","google-drive","not_public_auth_required","auth_required","200","re-share from an accessible account, replace, or hide","preserve manifest row; decide hide vs recreate","missing_artifact","Ref Docs/Trust Signals/Client Logos/social-media-today-logo.png","artifact_candidate","29",".png","30454","4223eedc500197b9095eff3391621f09cb231e266a4b0c7feaedd777eeff4962","","","assets/js/some_work_data.js","280","text-url","https://drive.google.com/file/d/1-Q-rNJsediRUgbT-inVG1bunoLltX9_6/view?usp=sharing","https://accounts.google.com/v3/signin/identifier?continue=https%3A%2F%2Fdrive.usercontent.google.com%2Fdownload%3Fid%3D1-Q-rNJsediRUgbT-inVG1bunoLltX9_6%26export%3Ddownload&dsh=S-217459539%3A1783943907529996&followup=https%3A%2F%2Fdrive.usercontent.google.com%2Fdownload%3Fid%3D1-Q-rNJsediRUgbT-inVG1bunoLltX9_6%26export%3Ddownload&passive=1209600&service=wise&flowName=WebLiteSignIn&flowEntry=ServiceLogin&ifkv=Ac50bxvl7KYlVo-l4e1hD71MMYmuhNc4vJH5spFDUlVgupdGaJgUwXTBAzZrwrA8-lXPk-d6bg4W3g","1-Q-rNJsediRUgbT-inVG1bunoLltX9_6","No likely offline artifact found; keep the manifest record and decide whether to hide the public link or rebuild the resource.","Ref Docs/Trust Signals/Client Logos/social-media-today-logo.png (29, artifact_candidate) | Ref Docs/Work/Public Speaking/Images/Event Banners/Growth Secrets - Social media amplificaiton.jfif (29, artifact_candidate) | Ref Docs/Work/Public Speaking/Images/Event Banners/Growth Secrets - Social Media.jfif (29, artifact_candidate)",""
"rpm-0228","Social / Some Work","Meet Simone, Web Design Intern","Square | Landscape","google-drive","not_public_auth_required","auth_required","200","re-share from an accessible account, replace, or hide","preserve manifest row; decide hide vs recreate","missing_artifact","Ref Docs/Trust Signals/Client Logos/social-media-today-logo.png","artifact_candidate","30",".png","30454","4223eedc500197b9095eff3391621f09cb231e266a4b0c7feaedd777eeff4962","","","assets/js/some_work_data.js","2258","text-url","https://drive.google.com/file/d/1-RvREPCLjTB7pE4RTde54EQxU-5JDACK/view?usp=sharing","https://accounts.google.com/v3/signin/identifier?continue=https%3A%2F%2Fdrive.usercontent.google.com%2Fdownload%3Fid%3D1-RvREPCLjTB7pE4RTde54EQxU-5JDACK%26export%3Ddownload&dsh=S1914323719%3A1783943911734094&followup=https%3A%2F%2Fdrive.usercontent.google.com%2Fdownload%3Fid%3D1-RvREPCLjTB7pE4RTde54EQxU-5JDACK%26export%3Ddownload&passive=1209600&service=wise&flowName=WebLiteSignIn&flowEntry=ServiceLogin&ifkv=Ac50bxs8tsGsJ9PRtSUuEq6vRVJJKMpEUW-gFW6zFNxesDal93JiciZ2Ck6SmKQ20ibxdDSJUkDRbg","1-RvREPCLjTB7pE4RTde54EQxU-5JDACK","No likely offline artifact found; keep the manifest record and decide whether to hide the public link or rebuild the resource.","Ref Docs/Trust Signals/Client Logos/social-media-today-logo.png (30, artifact_candidate) | Ref Docs/Work/Public Speaking/Images/Event Banners/Growth Secrets - Social media amplificaiton.jfif (30, artifact_candidate) | Ref Docs/Work/Public Speaking/Images/Event Banners/Growth Secrets - Social Media.jfif (30, artifact_candidate)",""
"rpm-0229","Social / Some Work","Email Spoofing 101: What Is It, and How to Stop It?","Square","google-drive","not_public_auth_required","auth_required","200","re-share from an accessible account, replace, or hide","preserve manifest row; decide hide vs recreate","missing_artifact","Ref Docs/Work/Public Speaking/Images/Staff/square-collage.jpg","artifact_candidate","32",".jpg","255253","27ed996fdda1b2c944ba749e93852e39d03325feb1fac478e5bc55bdcb9210df","","","assets/js/some_work_data.js","660","text-url","https://drive.google.com/file/d/1-SV8tnpwogSimCLwSQRx2h6cz1ks6bk0/view?usp=sharing","https://accounts.google.com/v3/signin/identifier?continue=https%3A%2F%2Fdrive.usercontent.google.com%2Fdownload%3Fid%3D1-SV8tnpwogSimCLwSQRx2h6cz1ks6bk0%26export%3Ddownload&dsh=S-2061722868%3A1783943908526659&followup=https%3A%2F%2Fdrive.usercontent.google.com%2Fdownload%3Fid%3D1-SV8tnpwogSimCLwSQRx2h6cz1ks6bk0%26export%3Ddownload&passive=1209600&service=wise&flowName=WebLiteSignIn&flowEntry=ServiceLogin&ifkv=Ac50bxuypROfB7PGA7rkUrHZP6h2QI7jnL0oqXP4M8E3wNMGEc4Jk4sG4ZS1oM020-xIL-Hqn5kg7Q","1-SV8tnpwogSimCLwSQRx2h6cz1ks6bk0","No likely offline artifact found; keep the manifest record and decide whether to hide the public link or rebuild the resource.","Ref Docs/Work/Public Speaking/Images/Staff/square-collage.jpg (32, artifact_candidate) | Ref Docs/Trust Signals/Client Logos/social-media-today-logo.png (29, artifact_candidate) | Ref Docs/Work/Public Speaking/Images/Event Banners/Growth Secrets - Social media amplificaiton.jfif (29, artifact_candidate) | Ref Docs/Work/Public Speaking/Images/Event Banners/Growth Secrets - Social Media.jfif (29, artifact_candidate) | Ref Docs/Trust Signals/Client Logos/InEvent-squarelogo.png (26, artifact_candidate)",""
"rpm-0230","Social / Some Work","Values matter more than brands admit","Square","google-drive","not_public_auth_required","auth_required","200","re-share from an accessible account, replace, or hide","preserve manifest row; decide hide vs recreate","missing_artifact","Ref Docs/Work/Public Speaking/Images/Staff/square-collage.jpg","artifact_candidate","32",".jpg","255253","27ed996fdda1b2c944ba749e93852e39d03325feb1fac478e5bc55bdcb9210df","","","assets/js/some_work_data.js","9011","text-url","https://drive.google.com/file/d/1-tBkoL4ZY1K9KCJzsWlMT7k_a8Am9P-f/view?usp=sharing","https://accounts.google.com/v3/signin/identifier?continue=https://drive.usercontent.google.com/download?id%3D1-tBkoL4ZY1K9KCJzsWlMT7k_a8Am9P-f%26export%3Ddownload&followup=https://drive.usercontent.google.com/download?id%3D1-tBkoL4ZY1K9KCJzsWlMT7k_a8Am9P-f%26export%3Ddownload&passive=1209600&service=wise&flowName=WebLiteSignIn&flowEntry=ServiceLogin&dsh=S-217459539:1783943924478786","1-tBkoL4ZY1K9KCJzsWlMT7k_a8Am9P-f","No likely offline artifact found; keep the manifest record and decide whether to hide the public link or rebuild the resource.","Ref Docs/Work/Public Speaking/Images/Staff/square-collage.jpg (32, artifact_candidate) | Ref Docs/Trust Signals/Client Logos/social-media-today-logo.png (29, artifact_candidate) | Ref Docs/Work/Public Speaking/Images/Event Banners/Growth Secrets - Social media amplificaiton.jfif (29, artifact_candidate) | Ref Docs/Work/Public Speaking/Images/Event Banners/Growth Secrets - Social Media.jfif (29, artifact_candidate) | Ref Docs/Trust Signals/Client Logos/InEvent-squarelogo.png (26, artifact_candidate)",""
"rpm-0231","Social / Some Work","Twitter has daily attention | Repetition builds recall","Landscape","google-drive","not_public_auth_required","auth_required","200","re-share from an accessible account, replace, or hide","preserve manifest row; decide hide vs recreate","missing_artifact","Ref Docs/Trust Signals/Client Logos/social-media-today-logo.png","artifact_candidate","29",".png","30454","4223eedc500197b9095eff3391621f09cb231e266a4b0c7feaedd777eeff4962","","","assets/js/some_work_data.js","8875","text-url","https://drive.google.com/file/d/109O4bvYEXCEFopYq7Ixq4KUMJaugitms/view?usp=sharing","https://accounts.google.com/v3/signin/identifier?continue=https%3A%2F%2Fdrive.usercontent.google.com%2Fdownload%3Fid%3D109O4bvYEXCEFopYq7Ixq4KUMJaugitms%26export%3Ddownload&dsh=S-667281586%3A1783943924064488&followup=https%3A%2F%2Fdrive.usercontent.google.com%2Fdownload%3Fid%3D109O4bvYEXCEFopYq7Ixq4KUMJaugitms%26export%3Ddownload&passive=1209600&service=wise&flowName=WebLiteSignIn&flowEntry=ServiceLogin&ifkv=Ac50bxtGJHiQK77GCmd5Un3FKw5oHRgbLa8PEVoOiAL67HXz0_T-UwbD0C6gF9jEyoOxOrZAc68O","109O4bvYEXCEFopYq7Ixq4KUMJaugitms","No likely offline artifact found; keep the manifest record and decide whether to hide the public link or rebuild the resource.","Ref Docs/Trust Signals/Client Logos/social-media-today-logo.png (29, artifact_candidate) | Ref Docs/Work/Public Speaking/Images/Event Banners/Growth Secrets - Social media amplificaiton.jfif (29, artifact_candidate) | Ref Docs/Work/Public Speaking/Images/Event Banners/Growth Secrets - Social Media.jfif (29, artifact_candidate)",""
"rpm-0232","Social / Some Work","TikTok growth is massive","Square","google-drive","not_public_auth_required","auth_required","200","re-share from an accessible account, replace, or hide","preserve manifest row; decide hide vs recreate","missing_artifact","Ref Docs/Trust Signals/Client Logos/social-media-today-logo.png","artifact_candidate","35",".png","30454","4223eedc500197b9095eff3391621f09cb231e266a4b0c7feaedd777eeff4962","","","assets/js/some_work_data.js","9106","text-url","https://drive.google.com/file/d/10DcxW148K_dE_WGXgi56T1as83BJoCTd/view?usp=sharing","https://accounts.google.com/v3/signin/identifier?continue=https%3A%2F%2Fdrive.usercontent.google.com%2Fdownload%3Fid%3D10DcxW148K_dE_WGXgi56T1as83BJoCTd%26export%3Ddownload&dsh=S-704453778%3A1783943924966860&followup=https%3A%2F%2Fdrive.usercontent.google.com%2Fdownload%3Fid%3D10DcxW148K_dE_WGXgi56T1as83BJoCTd%26export%3Ddownload&passive=1209600&service=wise&flowName=WebLiteSignIn&flowEntry=ServiceLogin&ifkv=Ac50bxsovwJf63c4HVLwYvr-ZlAA_OPyYtD_kt1ytyJ2qNkH_WhcRv0Y-y9pwidl6xvCif7FdZyW","10DcxW148K_dE_WGXgi56T1as83BJoCTd","No likely offline artifact found; keep the manifest record and decide whether to hide the public link or rebuild the resource.","Ref Docs/Trust Signals/Client Logos/social-media-today-logo.png (35, artifact_candidate) | Ref Docs/Work/Public Speaking/Images/Event Banners/Growth Secrets - Social media amplificaiton.jfif (35, artifact_candidate) | Ref Docs/Work/Public Speaking/Images/Event Banners/Growth Secrets - Social Media.jfif (35, artifact_candidate) | Ref Docs/Trust Signals/Client Logos/InEvent-squarelogo.png (32, artifact_candidate) | Ref Docs/Trust Signals/Client Logos/pinksquare.png (32, artifact_candidate)",""
"rpm-0233","Social / Some Work","11 Content Writing Tips That Work for Every Eventuality","Square | Landscape","google-drive","not_public_auth_required","auth_required","200","re-share from an accessible account, replace, or hide","preserve manifest row; decide hide vs recreate","missing_artifact","Ref Docs/Trust Signals/Client Logos/social-media-today-logo.png","artifact_candidate","30",".png","30454","4223eedc500197b9095eff3391621f09cb231e266a4b0c7feaedd777eeff4962","","","assets/js/some_work_data.js","595","text-url","https://drive.google.com/file/d/10maaMhOrxeyULygqnXFRX6AgYclaZj0d/view?usp=sharing","https://accounts.google.com/v3/signin/identifier?continue=https://drive.usercontent.google.com/download?id%3D10maaMhOrxeyULygqnXFRX6AgYclaZj0d%26export%3Ddownload&followup=https://drive.usercontent.google.com/download?id%3D10maaMhOrxeyULygqnXFRX6AgYclaZj0d%26export%3Ddownload&passive=1209600&service=wise&flowName=WebLiteSignIn&flowEntry=ServiceLogin&dsh=S1914323719:1783943908391132","10maaMhOrxeyULygqnXFRX6AgYclaZj0d","No likely offline artifact found; keep the manifest record and decide whether to hide the public link or rebuild the resource.","Ref Docs/Trust Signals/Client Logos/social-media-today-logo.png (30, artifact_candidate) | Ref Docs/Work/Public Speaking/Images/Event Banners/Growth Secrets - Social media amplificaiton.jfif (30, artifact_candidate) | Ref Docs/Work/Public Speaking/Images/Event Banners/Growth Secrets - Social Media.jfif (30, artifact_candidate)",""
"rpm-0234","Social / Some Work","Certainly: Fast Website Transition","Square | Vertical","google-drive","not_public_auth_required","auth_required","200","re-share from an accessible account, replace, or hide","preserve manifest row; decide hide vs recreate","missing_artifact","Ref Docs/Trust Signals/Client Logos/social-media-today-logo.png","artifact_candidate","30",".png","30454","4223eedc500197b9095eff3391621f09cb231e266a4b0c7feaedd777eeff4962","","","assets/js/some_work_data.js","4495","text-url","https://drive.google.com/file/d/10Pfyuq-GIC1dWueE-dlt9L0qjb40waiX/view?usp=sharing","https://accounts.google.com/v3/signin/identifier?continue=https%3A%2F%2Fdrive.usercontent.google.com%2Fdownload%3Fid%3D10Pfyuq-GIC1dWueE-dlt9L0qjb40waiX%26export%3Ddownload&dsh=S-704453778%3A1783943916739099&followup=https%3A%2F%2Fdrive.usercontent.google.com%2Fdownload%3Fid%3D10Pfyuq-GIC1dWueE-dlt9L0qjb40waiX%26export%3Ddownload&passive=1209600&service=wise&flowName=WebLiteSignIn&flowEntry=ServiceLogin&ifkv=Ac50bxvKNXmqA0qvBzk7D_ceGDdNYowX6fByJuJpVlD8QmQ00ELXwF2mpjhVtcb2aaGacI1IwdqR6Q","10Pfyuq-GIC1dWueE-dlt9L0qjb40waiX","No likely offline artifact found; keep the manifest record and decide whether to hide the public link or rebuild the resource.","Ref Docs/Trust Signals/Client Logos/social-media-today-logo.png (30, artifact_candidate) | Ref Docs/Work/Public Speaking/Images/Event Banners/Growth Secrets - Social media amplificaiton.jfif (30, artifact_candidate) | Ref Docs/Work/Public Speaking/Images/Event Banners/Growth Secrets - Social Media.jfif (30, artifact_candidate)",""
"rpm-0235","Social / Some Work","AI in Social Media | LinkedIn Shadow Ban","Landscape","google-drive","not_public_auth_required","auth_required","200","re-share from an accessible account, replace, or hide","preserve manifest row; decide hide vs recreate","missing_artifact","Ref Docs/Trust Signals/Client Logos/social-media-today-logo.png","artifact_candidate","29",".png","30454","4223eedc500197b9095eff3391621f09cb231e266a4b0c7feaedd777eeff4962","","","assets/js/some_work_data.js","60","text-url","https://drive.google.com/file/d/10xVsj136fWGKXZ0jhAh0eOtKOvtQKS4M/view?usp=sharing","https://accounts.google.com/v3/signin/identifier?continue=https%3A%2F%2Fdrive.usercontent.google.com%2Fdownload%3Fid%3D10xVsj136fWGKXZ0jhAh0eOtKOvtQKS4M%26export%3Ddownload&dsh=S-704453778%3A1783943907365885&followup=https%3A%2F%2Fdrive.usercontent.google.com%2Fdownload%3Fid%3D10xVsj136fWGKXZ0jhAh0eOtKOvtQKS4M%26export%3Ddownload&passive=1209600&service=wise&flowName=WebLiteSignIn&flowEntry=ServiceLogin&ifkv=Ac50bxuvoRDW_g_VOxpmJTEdc-5W77SLby54RbvDLOtnGJqJl-6H0VezDWUf9TpPzjs4VvErtM7kUQ","10xVsj136fWGKXZ0jhAh0eOtKOvtQKS4M","No likely offline artifact found; keep the manifest record and decide whether to hide the public link or rebuild the resource.","Ref Docs/Trust Signals/Client Logos/social-media-today-logo.png (29, artifact_candidate) | Ref Docs/Work/Public Speaking/Images/Event Banners/Growth Secrets - Social media amplificaiton.jfif (29, artifact_candidate) | Ref Docs/Work/Public Speaking/Images/Event Banners/Growth Secrets - Social Media.jfif (29, artifact_candidate)",""
"rpm-0236","Social / Some Work","Content optimization teaser (Datto event) | Growth marketing advice (CSE)","Landscape","google-drive","not_public_auth_required","auth_required","200","re-share from an accessible account, replace, or hide","review candidate offline file before changing link","possible_artifact","Ref Docs/Work/Public Speaking/Images/Event Banners/Growth Secrets - Social media amplificaiton.jfif","artifact_candidate","40",".jfif","36003","7e12e68e3b070870ba4d9300f2bd5220b909eacf9131237c3f41ffc00c9fbd46","","","assets/js/some_work_data.js","4752","text-url","https://drive.google.com/file/d/11iXvFF23azk0LC9rbGAWGXGeFUwswHQf/view?usp=sharing","https://accounts.google.com/v3/signin/identifier?continue=https%3A%2F%2Fdrive.usercontent.google.com%2Fdownload%3Fid%3D11iXvFF23azk0LC9rbGAWGXGeFUwswHQf%26export%3Ddownload&dsh=S-2061722868%3A1783943917244205&followup=https%3A%2F%2Fdrive.usercontent.google.com%2Fdownload%3Fid%3D11iXvFF23azk0LC9rbGAWGXGeFUwswHQf%26export%3Ddownload&passive=1209600&service=wise&flowName=WebLiteSignIn&flowEntry=ServiceLogin&ifkv=Ac50bxugZlobzMK-INTgcAEulQBkXtczAaufQHNEEwkespXXKYiFqrlBE5s5K-thpmJSUekiwX1g5g","11iXvFF23azk0LC9rbGAWGXGeFUwswHQf","Open the candidate file and confirm it is the same artifact before replacing the URL.","Ref Docs/Work/Public Speaking/Images/Event Banners/Growth Secrets - Social media amplificaiton.jfif (40, artifact_candidate) | Ref Docs/Work/Public Speaking/Images/Event Banners/Growth Secrets - Social Media.jfif (40, artifact_candidate) | Ref Docs/Trust Signals/Client Logos/social-media-today-logo.png (29, artifact_candidate) | Ref Docs/Work/Public Speaking/Images/Event Banners/SocialMediaManageren19.png (24, artifact_candidate)",""
"rpm-0237","Social / Some Work","Growth Marketing Toolbox | Launch Street - Episode Highlight 2","Square","google-drive","not_public_auth_required","auth_required","200","re-share from an accessible account, replace, or hide","preserve manifest row; decide hide vs recreate","missing_artifact","Ref Docs/Work/Public Speaking/Images/Event Banners/Growth Secrets - Social media amplificaiton.jfif","artifact_candidate","35",".jfif","36003","7e12e68e3b070870ba4d9300f2bd5220b909eacf9131237c3f41ffc00c9fbd46","","","assets/js/some_work_data.js","5584","text-url","https://drive.google.com/file/d/11lu5qjiyfZ8P5VUSmkIjstw8OG-DrP3g/view?usp=sharing","https://accounts.google.com/v3/signin/identifier?continue=https%3A%2F%2Fdrive.usercontent.google.com%2Fdownload%3Fid%3D11lu5qjiyfZ8P5VUSmkIjstw8OG-DrP3g%26export%3Ddownload&dsh=S721579007%3A1783943918599497&followup=https%3A%2F%2Fdrive.usercontent.google.com%2Fdownload%3Fid%3D11lu5qjiyfZ8P5VUSmkIjstw8OG-DrP3g%26export%3Ddownload&passive=1209600&service=wise&flowName=WebLiteSignIn&flowEntry=ServiceLogin&ifkv=Ac50bxvIW69kB2nHa-_0zxuConw3xdg03ssdBFHnp1HUatMFGHKt5vZ3_XqXHvwEMTJOIyxRcYG2kg","11lu5qjiyfZ8P5VUSmkIjstw8OG-DrP3g","No likely offline artifact found; keep the manifest record and decide whether to hide the public link or rebuild the resource.","Ref Docs/Work/Public Speaking/Images/Event Banners/Growth Secrets - Social media amplificaiton.jfif (35, artifact_candidate) | Ref Docs/Work/Public Speaking/Images/Event Banners/Growth Secrets - Social Media.jfif (35, artifact_candidate) | Ref Docs/Work/Public Speaking/Images/Staff/square-collage.jpg (32, artifact_candidate) | Ref Docs/Trust Signals/Client Logos/social-media-today-logo.png (29, artifact_candidate) | Ref Docs/Trust Signals/Client Logos/InEvent-squarelogo.png (26, artifact_candidate)",""
"rpm-0238","Social / Some Work","Bad ideas are part of creativity | Storytelling puts ideas into the world","Landscape","google-drive","not_public_auth_required","auth_required","200","re-share from an accessible account, replace, or hide","preserve manifest row; decide hide vs recreate","missing_artifact","Ref Docs/Trust Signals/Client Logos/social-media-today-logo.png","artifact_candidate","30",".png","30454","4223eedc500197b9095eff3391621f09cb231e266a4b0c7feaedd777eeff4962","","","assets/js/some_work_data.js","3936","text-url","https://drive.google.com/file/d/11NjaE0r1T3tym2EWUwroawVk0jE_tFjZ/view?usp=sharing","https://accounts.google.com/v3/signin/identifier?continue=https%3A%2F%2Fdrive.usercontent.google.com%2Fdownload%3Fid%3D11NjaE0r1T3tym2EWUwroawVk0jE_tFjZ%26export%3Ddownload&dsh=S-667281586%3A1783943915840731&followup=https%3A%2F%2Fdrive.usercontent.google.com%2Fdownload%3Fid%3D11NjaE0r1T3tym2EWUwroawVk0jE_tFjZ%26export%3Ddownload&passive=1209600&service=wise&flowName=WebLiteSignIn&flowEntry=ServiceLogin&ifkv=Ac50bxvYZ_M6HpQRCE5jDmVVrJNcLWoJzSfITbmoa2-t3mswPsg522dHpIxjOvvKvcsBR2sq_s1ajA","11NjaE0r1T3tym2EWUwroawVk0jE_tFjZ","No likely offline artifact found; keep the manifest record and decide whether to hide the public link or rebuild the resource.","Ref Docs/Trust Signals/Client Logos/social-media-today-logo.png (30, artifact_candidate) | Ref Docs/Work/Public Speaking/Images/Event Banners/Growth Secrets - Social media amplificaiton.jfif (30, artifact_candidate) | Ref Docs/Work/Public Speaking/Images/Event Banners/Growth Secrets - Social Media.jfif (30, artifact_candidate)",""
"rpm-0239","Social / Some Work","It is not all about you","Landscape","google-drive","not_public_auth_required","auth_required","200","re-share from an accessible account, replace, or hide","preserve manifest row; decide hide vs recreate","missing_artifact","Ref Docs/Trust Signals/Client Logos/social-media-today-logo.png","artifact_candidate","30",".png","30454","4223eedc500197b9095eff3391621f09cb231e266a4b0c7feaedd777eeff4962","","","assets/js/some_work_data.js","3685","text-url","https://drive.google.com/file/d/11QWBUXtC3r0v3IjhOh9FS3Nnl5GvYZ9D/view?usp=sharing","https://accounts.google.com/v3/signin/identifier?continue=https%3A%2F%2Fdrive.usercontent.google.com%2Fdownload%3Fid%3D11QWBUXtC3r0v3IjhOh9FS3Nnl5GvYZ9D%26export%3Ddownload&dsh=S-2061722868%3A1783943915082113&followup=https%3A%2F%2Fdrive.usercontent.google.com%2Fdownload%3Fid%3D11QWBUXtC3r0v3IjhOh9FS3Nnl5GvYZ9D%26export%3Ddownload&passive=1209600&service=wise&flowName=WebLiteSignIn&flowEntry=ServiceLogin&ifkv=Ac50bxv-O7jiCX2WWGMk_OvesJ6uJHI-oa3yBOaJ399oqEhunxBB2epcxKfgtvKvAhoqjIv8rp8z","11QWBUXtC3r0v3IjhOh9FS3Nnl5GvYZ9D","No likely offline artifact found; keep the manifest record and decide whether to hide the public link or rebuild the resource.","Ref Docs/Trust Signals/Client Logos/social-media-today-logo.png (30, artifact_candidate) | Ref Docs/Work/Public Speaking/Images/Event Banners/Growth Secrets - Social media amplificaiton.jfif (30, artifact_candidate) | Ref Docs/Work/Public Speaking/Images/Event Banners/Growth Secrets - Social Media.jfif (30, artifact_candidate)",""
"rpm-0240","Social / Some Work","Webinar: Social Media ROI (Falcon Virtual Summit)","Square | Landscape","google-drive","not_public_auth_required","auth_required","200","re-share from an accessible account, replace, or hide","preserve manifest row; decide hide vs recreate","missing_artifact","Ref Docs/Trust Signals/Client Logos/social-media-today-logo.png","artifact_candidate","30",".png","30454","4223eedc500197b9095eff3391621f09cb231e266a4b0c7feaedd777eeff4962","","","assets/js/some_work_data.js","6694","text-url","https://drive.google.com/file/d/11VL0MUENVD_nT_uI9ZOvX9ZexEIrLmcB/view?usp=sharing","https://accounts.google.com/v3/signin/identifier?continue=https%3A%2F%2Fdrive.usercontent.google.com%2Fdownload%3Fid%3D11VL0MUENVD_nT_uI9ZOvX9ZexEIrLmcB%26export%3Ddownload&dsh=S1178242601%3A1783943920436551&followup=https%3A%2F%2Fdrive.usercontent.google.com%2Fdownload%3Fid%3D11VL0MUENVD_nT_uI9ZOvX9ZexEIrLmcB%26export%3Ddownload&passive=1209600&service=wise&flowName=WebLiteSignIn&flowEntry=ServiceLogin&ifkv=Ac50bxu1WcbsWrPL_0bGT8ZfxLR2x7EpF0k96KgefU0fvACk4YhIeRL94DtFiL4qQ705GbHbthpeXw","11VL0MUENVD_nT_uI9ZOvX9ZexEIrLmcB","No likely offline artifact found; keep the manifest record and decide whether to hide the public link or rebuild the resource.","Ref Docs/Trust Signals/Client Logos/social-media-today-logo.png (30, artifact_candidate) | Ref Docs/Work/Public Speaking/Images/Event Banners/Growth Secrets - Social media amplificaiton.jfif (30, artifact_candidate) | Ref Docs/Work/Public Speaking/Images/Event Banners/Growth Secrets - Social Media.jfif (30, artifact_candidate)",""
"rpm-0241","Social / Some Work","Best Data Visualization Tools for your Business | Infographic tools for eye catching visuals","Landscape","google-drive","not_public_auth_required","auth_required","200","re-share from an accessible account, replace, or hide","preserve manifest row; decide hide vs recreate","missing_artifact","Ref Docs/Trust Signals/Client Logos/social-media-today-logo.png","artifact_candidate","29",".png","30454","4223eedc500197b9095eff3391621f09cb231e266a4b0c7feaedd777eeff4962","","","assets/js/some_work_data.js","1507","text-url","https://drive.google.com/file/d/122caDPCy2JGBmSJw84F5Bgr4GZf1INpL/view?usp=sharing","https://accounts.google.com/v3/signin/identifier?continue=https%3A%2F%2Fdrive.usercontent.google.com%2Fdownload%3Fid%3D122caDPCy2JGBmSJw84F5Bgr4GZf1INpL%26export%3Ddownload&dsh=S-667281586%3A1783943910825148&followup=https%3A%2F%2Fdrive.usercontent.google.com%2Fdownload%3Fid%3D122caDPCy2JGBmSJw84F5Bgr4GZf1INpL%26export%3Ddownload&passive=1209600&service=wise&flowName=WebLiteSignIn&flowEntry=ServiceLogin&ifkv=Ac50bxsdGtn3LGkkgkb17ybP5yK_MzNMrbBI7sUjRWGdioKInZvsVGxTyGAO9f2gONGpcpM4pDRGsQ","122caDPCy2JGBmSJw84F5Bgr4GZf1INpL","No likely offline artifact found; keep the manifest record and decide whether to hide the public link or rebuild the resource.","Ref Docs/Trust Signals/Client Logos/social-media-today-logo.png (29, artifact_candidate) | Ref Docs/Work/Public Speaking/Images/Event Banners/Growth Secrets - Social media amplificaiton.jfif (29, artifact_candidate) | Ref Docs/Work/Public Speaking/Images/Event Banners/Growth Secrets - Social Media.jfif (29, artifact_candidate)",""
"rpm-0242","Social / Some Work","TikTok growth is massive | Email is still universal","Landscape","google-drive","not_public_auth_required","auth_required","200","re-share from an accessible account, replace, or hide","preserve manifest row; decide hide vs recreate","missing_artifact","Ref Docs/Trust Signals/Client Logos/social-media-today-logo.png","artifact_candidate","35",".png","30454","4223eedc500197b9095eff3391621f09cb231e266a4b0c7feaedd777eeff4962","","","assets/js/some_work_data.js","9098","text-url","https://drive.google.com/file/d/123N4AFzBT4KMj8T_sClzPPvkTBj6cNs2/view?usp=sharing","https://accounts.google.com/v3/signin/identifier?continue=https%3A%2F%2Fdrive.usercontent.google.com%2Fdownload%3Fid%3D123N4AFzBT4KMj8T_sClzPPvkTBj6cNs2%26export%3Ddownload&dsh=S84258311%3A1783943924889476&followup=https%3A%2F%2Fdrive.usercontent.google.com%2Fdownload%3Fid%3D123N4AFzBT4KMj8T_sClzPPvkTBj6cNs2%26export%3Ddownload&passive=1209600&service=wise&flowName=WebLiteSignIn&flowEntry=ServiceLogin&ifkv=Ac50bxsoOon3T-sYvDYpzmdbeSXZmHmmz3ywO3FkOL19XLZdYNakc-5a08P7PYEccYDFGMCGJECFFw","123N4AFzBT4KMj8T_sClzPPvkTBj6cNs2","No likely offline artifact found; keep the manifest record and decide whether to hide the public link or rebuild the resource.","Ref Docs/Trust Signals/Client Logos/social-media-today-logo.png (35, artifact_candidate) | Ref Docs/Work/Public Speaking/Images/Event Banners/Growth Secrets - Social media amplificaiton.jfif (35, artifact_candidate) | Ref Docs/Work/Public Speaking/Images/Event Banners/Growth Secrets - Social Media.jfif (35, artifact_candidate) | Ref Docs/Trust Signals/Client Logos/SocialMediaManageren.png (24, artifact_candidate)",""
"rpm-0243","Social / Some Work","We’re #5 on theHub | We\u2019re #5 on theHub","Square | Landscape","google-drive","not_public_auth_required","auth_required","200","re-share from an accessible account, replace, or hide","preserve manifest row; decide hide vs recreate","missing_artifact","Ref Docs/Work/Public Speaking/Images/Event Banners/Growth Secrets - Social media amplificaiton.jfif","artifact_candidate","36",".jfif","36003","7e12e68e3b070870ba4d9300f2bd5220b909eacf9131237c3f41ffc00c9fbd46","","","assets/js/some_work_data.js","6404","text-url","https://drive.google.com/file/d/12KDe6KIjokv59xED8tpHzeRXuOd9DqFJ/view?usp=sharing","https://accounts.google.com/v3/signin/identifier?continue=https%3A%2F%2Fdrive.usercontent.google.com%2Fdownload%3Fid%3D12KDe6KIjokv59xED8tpHzeRXuOd9DqFJ%26export%3Ddownload&dsh=S-1693982783%3A1783943919730932&followup=https%3A%2F%2Fdrive.usercontent.google.com%2Fdownload%3Fid%3D12KDe6KIjokv59xED8tpHzeRXuOd9DqFJ%26export%3Ddownload&passive=1209600&service=wise&flowName=WebLiteSignIn&flowEntry=ServiceLogin&ifkv=Ac50bxukO1PjWNhB-Mekk9AsIeuQFSB0h26r6J4VEz18Ap2TSe1W2XuM6S9CgtVLwW-GrUmkpYBtzw","12KDe6KIjokv59xED8tpHzeRXuOd9DqFJ","No likely offline artifact found; keep the manifest record and decide whether to hide the public link or rebuild the resource.","Ref Docs/Work/Public Speaking/Images/Event Banners/Growth Secrets - Social media amplificaiton.jfif (36, artifact_candidate) | Ref Docs/Work/Public Speaking/Images/Event Banners/Growth Secrets - Social Media.jfif (36, artifact_candidate) | Ref Docs/Trust Signals/Client Logos/social-media-today-logo.png (30, artifact_candidate)",""
"rpm-0244","Social / Some Work","What Is Direct Response Copywriting and How Does It Drive Conversions? | Sales Funnel Template: Drive Conversions and Sales [2021]","Landscape","google-drive","not_public_auth_required","auth_required","200","re-share from an accessible account, replace, or hide","preserve manifest row; decide hide vs recreate","missing_artifact","Ref Docs/Trust Signals/Client Logos/social-media-today-logo.png","artifact_candidate","29",".png","30454","4223eedc500197b9095eff3391621f09cb231e266a4b0c7feaedd777eeff4962","","","assets/js/some_work_data.js","531","text-url","https://drive.google.com/file/d/12lncvcyLDJDquHsRFntBO8ssmOqovmQj/view?usp=sharing","https://accounts.google.com/v3/signin/identifier?continue=https%3A%2F%2Fdrive.usercontent.google.com%2Fdownload%3Fid%3D12lncvcyLDJDquHsRFntBO8ssmOqovmQj%26export%3Ddownload&dsh=S570785647%3A1783943908344583&followup=https%3A%2F%2Fdrive.usercontent.google.com%2Fdownload%3Fid%3D12lncvcyLDJDquHsRFntBO8ssmOqovmQj%26export%3Ddownload&passive=1209600&service=wise&flowName=WebLiteSignIn&flowEntry=ServiceLogin&ifkv=Ac50bxsKf358kyxjSHkUzJ3zjWrB8pKgzBpP0jeCQcmX9XEO_e5S-dAcnmfHD3fj60j5FHs5_JnGwA","12lncvcyLDJDquHsRFntBO8ssmOqovmQj","No likely offline artifact found; keep the manifest record and decide whether to hide the public link or rebuild the resource.","Ref Docs/Trust Signals/Client Logos/social-media-today-logo.png (29, artifact_candidate) | Ref Docs/Work/Public Speaking/Images/Event Banners/Growth Secrets - Social media amplificaiton.jfif (29, artifact_candidate) | Ref Docs/Work/Public Speaking/Images/Event Banners/Growth Secrets - Social Media.jfif (29, artifact_candidate)",""
"rpm-0245","Social / Some Work","Marketing Lab - Unlocking Growth Hacking | Would you rather, home or office","Landscape","google-drive","not_public_auth_required","auth_required","200","re-share from an accessible account, replace, or hide","preserve manifest row; decide hide vs recreate","missing_artifact","Ref Docs/Work/Public Speaking/Images/Event Banners/Growth Secrets - Social media amplificaiton.jfif","artifact_candidate","35",".jfif","36003","7e12e68e3b070870ba4d9300f2bd5220b909eacf9131237c3f41ffc00c9fbd46","","","assets/js/some_work_data.js","5052","text-url","https://drive.google.com/file/d/12NqmLTCHEQCSb_59nF-ZmZkYa2wYtlpc/view?usp=sharing","https://accounts.google.com/v3/signin/identifier?continue=https%3A%2F%2Fdrive.usercontent.google.com%2Fdownload%3Fid%3D12NqmLTCHEQCSb_59nF-ZmZkYa2wYtlpc%26export%3Ddownload&dsh=S-2061722868%3A1783943917763649&followup=https%3A%2F%2Fdrive.usercontent.google.com%2Fdownload%3Fid%3D12NqmLTCHEQCSb_59nF-ZmZkYa2wYtlpc%26export%3Ddownload&passive=1209600&service=wise&flowName=WebLiteSignIn&flowEntry=ServiceLogin&ifkv=Ac50bxuaL7wKJEm1jbbV18frT5AQAkXzJBpvohTuTcFhAF7Rcakv37xXgpfjjmupW45LubotZwS8LA","12NqmLTCHEQCSb_59nF-ZmZkYa2wYtlpc","No likely offline artifact found; keep the manifest record and decide whether to hide the public link or rebuild the resource.","Ref Docs/Work/Public Speaking/Images/Event Banners/Growth Secrets - Social media amplificaiton.jfif (35, artifact_candidate) | Ref Docs/Work/Public Speaking/Images/Event Banners/Growth Secrets - Social Media.jfif (35, artifact_candidate) | Ref Docs/Trust Signals/Client Logos/social-media-today-logo.png (29, artifact_candidate)",""
"rpm-0246","Social / Some Work","Make the first one count | Inspiring Quotes Series Templates","Landscape","google-drive","not_public_auth_required","auth_required","200","re-share from an accessible account, replace, or hide","preserve manifest row; decide hide vs recreate","missing_artifact","Ref Docs/Trust Signals/Client Logos/social-media-today-logo.png","artifact_candidate","30",".png","30454","4223eedc500197b9095eff3391621f09cb231e266a4b0c7feaedd777eeff4962","","","assets/js/some_work_data.js","9414","text-url","https://drive.google.com/file/d/12yEWFhXeAMZpujhj1WEU9bO2NtFCt0_c/view?usp=sharing","https://accounts.google.com/v3/signin/identifier?continue=https%3A%2F%2Fdrive.usercontent.google.com%2Fdownload%3Fid%3D12yEWFhXeAMZpujhj1WEU9bO2NtFCt0_c%26export%3Ddownload&dsh=S-2061722868%3A1783943925914431&followup=https%3A%2F%2Fdrive.usercontent.google.com%2Fdownload%3Fid%3D12yEWFhXeAMZpujhj1WEU9bO2NtFCt0_c%26export%3Ddownload&passive=1209600&service=wise&flowName=WebLiteSignIn&flowEntry=ServiceLogin&ifkv=Ac50bxtfVYJFqyKFomrjC0BrNiihswcg7ngF9sWJ-zjNThJTVQ2c0zPrFWvu2WbVk_2COOv8lQuxaw","12yEWFhXeAMZpujhj1WEU9bO2NtFCt0_c","No likely offline artifact found; keep the manifest record and decide whether to hide the public link or rebuild the resource.","Ref Docs/Trust Signals/Client Logos/social-media-today-logo.png (30, artifact_candidate) | Ref Docs/Work/Public Speaking/Images/Event Banners/Growth Secrets - Social media amplificaiton.jfif (30, artifact_candidate) | Ref Docs/Work/Public Speaking/Images/Event Banners/Growth Secrets - Social Media.jfif (30, artifact_candidate)",""
"rpm-0247","Social / Some Work","We’re #5 on theHub | Podcast: Coffee in the Clouds (NYDLA)","Landscape","google-drive","not_public_auth_required","auth_required","200","re-share from an accessible account, replace, or hide","preserve manifest row; decide hide vs recreate","missing_artifact","Ref Docs/Work/Public Speaking/Images/Event Banners/Growth Secrets - Social media amplificaiton.jfif","artifact_candidate","35",".jfif","36003","7e12e68e3b070870ba4d9300f2bd5220b909eacf9131237c3f41ffc00c9fbd46","","","assets/js/some_work_data.js","6396","text-url","https://drive.google.com/file/d/13ETcMXy4QgSUHvJ15ghfbudWTS9zXZgO/view?usp=sharing","https://accounts.google.com/v3/signin/identifier?continue=https%3A%2F%2Fdrive.usercontent.google.com%2Fdownload%3Fid%3D13ETcMXy4QgSUHvJ15ghfbudWTS9zXZgO%26export%3Ddownload&dsh=S1495839738%3A1783943919658439&followup=https%3A%2F%2Fdrive.usercontent.google.com%2Fdownload%3Fid%3D13ETcMXy4QgSUHvJ15ghfbudWTS9zXZgO%26export%3Ddownload&passive=1209600&service=wise&flowName=WebLiteSignIn&flowEntry=ServiceLogin&ifkv=Ac50bxvKkw9EB-kbyeYXMJP849eVqJZ3EvYv3fCFPjmQn3yCa2rcEFzP4MUo0MTUVouOKNaRkod6FQ","13ETcMXy4QgSUHvJ15ghfbudWTS9zXZgO","No likely offline artifact found; keep the manifest record and decide whether to hide the public link or rebuild the resource.","Ref Docs/Work/Public Speaking/Images/Event Banners/Growth Secrets - Social media amplificaiton.jfif (35, artifact_candidate) | Ref Docs/Work/Public Speaking/Images/Event Banners/Growth Secrets - Social Media.jfif (35, artifact_candidate) | Ref Docs/Trust Signals/Client Logos/social-media-today-logo.png (30, artifact_candidate)",""
"rpm-0248","Social / Some Work","39 Best SaaS Business Podcasts | Business infographics boost readership (80% stat)","Landscape","google-drive","not_public_auth_required","auth_required","200","re-share from an accessible account, replace, or hide","preserve manifest row; decide hide vs recreate","missing_artifact","Ref Docs/Work/Public Speaking/Images/Event Banners/Growth Secrets - Social media amplificaiton.jfif","artifact_candidate","34",".jfif","36003","7e12e68e3b070870ba4d9300f2bd5220b909eacf9131237c3f41ffc00c9fbd46","","","assets/js/some_work_data.js","1375","text-url","https://drive.google.com/file/d/13mVabHiI4hbzARoO17bGDK2HmtDyNzAD/view?usp=sharing","https://accounts.google.com/v3/signin/identifier?continue=https%3A%2F%2Fdrive.usercontent.google.com%2Fdownload%3Fid%3D13mVabHiI4hbzARoO17bGDK2HmtDyNzAD%26export%3Ddownload&dsh=S-704453778%3A1783943910063029&followup=https%3A%2F%2Fdrive.usercontent.google.com%2Fdownload%3Fid%3D13mVabHiI4hbzARoO17bGDK2HmtDyNzAD%26export%3Ddownload&passive=1209600&service=wise&flowName=WebLiteSignIn&flowEntry=ServiceLogin&ifkv=Ac50bxtO9FxkHoAJmRL6aSsCUJvi9Di-EMRsYwwns9NypDfIL-jXNUk7mptnX92Poj7secEICFY0","13mVabHiI4hbzARoO17bGDK2HmtDyNzAD","No likely offline artifact found; keep the manifest record and decide whether to hide the public link or rebuild the resource.","Ref Docs/Work/Public Speaking/Images/Event Banners/Growth Secrets - Social media amplificaiton.jfif (34, artifact_candidate) | Ref Docs/Work/Public Speaking/Images/Event Banners/Growth Secrets - Social Media.jfif (34, artifact_candidate) | Ref Docs/Trust Signals/Client Logos/social-media-today-logo.png (29, artifact_candidate)",""
"rpm-0249","Social / Some Work","GoSimplo: Segmented Email Targeting Strategy","Square | Vertical","google-drive","not_public_auth_required","auth_required","200","re-share from an accessible account, replace, or hide","preserve manifest row; decide hide vs recreate","missing_artifact","Ref Docs/Trust Signals/Client Logos/social-media-today-logo.png","artifact_candidate","29",".png","30454","4223eedc500197b9095eff3391621f09cb231e266a4b0c7feaedd777eeff4962","","","assets/js/some_work_data.js","4347","text-url","https://drive.google.com/file/d/13nQfJ5PYAFV0A4s1y9G-jV6IbSnYCqEP/view?usp=sharing","https://accounts.google.com/v3/signin/identifier?continue=https%3A%2F%2Fdrive.usercontent.google.com%2Fdownload%3Fid%3D13nQfJ5PYAFV0A4s1y9G-jV6IbSnYCqEP%26export%3Ddownload&dsh=S-1693982783%3A1783943916372143&followup=https%3A%2F%2Fdrive.usercontent.google.com%2Fdownload%3Fid%3D13nQfJ5PYAFV0A4s1y9G-jV6IbSnYCqEP%26export%3Ddownload&passive=1209600&service=wise&flowName=WebLiteSignIn&flowEntry=ServiceLogin&ifkv=Ac50bxtytckyzGidIpE_noeuWVFt1YAHqbxD9Cg3F1KlCWe3LB9sui-TDp4u7V3h08ieD3pjJdfMhQ","13nQfJ5PYAFV0A4s1y9G-jV6IbSnYCqEP","No likely offline artifact found; keep the manifest record and decide whether to hide the public link or rebuild the resource.","Ref Docs/Trust Signals/Client Logos/social-media-today-logo.png (29, artifact_candidate) | Ref Docs/Work/Public Speaking/Images/Event Banners/Growth Secrets - Social media amplificaiton.jfif (29, artifact_candidate) | Ref Docs/Work/Public Speaking/Images/Event Banners/Growth Secrets - Social Media.jfif (29, artifact_candidate)",""
"rpm-0250","Social / Some Work","Webinar Tools: Features to Improve Webinar Hosting [2021] | What Is Direct Response Copywriting and How Does It Drive Conversions?","Landscape","google-drive","not_public_auth_required","auth_required","200","re-share from an accessible account, replace, or hide","preserve manifest row; decide hide vs recreate","missing_artifact","Ref Docs/Trust Signals/Client Logos/social-media-today-logo.png","artifact_candidate","29",".png","30454","4223eedc500197b9095eff3391621f09cb231e266a4b0c7feaedd777eeff4962","","","assets/js/some_work_data.js","559","text-url","https://drive.google.com/file/d/13sep2saoCMQjqp9ijMqZ44SqHVkgrYDJ/view?usp=sharing","https://accounts.google.com/v3/signin/identifier?continue=https%3A%2F%2Fdrive.usercontent.google.com%2Fdownload%3Fid%3D13sep2saoCMQjqp9ijMqZ44SqHVkgrYDJ%26export%3Ddownload&dsh=S-2061722868%3A1783943908345379&followup=https%3A%2F%2Fdrive.usercontent.google.com%2Fdownload%3Fid%3D13sep2saoCMQjqp9ijMqZ44SqHVkgrYDJ%26export%3Ddownload&passive=1209600&service=wise&flowName=WebLiteSignIn&flowEntry=ServiceLogin&ifkv=Ac50bxu5NIobYTZxATgKqZf_FXF0gPYj1-9uBy-IjVO5rIfuP57JXq6yZg6SzuGe9xX7avK7bJlTsQ","13sep2saoCMQjqp9ijMqZ44SqHVkgrYDJ","No likely offline artifact found; keep the manifest record and decide whether to hide the public link or rebuild the resource.","Ref Docs/Trust Signals/Client Logos/social-media-today-logo.png (29, artifact_candidate) | Ref Docs/Work/Public Speaking/Images/Event Banners/Growth Secrets - Social media amplificaiton.jfif (29, artifact_candidate) | Ref Docs/Work/Public Speaking/Images/Event Banners/Growth Secrets - Social Media.jfif (29, artifact_candidate)",""
"rpm-0251","Social / Some Work","LinkedIn is packed with decision makers","Square","google-drive","not_public_auth_required","auth_required","200","re-share from an accessible account, replace, or hide","preserve manifest row; decide hide vs recreate","missing_artifact","Ref Docs/Work/Public Speaking/Images/Staff/square-collage.jpg","artifact_candidate","32",".jpg","255253","27ed996fdda1b2c944ba749e93852e39d03325feb1fac478e5bc55bdcb9210df","","","assets/js/some_work_data.js","8915","text-url","https://drive.google.com/file/d/13sr6tFgm1Ke2UyLxbvVRtIuPi8ArArOx/view?usp=sharing","https://accounts.google.com/v3/signin/identifier?continue=https%3A%2F%2Fdrive.usercontent.google.com%2Fdownload%3Fid%3D13sr6tFgm1Ke2UyLxbvVRtIuPi8ArArOx%26export%3Ddownload&dsh=S721579007%3A1783943924299568&followup=https%3A%2F%2Fdrive.usercontent.google.com%2Fdownload%3Fid%3D13sr6tFgm1Ke2UyLxbvVRtIuPi8ArArOx%26export%3Ddownload&passive=1209600&service=wise&flowName=WebLiteSignIn&flowEntry=ServiceLogin&ifkv=Ac50bxs5mbkPpA0YJMOREJoACzncXXZHHUGMiMYbYSSQL8heGIaz1PElYQ9PDn-Fy97ze9_pPYfkLg","13sr6tFgm1Ke2UyLxbvVRtIuPi8ArArOx","No likely offline artifact found; keep the manifest record and decide whether to hide the public link or rebuild the resource.","Ref Docs/Work/Public Speaking/Images/Staff/square-collage.jpg (32, artifact_candidate) | Ref Docs/Trust Signals/Client Logos/social-media-today-logo.png (30, artifact_candidate) | Ref Docs/Work/Public Speaking/Images/Event Banners/Growth Secrets - Social media amplificaiton.jfif (30, artifact_candidate) | Ref Docs/Work/Public Speaking/Images/Event Banners/Growth Secrets - Social Media.jfif (30, artifact_candidate) | Ref Docs/Trust Signals/Client Logos/InEvent-squarelogo.png (26, artifact_candidate)",""
"rpm-0252","Social / Some Work","Marketing Secrets Sales Development - Social Channels | Coffee in the Clouds - Episode Highlight 1","Square","google-drive","not_public_auth_required","auth_required","200","re-share from an accessible account, replace, or hide","preserve manifest row; decide hide vs recreate","missing_artifact","Ref Docs/Work/Public Speaking/Images/Event Banners/Growth Secrets - Social media amplificaiton.jfif","artifact_candidate","35",".jfif","36003","7e12e68e3b070870ba4d9300f2bd5220b909eacf9131237c3f41ffc00c9fbd46","","","assets/js/some_work_data.js","5360","text-url","https://drive.google.com/file/d/14JtEF0CodUE1-BXcjp9RWpJYd3KrwbZJ/view?usp=sharing","https://accounts.google.com/v3/signin/identifier?continue=https%3A%2F%2Fdrive.usercontent.google.com%2Fdownload%3Fid%3D14JtEF0CodUE1-BXcjp9RWpJYd3KrwbZJ%26export%3Ddownload&dsh=S-217459539%3A1783943918218631&followup=https%3A%2F%2Fdrive.usercontent.google.com%2Fdownload%3Fid%3D14JtEF0CodUE1-BXcjp9RWpJYd3KrwbZJ%26export%3Ddownload&passive=1209600&service=wise&flowName=WebLiteSignIn&flowEntry=ServiceLogin&ifkv=Ac50bxtLBe9XLaaDxBvCjoLjdii58pwuDkAkZd9SMyT82roUmweLvt_fBX91Ufh6RG_cqJUSSJWJXw","14JtEF0CodUE1-BXcjp9RWpJYd3KrwbZJ","No likely offline artifact found; keep the manifest record and decide whether to hide the public link or rebuild the resource.","Ref Docs/Work/Public Speaking/Images/Event Banners/Growth Secrets - Social media amplificaiton.jfif (35, artifact_candidate) | Ref Docs/Work/Public Speaking/Images/Event Banners/Growth Secrets - Social Media.jfif (35, artifact_candidate) | Ref Docs/Work/Public Speaking/Images/Staff/square-collage.jpg (32, artifact_candidate) | Ref Docs/Trust Signals/Client Logos/social-media-today-logo.png (29, artifact_candidate) | Ref Docs/Trust Signals/Client Logos/InEvent-squarelogo.png (26, artifact_candidate)",""
"rpm-0253","Social / Some Work","What Can You Learn About Marketing From Gen Z | 60 Pros and Cons of Instagram","Article","google-drive","not_public_auth_required","auth_required","200","re-share from an accessible account, replace, or hide","preserve manifest row; decide hide vs recreate","missing_artifact","Ref Docs/Trust Signals/Client Logos/social-media-today-logo.png","artifact_candidate","29",".png","30454","4223eedc500197b9095eff3391621f09cb231e266a4b0c7feaedd777eeff4962","","","assets/js/some_work_data.js","168","text-url","https://drive.google.com/file/d/14vVN2cdqE0UMbjckwWUWheUTLBnO58gI/view?usp=sharing","https://accounts.google.com/v3/signin/identifier?continue=https%3A%2F%2Fdrive.usercontent.google.com%2Fdownload%3Fid%3D14vVN2cdqE0UMbjckwWUWheUTLBnO58gI%26export%3Ddownload&dsh=S-704453778%3A1783943907346988&followup=https%3A%2F%2Fdrive.usercontent.google.com%2Fdownload%3Fid%3D14vVN2cdqE0UMbjckwWUWheUTLBnO58gI%26export%3Ddownload&passive=1209600&service=wise&flowName=WebLiteSignIn&flowEntry=ServiceLogin&ifkv=Ac50bxtKGkLryRCDz9TEwcMne70a0xXk1C2mVU35RRGvgtr9vx5TZFtlSB4luOvt21e1yva4yg9Wvg","14vVN2cdqE0UMbjckwWUWheUTLBnO58gI","No likely offline artifact found; keep the manifest record and decide whether to hide the public link or rebuild the resource.","Ref Docs/Trust Signals/Client Logos/social-media-today-logo.png (29, artifact_candidate) | Ref Docs/Work/Public Speaking/Images/Event Banners/Growth Secrets - Social media amplificaiton.jfif (29, artifact_candidate) | Ref Docs/Work/Public Speaking/Images/Event Banners/Growth Secrets - Social Media.jfif (29, artifact_candidate) | Ref Docs/Work/Writing/Archived_PDFs/AI in Social Media - Taylor [PDF].pdf (29, artifact_candidate) | Ref Docs/Work/Writing/Archived_PDFs/Social Media Trends for 2020 (Marketing Edition) - Taylor [PDF].pdf (29, artifact_candidate)",""
"rpm-0254","Social / Some Work","Certainly: LinkedIn Ads Testimonial","Square | Vertical","google-drive","not_public_auth_required","auth_required","200","re-share from an accessible account, replace, or hide","preserve manifest row; decide hide vs recreate","missing_artifact","Ref Docs/Trust Signals/Client Logos/social-media-today-logo.png","artifact_candidate","35",".png","30454","4223eedc500197b9095eff3391621f09cb231e266a4b0c7feaedd777eeff4962","","","assets/js/some_work_data.js","4569","text-url","https://drive.google.com/file/d/15GwFUID4XiQhkScwbh0VqJq-HyHjheRf/view?usp=sharing","https://accounts.google.com/v3/signin/identifier?continue=https%3A%2F%2Fdrive.usercontent.google.com%2Fdownload%3Fid%3D15GwFUID4XiQhkScwbh0VqJq-HyHjheRf%26export%3Ddownload&dsh=S-1693982783%3A1783943916961127&followup=https%3A%2F%2Fdrive.usercontent.google.com%2Fdownload%3Fid%3D15GwFUID4XiQhkScwbh0VqJq-HyHjheRf%26export%3Ddownload&passive=1209600&service=wise&flowName=WebLiteSignIn&flowEntry=ServiceLogin&ifkv=Ac50bxvYF-QwcsUGTn11z8KMYWCITI8u7bftZO3eztzN4Fycq9oMwUpCpcDH1mrO47QrUt7DkJ0K","15GwFUID4XiQhkScwbh0VqJq-HyHjheRf","No likely offline artifact found; keep the manifest record and decide whether to hide the public link or rebuild the resource.","Ref Docs/Trust Signals/Client Logos/social-media-today-logo.png (35, artifact_candidate) | Ref Docs/Work/Public Speaking/Images/Event Banners/Growth Secrets - Social media amplificaiton.jfif (30, artifact_candidate) | Ref Docs/Work/Public Speaking/Images/Event Banners/Growth Secrets - Social Media.jfif (30, artifact_candidate) | Ref Docs/Trust Signals/Client Logos/SocialMediaManageren.png (24, artifact_candidate)",""
"rpm-0255","Social / Some Work","Marketing Secrets Sales Development Can Use to Drive Pipeline | Reputation Capital - Building a Business in the Dark","Square","google-drive","not_public_auth_required","auth_required","200","re-share from an accessible account, replace, or hide","preserve manifest row; decide hide vs recreate","missing_artifact","Ref Docs/Work/Public Speaking/Images/Event Banners/Growth Secrets - Social media amplificaiton.jfif","artifact_candidate","35",".jfif","36003","7e12e68e3b070870ba4d9300f2bd5220b909eacf9131237c3f41ffc00c9fbd46","","","assets/js/some_work_data.js","5276","text-url","https://drive.google.com/file/d/15kpCeMTs3281tQNDOZwPX4Ejp7MgPP4G/view?usp=sharing","https://accounts.google.com/v3/signin/identifier?continue=https%3A%2F%2Fdrive.usercontent.google.com%2Fdownload%3Fid%3D15kpCeMTs3281tQNDOZwPX4Ejp7MgPP4G%26export%3Ddownload&dsh=S1914323719%3A1783943918049829&followup=https%3A%2F%2Fdrive.usercontent.google.com%2Fdownload%3Fid%3D15kpCeMTs3281tQNDOZwPX4Ejp7MgPP4G%26export%3Ddownload&passive=1209600&service=wise&flowName=WebLiteSignIn&flowEntry=ServiceLogin&ifkv=Ac50bxsrpKuLe7qx8gNoH0RI6xMz0edGrrdGUrHDvtqc_ebN3dYSAFEyqXTGS99lSPzy2_4uQhrU","15kpCeMTs3281tQNDOZwPX4Ejp7MgPP4G","No likely offline artifact found; keep the manifest record and decide whether to hide the public link or rebuild the resource.","Ref Docs/Work/Public Speaking/Images/Event Banners/Growth Secrets - Social media amplificaiton.jfif (35, artifact_candidate) | Ref Docs/Work/Public Speaking/Images/Event Banners/Growth Secrets - Social Media.jfif (35, artifact_candidate) | Ref Docs/Work/Public Speaking/Images/Staff/square-collage.jpg (32, artifact_candidate) | Ref Docs/Trust Signals/Client Logos/social-media-today-logo.png (29, artifact_candidate) | Ref Docs/Trust Signals/Client Logos/InEvent-squarelogo.png (26, artifact_candidate)",""
"rpm-0256","Social / Some Work","GoSimplo: Hyper-Personalized Email Wins","Square | Vertical","google-drive","not_public_auth_required","auth_required","200","re-share from an accessible account, replace, or hide","preserve manifest row; decide hide vs recreate","missing_artifact","Ref Docs/Trust Signals/Client Logos/social-media-today-logo.png","artifact_candidate","29",".png","30454","4223eedc500197b9095eff3391621f09cb231e266a4b0c7feaedd777eeff4962","","","assets/js/some_work_data.js","4384","text-url","https://drive.google.com/file/d/15vXCgqf2cMolLyKBWYV0bgmi9gmvbcI4/view?usp=sharing","https://accounts.google.com/v3/signin/identifier?continue=https://drive.usercontent.google.com/download?id%3D15vXCgqf2cMolLyKBWYV0bgmi9gmvbcI4%26export%3Ddownload&followup=https://drive.usercontent.google.com/download?id%3D15vXCgqf2cMolLyKBWYV0bgmi9gmvbcI4%26export%3Ddownload&passive=1209600&service=wise&flowName=WebLiteSignIn&flowEntry=ServiceLogin&dsh=S721579007:1783943916387684","15vXCgqf2cMolLyKBWYV0bgmi9gmvbcI4","No likely offline artifact found; keep the manifest record and decide whether to hide the public link or rebuild the resource.","Ref Docs/Trust Signals/Client Logos/social-media-today-logo.png (29, artifact_candidate) | Ref Docs/Work/Public Speaking/Images/Event Banners/Growth Secrets - Social media amplificaiton.jfif (29, artifact_candidate) | Ref Docs/Work/Public Speaking/Images/Event Banners/Growth Secrets - Social Media.jfif (29, artifact_candidate)",""
"rpm-0257","Social / Some Work","Consistency is common, quality is rare | LinkedIn is packed with decision makers","Landscape","google-drive","not_public_auth_required","auth_required","200","re-share from an accessible account, replace, or hide","preserve manifest row; decide hide vs recreate","missing_artifact","Ref Docs/Trust Signals/Client Logos/social-media-today-logo.png","artifact_candidate","29",".png","30454","4223eedc500197b9095eff3391621f09cb231e266a4b0c7feaedd777eeff4962","","","assets/js/some_work_data.js","8939","text-url","https://drive.google.com/file/d/15wxBfhCPI4Ws0J1Y8VVir8UF9lQ1ISTg/view?usp=sharing","https://accounts.google.com/v3/signin/identifier?continue=https%3A%2F%2Fdrive.usercontent.google.com%2Fdownload%3Fid%3D15wxBfhCPI4Ws0J1Y8VVir8UF9lQ1ISTg%26export%3Ddownload&dsh=S1495839738%3A1783943924479234&followup=https%3A%2F%2Fdrive.usercontent.google.com%2Fdownload%3Fid%3D15wxBfhCPI4Ws0J1Y8VVir8UF9lQ1ISTg%26export%3Ddownload&passive=1209600&service=wise&flowName=WebLiteSignIn&flowEntry=ServiceLogin&ifkv=Ac50bxtnWaP-zwHVbdJBuA9TI-UdP9hJ2akFQBSz5Tiu4srKcobse1RioYB2PbSg83kzlLRojdgI1A","15wxBfhCPI4Ws0J1Y8VVir8UF9lQ1ISTg","No likely offline artifact found; keep the manifest record and decide whether to hide the public link or rebuild the resource.","Ref Docs/Trust Signals/Client Logos/social-media-today-logo.png (29, artifact_candidate) | Ref Docs/Work/Public Speaking/Images/Event Banners/Growth Secrets - Social media amplificaiton.jfif (29, artifact_candidate) | Ref Docs/Work/Public Speaking/Images/Event Banners/Growth Secrets - Social Media.jfif (29, artifact_candidate)",""
"rpm-0258","Social / Some Work","GoSimplo: Outbound Email System Results","Square | Vertical","google-drive","not_public_auth_required","auth_required","200","re-share from an accessible account, replace, or hide","preserve manifest row; decide hide vs recreate","missing_artifact","Ref Docs/Trust Signals/Client Logos/social-media-today-logo.png","artifact_candidate","29",".png","30454","4223eedc500197b9095eff3391621f09cb231e266a4b0c7feaedd777eeff4962","","","assets/js/some_work_data.js","4421","text-url","https://drive.google.com/file/d/16_MPXfvwq6Cwhp7LEOPVKFBl7vA5N5FC/view?usp=sharing","https://accounts.google.com/v3/signin/identifier?continue=https%3A%2F%2Fdrive.usercontent.google.com%2Fdownload%3Fid%3D16_MPXfvwq6Cwhp7LEOPVKFBl7vA5N5FC%26export%3Ddownload&dsh=S-1962494319%3A1783943916436771&followup=https%3A%2F%2Fdrive.usercontent.google.com%2Fdownload%3Fid%3D16_MPXfvwq6Cwhp7LEOPVKFBl7vA5N5FC%26export%3Ddownload&passive=1209600&service=wise&flowName=WebLiteSignIn&flowEntry=ServiceLogin&ifkv=Ac50bxvTsj13FkMyTNf47h2jslhSaFjzIoAXtQAhw2_pxRqHSnoj4Ex9wLfXxYfbQNwEKoXjak4gMw","16_MPXfvwq6Cwhp7LEOPVKFBl7vA5N5FC","No likely offline artifact found; keep the manifest record and decide whether to hide the public link or rebuild the resource.","Ref Docs/Trust Signals/Client Logos/social-media-today-logo.png (29, artifact_candidate) | Ref Docs/Work/Public Speaking/Images/Event Banners/Growth Secrets - Social media amplificaiton.jfif (29, artifact_candidate) | Ref Docs/Work/Public Speaking/Images/Event Banners/Growth Secrets - Social Media.jfif (29, artifact_candidate)",""
"rpm-0259","Social / Some Work","20+ Explainer Video Ideas from Industry Leaders [2021] | 11 Content Writing Tips That Work for Every Eventuality","Landscape","google-drive","not_public_auth_required","auth_required","200","re-share from an accessible account, replace, or hide","preserve manifest row; decide hide vs recreate","missing_artifact","Ref Docs/Trust Signals/Client Logos/social-media-today-logo.png","artifact_candidate","29",".png","30454","4223eedc500197b9095eff3391621f09cb231e266a4b0c7feaedd777eeff4962","","","assets/js/some_work_data.js","620","text-url","https://drive.google.com/file/d/16-R9JNEdZNL45rsWP3vqnxIKIBgkURsd/view?usp=sharing","https://accounts.google.com/v3/signin/identifier?continue=https%3A%2F%2Fdrive.usercontent.google.com%2Fdownload%3Fid%3D16-R9JNEdZNL45rsWP3vqnxIKIBgkURsd%26export%3Ddownload&dsh=S-2061722868%3A1783943908535077&followup=https%3A%2F%2Fdrive.usercontent.google.com%2Fdownload%3Fid%3D16-R9JNEdZNL45rsWP3vqnxIKIBgkURsd%26export%3Ddownload&passive=1209600&service=wise&flowName=WebLiteSignIn&flowEntry=ServiceLogin&ifkv=Ac50bxu7dAMWSjGcLm_MX4qKm_RzpYOqHlGnrcXYvMJ55gTTylzhhsoB8WdepDgVONL0sBO7hNWyXg","16-R9JNEdZNL45rsWP3vqnxIKIBgkURsd","No likely offline artifact found; keep the manifest record and decide whether to hide the public link or rebuild the resource.","Ref Docs/Trust Signals/Client Logos/social-media-today-logo.png (29, artifact_candidate) | Ref Docs/Work/Public Speaking/Images/Event Banners/Growth Secrets - Social media amplificaiton.jfif (29, artifact_candidate) | Ref Docs/Work/Public Speaking/Images/Event Banners/Growth Secrets - Social Media.jfif (29, artifact_candidate)",""
"rpm-0260","Social / Some Work","Email is still universal | Email ROI is hard to ignore","Landscape","google-drive","not_public_auth_required","auth_required","200","re-share from an accessible account, replace, or hide","preserve manifest row; decide hide vs recreate","missing_artifact","Ref Docs/Trust Signals/Client Logos/social-media-today-logo.png","artifact_candidate","29",".png","30454","4223eedc500197b9095eff3391621f09cb231e266a4b0c7feaedd777eeff4962","","","assets/js/some_work_data.js","9067","text-url","https://drive.google.com/file/d/16p03qZ0gMedImC59kl2yRuylPpdco9GW/view?usp=sharing","https://accounts.google.com/v3/signin/identifier?continue=https://drive.usercontent.google.com/download?id%3D16p03qZ0gMedImC59kl2yRuylPpdco9GW%26export%3Ddownload&followup=https://drive.usercontent.google.com/download?id%3D16p03qZ0gMedImC59kl2yRuylPpdco9GW%26export%3Ddownload&passive=1209600&service=wise&flowName=WebLiteSignIn&flowEntry=ServiceLogin&dsh=S-217459539:1783943924835375","16p03qZ0gMedImC59kl2yRuylPpdco9GW","No likely offline artifact found; keep the manifest record and decide whether to hide the public link or rebuild the resource.","Ref Docs/Trust Signals/Client Logos/social-media-today-logo.png (29, artifact_candidate) | Ref Docs/Work/Public Speaking/Images/Event Banners/Growth Secrets - Social media amplificaiton.jfif (29, artifact_candidate) | Ref Docs/Work/Public Speaking/Images/Event Banners/Growth Secrets - Social Media.jfif (29, artifact_candidate)",""
"rpm-0261","Social / Some Work","Meet the Team: Elena | Meet the Team: Valentin","Landscape","google-drive","not_public_auth_required","auth_required","200","re-share from an accessible account, replace, or hide","preserve manifest row; decide hide vs recreate","missing_artifact","Ref Docs/Work/Public Speaking/Images/Event Banners/Growth Secrets - Social media amplificaiton.jfif","artifact_candidate","35",".jfif","36003","7e12e68e3b070870ba4d9300f2bd5220b909eacf9131237c3f41ffc00c9fbd46","","","assets/js/some_work_data.js","2836","text-url","https://drive.google.com/file/d/1733kFIRFB4tTCgg9cJGH2Z0_oIWJD7cz/view?usp=sharing","https://accounts.google.com/v3/signin/identifier?continue=https%3A%2F%2Fdrive.usercontent.google.com%2Fdownload%3Fid%3D1733kFIRFB4tTCgg9cJGH2Z0_oIWJD7cz%26export%3Ddownload&dsh=S84258311%3A1783943913485171&followup=https%3A%2F%2Fdrive.usercontent.google.com%2Fdownload%3Fid%3D1733kFIRFB4tTCgg9cJGH2Z0_oIWJD7cz%26export%3Ddownload&passive=1209600&service=wise&flowName=WebLiteSignIn&flowEntry=ServiceLogin&ifkv=Ac50bxvkTlPFHY83l_rU4d7QM4uJ46DdT6XTDhj8t0fPcoC_4hrNshnzJiNlzXX92Tll-jnpL0Gm6A","1733kFIRFB4tTCgg9cJGH2Z0_oIWJD7cz","No likely offline artifact found; keep the manifest record and decide whether to hide the public link or rebuild the resource.","Ref Docs/Work/Public Speaking/Images/Event Banners/Growth Secrets - Social media amplificaiton.jfif (35, artifact_candidate) | Ref Docs/Work/Public Speaking/Images/Event Banners/Growth Secrets - Social Media.jfif (35, artifact_candidate) | Ref Docs/Trust Signals/Client Logos/social-media-today-logo.png (29, artifact_candidate) | Ref Docs/Work/Public Speaking/Images/Event Banners/SocialMediaManageren19.png (24, artifact_candidate)",""
"rpm-0262","Social / Some Work","Organic growth powered by SEO | Get noticed with creative content","Landscape","google-drive","not_public_auth_required","auth_required","200","re-share from an accessible account, replace, or hide","preserve manifest row; decide hide vs recreate","missing_artifact","Ref Docs/Work/Public Speaking/Images/Event Banners/Growth Secrets - Social media amplificaiton.jfif","artifact_candidate","35",".jfif","36003","7e12e68e3b070870ba4d9300f2bd5220b909eacf9131237c3f41ffc00c9fbd46","","","assets/js/some_work_data.js","3289","text-url","https://drive.google.com/file/d/17Rc24XC_s2WiqddKV6RP5RoStTXqFiC7/view?usp=sharing","https://accounts.google.com/v3/signin/identifier?continue=https%3A%2F%2Fdrive.usercontent.google.com%2Fdownload%3Fid%3D17Rc24XC_s2WiqddKV6RP5RoStTXqFiC7%26export%3Ddownload&dsh=S-1962494319%3A1783943914192135&followup=https%3A%2F%2Fdrive.usercontent.google.com%2Fdownload%3Fid%3D17Rc24XC_s2WiqddKV6RP5RoStTXqFiC7%26export%3Ddownload&passive=1209600&service=wise&flowName=WebLiteSignIn&flowEntry=ServiceLogin&ifkv=Ac50bxtzCjzK_pNd5qFNX5GuSihNcEv5qiRs-lWnHPPY_UfKMnT88hY6AadIzU8ow9Z82YgLPXqf","17Rc24XC_s2WiqddKV6RP5RoStTXqFiC7","No likely offline artifact found; keep the manifest record and decide whether to hide the public link or rebuild the resource.","Ref Docs/Work/Public Speaking/Images/Event Banners/Growth Secrets - Social media amplificaiton.jfif (35, artifact_candidate) | Ref Docs/Work/Public Speaking/Images/Event Banners/Growth Secrets - Social Media.jfif (35, artifact_candidate) | Ref Docs/Trust Signals/Client Logos/social-media-today-logo.png (29, artifact_candidate)",""
"rpm-0263","Social / Some Work","GoSimplo: Outbound Email System Results","Landscape","google-drive","not_public_auth_required","auth_required","200","re-share from an accessible account, replace, or hide","preserve manifest row; decide hide vs recreate","missing_artifact","Ref Docs/Trust Signals/Client Logos/social-media-today-logo.png","artifact_candidate","30",".png","30454","4223eedc500197b9095eff3391621f09cb231e266a4b0c7feaedd777eeff4962","","","assets/js/some_work_data.js","4413","text-url","https://drive.google.com/file/d/18TYoqWB4zygn1r78eNmipeykf8D0GZxZ/view?usp=sharing","https://accounts.google.com/v3/signin/identifier?continue=https%3A%2F%2Fdrive.usercontent.google.com%2Fdownload%3Fid%3D18TYoqWB4zygn1r78eNmipeykf8D0GZxZ%26export%3Ddownload&dsh=S-1693982783%3A1783943916409127&followup=https%3A%2F%2Fdrive.usercontent.google.com%2Fdownload%3Fid%3D18TYoqWB4zygn1r78eNmipeykf8D0GZxZ%26export%3Ddownload&passive=1209600&service=wise&flowName=WebLiteSignIn&flowEntry=ServiceLogin&ifkv=Ac50bxtISeb28efg3wOWUgU34R3Vx-Q_D0oXMJg9SRut7OBFTNCUkv_o1SmALPSqDwObR7b2aGlB4A","18TYoqWB4zygn1r78eNmipeykf8D0GZxZ","No likely offline artifact found; keep the manifest record and decide whether to hide the public link or rebuild the resource.","Ref Docs/Trust Signals/Client Logos/social-media-today-logo.png (30, artifact_candidate) | Ref Docs/Work/Public Speaking/Images/Event Banners/Growth Secrets - Social media amplificaiton.jfif (30, artifact_candidate) | Ref Docs/Work/Public Speaking/Images/Event Banners/Growth Secrets - Social Media.jfif (30, artifact_candidate)",""
"rpm-0264","Social / Some Work","Meet the Team: Camila","Square | Landscape","google-drive","not_public_auth_required","auth_required","200","re-share from an accessible account, replace, or hide","preserve manifest row; decide hide vs recreate","missing_artifact","Ref Docs/Trust Signals/Client Logos/social-media-today-logo.png","artifact_candidate","29",".png","30454","4223eedc500197b9095eff3391621f09cb231e266a4b0c7feaedd777eeff4962","","","assets/js/some_work_data.js","2925","text-url","https://drive.google.com/file/d/18vgq7rZYeGL9oXv4m7GFnQWE4ZK5LgZL/view?usp=sharing","https://accounts.google.com/v3/signin/identifier?continue=https%3A%2F%2Fdrive.usercontent.google.com%2Fdownload%3Fid%3D18vgq7rZYeGL9oXv4m7GFnQWE4ZK5LgZL%26export%3Ddownload&dsh=S1495839738%3A1783943913637756&followup=https%3A%2F%2Fdrive.usercontent.google.com%2Fdownload%3Fid%3D18vgq7rZYeGL9oXv4m7GFnQWE4ZK5LgZL%26export%3Ddownload&passive=1209600&service=wise&flowName=WebLiteSignIn&flowEntry=ServiceLogin&ifkv=Ac50bxvXEJjrZKqj5ncP1QgWAyb-yPjLQ98MbClpLvL6X1DaKAli_-I1_cJ3V2C8AqoBrdgMviAz8w","18vgq7rZYeGL9oXv4m7GFnQWE4ZK5LgZL","No likely offline artifact found; keep the manifest record and decide whether to hide the public link or rebuild the resource.","Ref Docs/Trust Signals/Client Logos/social-media-today-logo.png (29, artifact_candidate) | Ref Docs/Work/Public Speaking/Images/Event Banners/Growth Secrets - Social media amplificaiton.jfif (29, artifact_candidate) | Ref Docs/Work/Public Speaking/Images/Event Banners/Growth Secrets - Social Media.jfif (29, artifact_candidate)",""
"rpm-0265","Social / Some Work","Meet the Team: Salvador Tarantino | Meet the Team: Petra Ilic","Landscape","google-drive","not_public_auth_required","auth_required","200","re-share from an accessible account, replace, or hide","preserve manifest row; decide hide vs recreate","missing_artifact","Ref Docs/Work/Public Speaking/Images/Event Banners/Growth Secrets - Social media amplificaiton.jfif","artifact_candidate","35",".jfif","36003","7e12e68e3b070870ba4d9300f2bd5220b909eacf9131237c3f41ffc00c9fbd46","","","assets/js/some_work_data.js","2782","text-url","https://drive.google.com/file/d/191z7wv1DTwpQM4ivG4emTtp0dpLb47CP/view?usp=sharing","https://accounts.google.com/v3/signin/identifier?continue=https%3A%2F%2Fdrive.usercontent.google.com%2Fdownload%3Fid%3D191z7wv1DTwpQM4ivG4emTtp0dpLb47CP%26export%3Ddownload&dsh=S-704453778%3A1783943913285385&followup=https%3A%2F%2Fdrive.usercontent.google.com%2Fdownload%3Fid%3D191z7wv1DTwpQM4ivG4emTtp0dpLb47CP%26export%3Ddownload&passive=1209600&service=wise&flowName=WebLiteSignIn&flowEntry=ServiceLogin&ifkv=Ac50bxuUcMHW0Qd1ETwxGQYJurhsYYEmpODfH8ldrE_acD1bWlSDKpPipfJkRN4P0YFIuVf7ao1euw","191z7wv1DTwpQM4ivG4emTtp0dpLb47CP","No likely offline artifact found; keep the manifest record and decide whether to hide the public link or rebuild the resource.","Ref Docs/Work/Public Speaking/Images/Event Banners/Growth Secrets - Social media amplificaiton.jfif (35, artifact_candidate) | Ref Docs/Work/Public Speaking/Images/Event Banners/Growth Secrets - Social Media.jfif (35, artifact_candidate) | Ref Docs/Trust Signals/Client Logos/social-media-today-logo.png (29, artifact_candidate)",""
"rpm-0266","Social / Some Work","Learn from mistakes","Square | Landscape","google-drive","not_public_auth_required","auth_required","200","re-share from an accessible account, replace, or hide","preserve manifest row; decide hide vs recreate","missing_artifact","Ref Docs/Trust Signals/Client Logos/social-media-today-logo.png","artifact_candidate","29",".png","30454","4223eedc500197b9095eff3391621f09cb231e266a4b0c7feaedd777eeff4962","","","assets/js/some_work_data.js","9509","text-url","https://drive.google.com/file/d/19LPucQn6ctopci0elAFZZvYmB_6il_Of/view?usp=sharing","https://accounts.google.com/v3/signin/identifier?continue=https%3A%2F%2Fdrive.usercontent.google.com%2Fdownload%3Fid%3D19LPucQn6ctopci0elAFZZvYmB_6il_Of%26export%3Ddownload&dsh=S1258602089%3A1783943926065861&followup=https%3A%2F%2Fdrive.usercontent.google.com%2Fdownload%3Fid%3D19LPucQn6ctopci0elAFZZvYmB_6il_Of%26export%3Ddownload&passive=1209600&service=wise&flowName=WebLiteSignIn&flowEntry=ServiceLogin&ifkv=Ac50bxvsdpmaQWzgkP3fnP9rO6Pq9mDTh1m5E8tjlz4Lp-1YPFxQDBHmt5DbBpcGZFjIWQ2k4Gye","19LPucQn6ctopci0elAFZZvYmB_6il_Of","No likely offline artifact found; keep the manifest record and decide whether to hide the public link or rebuild the resource.","Ref Docs/Trust Signals/Client Logos/social-media-today-logo.png (29, artifact_candidate) | Ref Docs/Work/Public Speaking/Images/Event Banners/Growth Secrets - Social media amplificaiton.jfif (29, artifact_candidate) | Ref Docs/Work/Public Speaking/Images/Event Banners/Growth Secrets - Social Media.jfif (29, artifact_candidate)",""
"rpm-0267","Social / Some Work","Google Ads is mobile-first now","Square","google-drive","not_public_auth_required","auth_required","200","re-share from an accessible account, replace, or hide","preserve manifest row; decide hide vs recreate","missing_artifact","Ref Docs/Work/Public Speaking/Images/Staff/square-collage.jpg","artifact_candidate","32",".jpg","255253","27ed996fdda1b2c944ba749e93852e39d03325feb1fac478e5bc55bdcb9210df","","","assets/js/some_work_data.js","8979","text-url","https://drive.google.com/file/d/19sZlhDz7es0Vuc7-1sW7zgerdbanhLTE/view?usp=sharing","https://accounts.google.com/v3/signin/identifier?continue=https%3A%2F%2Fdrive.usercontent.google.com%2Fdownload%3Fid%3D19sZlhDz7es0Vuc7-1sW7zgerdbanhLTE%26export%3Ddownload&dsh=S570785647%3A1783943924485391&followup=https%3A%2F%2Fdrive.usercontent.google.com%2Fdownload%3Fid%3D19sZlhDz7es0Vuc7-1sW7zgerdbanhLTE%26export%3Ddownload&passive=1209600&service=wise&flowName=WebLiteSignIn&flowEntry=ServiceLogin&ifkv=Ac50bxvg6ejllDCKm7CWHhSfaIdqijN1hL2Rs6IvceJ-pgxQ6UwRVM9VFpN75YEydqg_GUkvnryuUA","19sZlhDz7es0Vuc7-1sW7zgerdbanhLTE","No likely offline artifact found; keep the manifest record and decide whether to hide the public link or rebuild the resource.","Ref Docs/Work/Public Speaking/Images/Staff/square-collage.jpg (32, artifact_candidate) | Ref Docs/Trust Signals/Client Logos/social-media-today-logo.png (29, artifact_candidate) | Ref Docs/Work/Public Speaking/Images/Event Banners/Growth Secrets - Social media amplificaiton.jfif (29, artifact_candidate) | Ref Docs/Work/Public Speaking/Images/Event Banners/Growth Secrets - Social Media.jfif (29, artifact_candidate) | Ref Docs/Trust Signals/Client Logos/InEvent-squarelogo.png (26, artifact_candidate)",""
"rpm-0268","Social / Some Work","Certainly: SEO-Safe Rebrand Migration","Square | Vertical","google-drive","not_public_auth_required","auth_required","200","re-share from an accessible account, replace, or hide","preserve manifest row; decide hide vs recreate","missing_artifact","Ref Docs/Trust Signals/Client Logos/social-media-today-logo.png","artifact_candidate","29",".png","30454","4223eedc500197b9095eff3391621f09cb231e266a4b0c7feaedd777eeff4962","","","assets/js/some_work_data.js","4458","text-url","https://drive.google.com/file/d/1A3uk-GCI1SnsYmy5Mn-QJshdikYAtb_A/view?usp=sharing","https://accounts.google.com/v3/signin/identifier?continue=https%3A%2F%2Fdrive.usercontent.google.com%2Fdownload%3Fid%3D1A3uk-GCI1SnsYmy5Mn-QJshdikYAtb_A%26export%3Ddownload&dsh=S1178242601%3A1783943916484389&followup=https%3A%2F%2Fdrive.usercontent.google.com%2Fdownload%3Fid%3D1A3uk-GCI1SnsYmy5Mn-QJshdikYAtb_A%26export%3Ddownload&passive=1209600&service=wise&flowName=WebLiteSignIn&flowEntry=ServiceLogin&ifkv=Ac50bxut7QonNYlbXPDPGgYuou_o30QjUyr0QLwHgGuBDAIYeMoy1Km65p1uBaSqjyi9K_75UzSDDg","1A3uk-GCI1SnsYmy5Mn-QJshdikYAtb_A","No likely offline artifact found; keep the manifest record and decide whether to hide the public link or rebuild the resource.","Ref Docs/Trust Signals/Client Logos/social-media-today-logo.png (29, artifact_candidate) | Ref Docs/Work/Public Speaking/Images/Event Banners/Growth Secrets - Social media amplificaiton.jfif (29, artifact_candidate) | Ref Docs/Work/Public Speaking/Images/Event Banners/Growth Secrets - Social Media.jfif (29, artifact_candidate)",""
"rpm-0269","Social / Some Work","22 Big Data Analytics Tools: Make Profitable Decisions [2021] | Email Verification Tools: Validate Your Mailing List [2021]","Landscape","google-drive","not_public_auth_required","auth_required","200","re-share from an accessible account, replace, or hide","preserve manifest row; decide hide vs recreate","missing_artifact","Ref Docs/Trust Signals/Client Logos/social-media-today-logo.png","artifact_candidate","29",".png","30454","4223eedc500197b9095eff3391621f09cb231e266a4b0c7feaedd777eeff4962","","","assets/js/some_work_data.js","830","text-url","https://drive.google.com/file/d/1a6o1lduw6do3zTd4oFBpTA2b4OSFvFrP/view?usp=sharing","https://accounts.google.com/v3/signin/identifier?continue=https%3A%2F%2Fdrive.usercontent.google.com%2Fdownload%3Fid%3D1a6o1lduw6do3zTd4oFBpTA2b4OSFvFrP%26export%3Ddownload&dsh=S721579007%3A1783943909014550&followup=https%3A%2F%2Fdrive.usercontent.google.com%2Fdownload%3Fid%3D1a6o1lduw6do3zTd4oFBpTA2b4OSFvFrP%26export%3Ddownload&passive=1209600&service=wise&flowName=WebLiteSignIn&flowEntry=ServiceLogin&ifkv=Ac50bxu1rsEepUmK78loYjEwjLxZSKKtqKH5yYXi-kPRoMLQH5MDvZPL6sbYeZGeVSx2EHquS21E","1a6o1lduw6do3zTd4oFBpTA2b4OSFvFrP","No likely offline artifact found; keep the manifest record and decide whether to hide the public link or rebuild the resource.","Ref Docs/Trust Signals/Client Logos/social-media-today-logo.png (29, artifact_candidate) | Ref Docs/Work/Public Speaking/Images/Event Banners/Growth Secrets - Social media amplificaiton.jfif (29, artifact_candidate) | Ref Docs/Work/Public Speaking/Images/Event Banners/Growth Secrets - Social Media.jfif (29, artifact_candidate)",""
"rpm-0270","Social / Some Work","Meet Deepika, Content Writer Intern | Meet Jannic, Digital Designer Intern","Landscape","google-drive","not_public_auth_required","auth_required","200","re-share from an accessible account, replace, or hide","preserve manifest row; decide hide vs recreate","missing_artifact","Ref Docs/Trust Signals/Client Logos/social-media-today-logo.png","artifact_candidate","30",".png","30454","4223eedc500197b9095eff3391621f09cb231e266a4b0c7feaedd777eeff4962","","","assets/js/some_work_data.js","2163","text-url","https://drive.google.com/file/d/1aXPCk3IMrYLVPyp3C6bqXqgohKBbzBet/view?usp=sharing","https://accounts.google.com/v3/signin/identifier?continue=https%3A%2F%2Fdrive.usercontent.google.com%2Fdownload%3Fid%3D1aXPCk3IMrYLVPyp3C6bqXqgohKBbzBet%26export%3Ddownload&dsh=S1914323719%3A1783943911424285&followup=https%3A%2F%2Fdrive.usercontent.google.com%2Fdownload%3Fid%3D1aXPCk3IMrYLVPyp3C6bqXqgohKBbzBet%26export%3Ddownload&passive=1209600&service=wise&flowName=WebLiteSignIn&flowEntry=ServiceLogin&ifkv=Ac50bxvQGzWPuURZUIPxpSAwgYIqUgRpPpsxyFHMjp-jNEkXnXtxGf9krUPIeh2aK4kGzukyvC42cg","1aXPCk3IMrYLVPyp3C6bqXqgohKBbzBet","No likely offline artifact found; keep the manifest record and decide whether to hide the public link or rebuild the resource.","Ref Docs/Trust Signals/Client Logos/social-media-today-logo.png (30, artifact_candidate) | Ref Docs/Work/Public Speaking/Images/Event Banners/Growth Secrets - Social media amplificaiton.jfif (30, artifact_candidate) | Ref Docs/Work/Public Speaking/Images/Event Banners/Growth Secrets - Social Media.jfif (30, artifact_candidate)",""
"rpm-0271","Social / Some Work","Speaking at Growth Hackers Conference 2021","Landscape","google-drive","not_public_auth_required","auth_required","200","re-share from an accessible account, replace, or hide","review candidate offline file before changing link","possible_artifact","Ref Docs/Work/Public Speaking/Images/Event Banners/Growth Secrets - Social media amplificaiton.jfif","artifact_candidate","42",".jfif","36003","7e12e68e3b070870ba4d9300f2bd5220b909eacf9131237c3f41ffc00c9fbd46","","","assets/js/some_work_data.js","7352","text-url","https://drive.google.com/file/d/1B0_x0QyJYxTL29Xj_UZtsZyej2DGrw3v/view?usp=sharing","https://accounts.google.com/v3/signin/identifier?continue=https%3A%2F%2Fdrive.usercontent.google.com%2Fdownload%3Fid%3D1B0_x0QyJYxTL29Xj_UZtsZyej2DGrw3v%26export%3Ddownload&dsh=S-1962494319%3A1783943921116339&followup=https%3A%2F%2Fdrive.usercontent.google.com%2Fdownload%3Fid%3D1B0_x0QyJYxTL29Xj_UZtsZyej2DGrw3v%26export%3Ddownload&passive=1209600&service=wise&flowName=WebLiteSignIn&flowEntry=ServiceLogin&ifkv=Ac50bxt-y2Nlco4f1iaPEf8GmqX2ZjpnN4ZeInCBFJwLc_Ctd6kalSNIk17-QPuBBXIW-X4GcCeN","1B0_x0QyJYxTL29Xj_UZtsZyej2DGrw3v","Open the candidate file and confirm it is the same artifact before replacing the URL.","Ref Docs/Work/Public Speaking/Images/Event Banners/Growth Secrets - Social media amplificaiton.jfif (42, artifact_candidate) | Ref Docs/Work/Public Speaking/Images/Event Banners/Growth Secrets - Social Media.jfif (42, artifact_candidate) | Ref Docs/Trust Signals/Client Logos/social-media-today-logo.png (36, artifact_candidate) | Ref Docs/Trust Signals/Client Logos/growth-hackers.png (26, artifact_candidate) | Ref Docs/Work/Public Speaking/Images/Event Banners/Nordic Growth Hackers_v4.png (26, artifact_candidate)",""
"rpm-0272","Social / Some Work","First think, dream, believe, dare","Landscape","google-drive","not_public_auth_required","auth_required","200","re-share from an accessible account, replace, or hide","preserve manifest row; decide hide vs recreate","missing_artifact","Ref Docs/Trust Signals/Client Logos/social-media-today-logo.png","artifact_candidate","35",".png","30454","4223eedc500197b9095eff3391621f09cb231e266a4b0c7feaedd777eeff4962","","","assets/js/some_work_data.js","3870","text-url","https://drive.google.com/file/d/1blhTH6_-aLA9uGVB8yj3CSjSzWX_qLzc/view?usp=sharing","https://accounts.google.com/v3/signin/identifier?continue=https%3A%2F%2Fdrive.usercontent.google.com%2Fdownload%3Fid%3D1blhTH6_-aLA9uGVB8yj3CSjSzWX_qLzc%26export%3Ddownload&dsh=S84258311%3A1783943915521424&followup=https%3A%2F%2Fdrive.usercontent.google.com%2Fdownload%3Fid%3D1blhTH6_-aLA9uGVB8yj3CSjSzWX_qLzc%26export%3Ddownload&passive=1209600&service=wise&flowName=WebLiteSignIn&flowEntry=ServiceLogin&ifkv=Ac50bxvdkUmvs5NoRhn55U7YYnuBGCQATr22SOL1Vq3MPlBSQ3DP-H0UtD_0QcHoyyOOYpjvY_QleQ","1blhTH6_-aLA9uGVB8yj3CSjSzWX_qLzc","No likely offline artifact found; keep the manifest record and decide whether to hide the public link or rebuild the resource.","Ref Docs/Trust Signals/Client Logos/social-media-today-logo.png (35, artifact_candidate) | Ref Docs/Work/Public Speaking/Images/Event Banners/Growth Secrets - Social media amplificaiton.jfif (30, artifact_candidate) | Ref Docs/Work/Public Speaking/Images/Event Banners/Growth Secrets - Social Media.jfif (30, artifact_candidate) | Ref Docs/Trust Signals/Client Logos/SocialMediaManageren.png (24, artifact_candidate)",""
"rpm-0273","Social / Some Work","Top 75 digital marketing agencies Denmark | Top SEO firms in Denmark 2021","Vertical","google-drive","not_public_auth_required","auth_required","200","re-share from an accessible account, replace, or hide","preserve manifest row; decide hide vs recreate","missing_artifact","Ref Docs/Trust Signals/Client Logos/social-media-today-logo.png","artifact_candidate","30",".png","30454","4223eedc500197b9095eff3391621f09cb231e266a4b0c7feaedd777eeff4962","","","assets/js/some_work_data.js","7500","text-url","https://drive.google.com/file/d/1blU0glRYO70bbYi8m8PUJvvQd58lY77Q/view?usp=sharing","https://accounts.google.com/v3/signin/identifier?continue=https://drive.usercontent.google.com/download?id%3D1blU0glRYO70bbYi8m8PUJvvQd58lY77Q%26export%3Ddownload&followup=https://drive.usercontent.google.com/download?id%3D1blU0glRYO70bbYi8m8PUJvvQd58lY77Q%26export%3Ddownload&passive=1209600&service=wise&flowName=WebLiteSignIn&flowEntry=ServiceLogin&dsh=S-704453778:1783943921487699","1blU0glRYO70bbYi8m8PUJvvQd58lY77Q","No likely offline artifact found; keep the manifest record and decide whether to hide the public link or rebuild the resource.","Ref Docs/Trust Signals/Client Logos/social-media-today-logo.png (30, artifact_candidate) | Ref Docs/Work/Public Speaking/Images/Event Banners/Growth Secrets - Social media amplificaiton.jfif (30, artifact_candidate) | Ref Docs/Work/Public Speaking/Images/Event Banners/Growth Secrets - Social Media.jfif (30, artifact_candidate)",""
"rpm-0274","Social / Some Work","New Client Alert: Project.BI | We\u2019re #5 on theHub","Landscape","google-drive","not_public_auth_required","auth_required","200","re-share from an accessible account, replace, or hide","preserve manifest row; decide hide vs recreate","missing_artifact","Ref Docs/Trust Signals/Client Logos/social-media-today-logo.png","artifact_candidate","36",".png","30454","4223eedc500197b9095eff3391621f09cb231e266a4b0c7feaedd777eeff4962","","","assets/js/some_work_data.js","6425","text-url","https://drive.google.com/file/d/1Bn6aU_iURRFjh1U3SuKYnSskZPw1VIsz/view?usp=sharing","https://accounts.google.com/v3/signin/identifier?continue=https%3A%2F%2Fdrive.usercontent.google.com%2Fdownload%3Fid%3D1Bn6aU_iURRFjh1U3SuKYnSskZPw1VIsz%26export%3Ddownload&dsh=S1914323719%3A1783943919686024&followup=https%3A%2F%2Fdrive.usercontent.google.com%2Fdownload%3Fid%3D1Bn6aU_iURRFjh1U3SuKYnSskZPw1VIsz%26export%3Ddownload&passive=1209600&service=wise&flowName=WebLiteSignIn&flowEntry=ServiceLogin&ifkv=Ac50bxtJjO5UCCGfOlFiH2Ao95fUZJEN2wDP81CDzEesVwf86FpnynNyLTHfpk5Uwr-PdWSsp9d0vA","1Bn6aU_iURRFjh1U3SuKYnSskZPw1VIsz","No likely offline artifact found; keep the manifest record and decide whether to hide the public link or rebuild the resource.","Ref Docs/Trust Signals/Client Logos/social-media-today-logo.png (36, artifact_candidate) | Ref Docs/Work/Public Speaking/Images/Event Banners/Growth Secrets - Social media amplificaiton.jfif (30, artifact_candidate) | Ref Docs/Work/Public Speaking/Images/Event Banners/Growth Secrets - Social Media.jfif (30, artifact_candidate) | Ref Docs/Trust Signals/Client Logos/SocialMediaManageren.png (24, artifact_candidate)",""
"rpm-0275","Social / Some Work","Podcast: My Worst Investment Ever (Andrew Stotz) | Podcast: The Art of Persistence (Jeff Bullas)","Landscape","google-drive","not_public_auth_required","auth_required","200","re-share from an accessible account, replace, or hide","preserve manifest row; decide hide vs recreate","missing_artifact","Ref Docs/Trust Signals/Client Logos/social-media-today-logo.png","artifact_candidate","29",".png","30454","4223eedc500197b9095eff3391621f09cb231e266a4b0c7feaedd777eeff4962","","","assets/js/some_work_data.js","6512","text-url","https://drive.google.com/file/d/1Bnw9ZyqEyCeu_zjv3zsmK1YMRn1atMd6/view?usp=sharing","https://accounts.google.com/v3/signin/identifier?continue=https%3A%2F%2Fdrive.usercontent.google.com%2Fdownload%3Fid%3D1Bnw9ZyqEyCeu_zjv3zsmK1YMRn1atMd6%26export%3Ddownload&dsh=S-704453778%3A1783943919993441&followup=https%3A%2F%2Fdrive.usercontent.google.com%2Fdownload%3Fid%3D1Bnw9ZyqEyCeu_zjv3zsmK1YMRn1atMd6%26export%3Ddownload&passive=1209600&service=wise&flowName=WebLiteSignIn&flowEntry=ServiceLogin&ifkv=Ac50bxuJ0vCImPHhhHvnlcJStGOLLeBYN9Xm8rWMYLdV9SJUSUy-rIDKd8dmpBjbSWImkn19S6bJ","1Bnw9ZyqEyCeu_zjv3zsmK1YMRn1atMd6","No likely offline artifact found; keep the manifest record and decide whether to hide the public link or rebuild the resource.","Ref Docs/Trust Signals/Client Logos/social-media-today-logo.png (29, artifact_candidate) | Ref Docs/Work/Public Speaking/Images/Event Banners/Growth Secrets - Social media amplificaiton.jfif (29, artifact_candidate) | Ref Docs/Work/Public Speaking/Images/Event Banners/Growth Secrets - Social Media.jfif (29, artifact_candidate)",""
"rpm-0276","Social / Some Work","75 Best Marketing Podcasts (2021)","Landscape","google-drive","not_public_auth_required","auth_required","200","re-share from an accessible account, replace, or hide","preserve manifest row; decide hide vs recreate","missing_artifact","Ref Docs/Work/Public Speaking/Images/Event Banners/Growth Secrets - Social media amplificaiton.jfif","artifact_candidate","34",".jfif","36003","7e12e68e3b070870ba4d9300f2bd5220b909eacf9131237c3f41ffc00c9fbd46","","","assets/js/some_work_data.js","1292","text-url","https://drive.google.com/file/d/1BRSDTh2HoR9ZINnEWMh-rGHV3E0LWZR1/view?usp=sharing","https://accounts.google.com/v3/signin/identifier?continue=https://drive.usercontent.google.com/download?id%3D1BRSDTh2HoR9ZINnEWMh-rGHV3E0LWZR1%26export%3Ddownload&followup=https://drive.usercontent.google.com/download?id%3D1BRSDTh2HoR9ZINnEWMh-rGHV3E0LWZR1%26export%3Ddownload&passive=1209600&service=wise&flowName=WebLiteSignIn&flowEntry=ServiceLogin&dsh=S-1693982783:1783943909810588","1BRSDTh2HoR9ZINnEWMh-rGHV3E0LWZR1","No likely offline artifact found; keep the manifest record and decide whether to hide the public link or rebuild the resource.","Ref Docs/Work/Public Speaking/Images/Event Banners/Growth Secrets - Social media amplificaiton.jfif (34, artifact_candidate) | Ref Docs/Work/Public Speaking/Images/Event Banners/Growth Secrets - Social Media.jfif (34, artifact_candidate) | Ref Docs/Trust Signals/Client Logos/social-media-today-logo.png (29, artifact_candidate)",""
"rpm-0277","Social / Some Work","Avoid Relaunch SEO Risks","Landscape","google-drive","not_public_auth_required","auth_required","200","re-share from an accessible account, replace, or hide","preserve manifest row; decide hide vs recreate","missing_artifact","Ref Docs/Trust Signals/Client Logos/social-media-today-logo.png","artifact_candidate","30",".png","30454","4223eedc500197b9095eff3391621f09cb231e266a4b0c7feaedd777eeff4962","","","assets/js/some_work_data.js","4524","text-url","https://drive.google.com/file/d/1bsgsLQsW43NnSfEJeOTLBBObRuBKg4gV/view?usp=sharing","https://accounts.google.com/v3/signin/identifier?continue=https%3A%2F%2Fdrive.usercontent.google.com%2Fdownload%3Fid%3D1bsgsLQsW43NnSfEJeOTLBBObRuBKg4gV%26export%3Ddownload&dsh=S570785647%3A1783943916783493&followup=https%3A%2F%2Fdrive.usercontent.google.com%2Fdownload%3Fid%3D1bsgsLQsW43NnSfEJeOTLBBObRuBKg4gV%26export%3Ddownload&passive=1209600&service=wise&flowName=WebLiteSignIn&flowEntry=ServiceLogin&ifkv=Ac50bxtC7Cm7t0VRjhH8qTzmCu6VT2Tpwn-tS0FY3aJPua9tL5bX-NZTqI1-Qotm6j0wOOCqxSKxYQ","1bsgsLQsW43NnSfEJeOTLBBObRuBKg4gV","No likely offline artifact found; keep the manifest record and decide whether to hide the public link or rebuild the resource.","Ref Docs/Trust Signals/Client Logos/social-media-today-logo.png (30, artifact_candidate) | Ref Docs/Work/Public Speaking/Images/Event Banners/Growth Secrets - Social media amplificaiton.jfif (30, artifact_candidate) | Ref Docs/Work/Public Speaking/Images/Event Banners/Growth Secrets - Social Media.jfif (30, artifact_candidate)",""
"rpm-0278","Social / Some Work","The Ultimate Guide to Customer Perception | Clubhouse marketing strategies","Landscape","google-drive","not_public_auth_required","auth_required","200","re-share from an accessible account, replace, or hide","preserve manifest row; decide hide vs recreate","missing_artifact","Ref Docs/Work/Writing/Archived_PDFs/AI in Social Media - Taylor [PDF].pdf","artifact_candidate","29",".pdf","3199224","30789c999229692c7e6d16c1d851974ad443f0068d79b138a2c7043fa804d4aa","","","assets/js/some_work_data.js","1441","text-url","https://drive.google.com/file/d/1BwXELJPFLR6giP_Ga8L54_rUMI0FKPqd/view?usp=sharing","https://accounts.google.com/v3/signin/identifier?continue=https%3A%2F%2Fdrive.usercontent.google.com%2Fdownload%3Fid%3D1BwXELJPFLR6giP_Ga8L54_rUMI0FKPqd%26export%3Ddownload&dsh=S570785647%3A1783943910547481&followup=https%3A%2F%2Fdrive.usercontent.google.com%2Fdownload%3Fid%3D1BwXELJPFLR6giP_Ga8L54_rUMI0FKPqd%26export%3Ddownload&passive=1209600&service=wise&flowName=WebLiteSignIn&flowEntry=ServiceLogin&ifkv=Ac50bxsH2lxu1OJVHfiw0cn_gCxlXNRwAmjShBBU7kQauRxgotTl2EA9vmO-nfpyxLaqXv0-kr1d3w","1BwXELJPFLR6giP_Ga8L54_rUMI0FKPqd","No likely offline artifact found; keep the manifest record and decide whether to hide the public link or rebuild the resource.","Ref Docs/Work/Writing/Archived_PDFs/AI in Social Media - Taylor [PDF].pdf (29, artifact_candidate) | Ref Docs/Work/Writing/Archived_PDFs/Social Media Trends for 2020 (Marketing Edition) - Taylor [PDF].pdf (29, artifact_candidate) | Ref Docs/Work/Writing/Archived_PDFs/What Is Customer Perception and How to - Taylor [PDF].pdf (24, artifact_candidate)",""
"rpm-0279","Social / Some Work","Do not limit your content","Square | Vertical","google-drive","not_public_auth_required","auth_required","200","re-share from an accessible account, replace, or hide","preserve manifest row; decide hide vs recreate","missing_artifact","Ref Docs/Trust Signals/Client Logos/social-media-today-logo.png","artifact_candidate","30",".png","30454","4223eedc500197b9095eff3391621f09cb231e266a4b0c7feaedd777eeff4962","","","assets/js/some_work_data.js","3730","text-url","https://drive.google.com/file/d/1C3CgQ08wIW26sMhuaetq0L_C-oDii8-D/view?usp=sharing","https://accounts.google.com/v3/signin/identifier?continue=https%3A%2F%2Fdrive.usercontent.google.com%2Fdownload%3Fid%3D1C3CgQ08wIW26sMhuaetq0L_C-oDii8-D%26export%3Ddownload&dsh=S570785647%3A1783943915299839&followup=https%3A%2F%2Fdrive.usercontent.google.com%2Fdownload%3Fid%3D1C3CgQ08wIW26sMhuaetq0L_C-oDii8-D%26export%3Ddownload&passive=1209600&service=wise&flowName=WebLiteSignIn&flowEntry=ServiceLogin&ifkv=Ac50bxssIQudcenc222spFfFk-Mrn3PCltLJnmNP7UhBL8RseLu3vWoyJaYWBb9p6U2yFsThoqJTEA","1C3CgQ08wIW26sMhuaetq0L_C-oDii8-D","No likely offline artifact found; keep the manifest record and decide whether to hide the public link or rebuild the resource.","Ref Docs/Trust Signals/Client Logos/social-media-today-logo.png (30, artifact_candidate) | Ref Docs/Work/Public Speaking/Images/Event Banners/Growth Secrets - Social media amplificaiton.jfif (30, artifact_candidate) | Ref Docs/Work/Public Speaking/Images/Event Banners/Growth Secrets - Social Media.jfif (30, artifact_candidate)",""
"rpm-0280","Social / Some Work","BotXO: +108% Lead Generation via PPC","Landscape","google-drive","not_public_auth_required","auth_required","200","re-share from an accessible account, replace, or hide","preserve manifest row; decide hide vs recreate","missing_artifact","Ref Docs/Trust Signals/Client Logos/social-media-today-logo.png","artifact_candidate","29",".png","30454","4223eedc500197b9095eff3391621f09cb231e266a4b0c7feaedd777eeff4962","","","assets/js/some_work_data.js","4228","text-url","https://drive.google.com/file/d/1cB2kCRng1Y7q84xKF3eEqJtrFKwutNfc/view?usp=sharing","https://accounts.google.com/v3/signin/identifier?continue=https%3A%2F%2Fdrive.usercontent.google.com%2Fdownload%3Fid%3D1cB2kCRng1Y7q84xKF3eEqJtrFKwutNfc%26export%3Ddownload&dsh=S1258602089%3A1783943916087901&followup=https%3A%2F%2Fdrive.usercontent.google.com%2Fdownload%3Fid%3D1cB2kCRng1Y7q84xKF3eEqJtrFKwutNfc%26export%3Ddownload&passive=1209600&service=wise&flowName=WebLiteSignIn&flowEntry=ServiceLogin&ifkv=Ac50bxun4XGvdl2e6RvLu45AxDgXnWeKbL4auZQ3SWI7znNcP-D6oC9c_4FoQIANPOvuU2ThxZh0","1cB2kCRng1Y7q84xKF3eEqJtrFKwutNfc","No likely offline artifact found; keep the manifest record and decide whether to hide the public link or rebuild the resource.","Ref Docs/Trust Signals/Client Logos/social-media-today-logo.png (29, artifact_candidate) | Ref Docs/Work/Public Speaking/Images/Event Banners/Growth Secrets - Social media amplificaiton.jfif (29, artifact_candidate) | Ref Docs/Work/Public Speaking/Images/Event Banners/Growth Secrets - Social Media.jfif (29, artifact_candidate)",""
"rpm-0281","Social / Some Work","Business infographic tools roundup (stat hook)","Landscape","google-drive","not_public_auth_required","auth_required","200","re-share from an accessible account, replace, or hide","preserve manifest row; decide hide vs recreate","missing_artifact","Ref Docs/Trust Signals/Client Logos/social-media-today-logo.png","artifact_candidate","29",".png","30454","4223eedc500197b9095eff3391621f09cb231e266a4b0c7feaedd777eeff4962","","","assets/js/some_work_data.js","1325","text-url","https://drive.google.com/file/d/1CcMqMWPR_jTnDoy2G6WOj7zsELArpT_A/view?usp=sharing","https://accounts.google.com/v3/signin/identifier?continue=https%3A%2F%2Fdrive.usercontent.google.com%2Fdownload%3Fid%3D1CcMqMWPR_jTnDoy2G6WOj7zsELArpT_A%26export%3Ddownload&dsh=S721579007%3A1783943910047251&followup=https%3A%2F%2Fdrive.usercontent.google.com%2Fdownload%3Fid%3D1CcMqMWPR_jTnDoy2G6WOj7zsELArpT_A%26export%3Ddownload&passive=1209600&service=wise&flowName=WebLiteSignIn&flowEntry=ServiceLogin&ifkv=Ac50bxtYHX0aU4Ko96MzRxtU36-gsAxwDvkeyy1_jewbhIhL0uWqta38Ya3GcNH51bQ8tcHMSFwn","1CcMqMWPR_jTnDoy2G6WOj7zsELArpT_A","No likely offline artifact found; keep the manifest record and decide whether to hide the public link or rebuild the resource.","Ref Docs/Trust Signals/Client Logos/social-media-today-logo.png (29, artifact_candidate) | Ref Docs/Work/Public Speaking/Images/Event Banners/Growth Secrets - Social media amplificaiton.jfif (29, artifact_candidate) | Ref Docs/Work/Public Speaking/Images/Event Banners/Growth Secrets - Social Media.jfif (29, artifact_candidate)",""
"rpm-0282","Social / Some Work","First think, dream, believe, dare","Square | Vertical","google-drive","not_public_auth_required","auth_required","200","re-share from an accessible account, replace, or hide","preserve manifest row; decide hide vs recreate","missing_artifact","Ref Docs/Trust Signals/Client Logos/social-media-today-logo.png","artifact_candidate","35",".png","30454","4223eedc500197b9095eff3391621f09cb231e266a4b0c7feaedd777eeff4962","","","assets/js/some_work_data.js","3878","text-url","https://drive.google.com/file/d/1ciwqpxp81cr84U_HGedQ7BcHXGRj0KMZ/view?usp=sharing","https://accounts.google.com/v3/signin/identifier?continue=https://drive.usercontent.google.com/download?id%3D1ciwqpxp81cr84U_HGedQ7BcHXGRj0KMZ%26export%3Ddownload&followup=https://drive.usercontent.google.com/download?id%3D1ciwqpxp81cr84U_HGedQ7BcHXGRj0KMZ%26export%3Ddownload&passive=1209600&service=wise&flowName=WebLiteSignIn&flowEntry=ServiceLogin&dsh=S-667281586:1783943915667736","1ciwqpxp81cr84U_HGedQ7BcHXGRj0KMZ","No likely offline artifact found; keep the manifest record and decide whether to hide the public link or rebuild the resource.","Ref Docs/Trust Signals/Client Logos/social-media-today-logo.png (35, artifact_candidate) | Ref Docs/Work/Public Speaking/Images/Event Banners/Growth Secrets - Social media amplificaiton.jfif (30, artifact_candidate) | Ref Docs/Work/Public Speaking/Images/Event Banners/Growth Secrets - Social Media.jfif (30, artifact_candidate) | Ref Docs/Trust Signals/Client Logos/SocialMediaManageren.png (24, artifact_candidate)",""
"rpm-0283","Social / Some Work","Page 2 might as well not exist","Square","google-drive","not_public_auth_required","auth_required","200","re-share from an accessible account, replace, or hide","preserve manifest row; decide hide vs recreate","missing_artifact","Ref Docs/Work/Public Speaking/Images/Staff/square-collage.jpg","artifact_candidate","32",".jpg","255253","27ed996fdda1b2c944ba749e93852e39d03325feb1fac478e5bc55bdcb9210df","","","assets/js/some_work_data.js","9170","text-url","https://drive.google.com/file/d/1co6f2bVrabLSFLPyUYSAU6yiBG90Zgfr/view?usp=sharing","https://accounts.google.com/v3/signin/identifier?continue=https%3A%2F%2Fdrive.usercontent.google.com%2Fdownload%3Fid%3D1co6f2bVrabLSFLPyUYSAU6yiBG90Zgfr%26export%3Ddownload&dsh=S-2061722868%3A1783943925173745&followup=https%3A%2F%2Fdrive.usercontent.google.com%2Fdownload%3Fid%3D1co6f2bVrabLSFLPyUYSAU6yiBG90Zgfr%26export%3Ddownload&passive=1209600&service=wise&flowName=WebLiteSignIn&flowEntry=ServiceLogin&ifkv=Ac50bxvBD-QPFmCOfXqChBxxZVeeRm9AB0nPEwZ2XgFvlJ2B2TJpKb2oqHiyD4cP1riEMD7Saaoq","1co6f2bVrabLSFLPyUYSAU6yiBG90Zgfr","No likely offline artifact found; keep the manifest record and decide whether to hide the public link or rebuild the resource.","Ref Docs/Work/Public Speaking/Images/Staff/square-collage.jpg (32, artifact_candidate) | Ref Docs/Trust Signals/Client Logos/social-media-today-logo.png (29, artifact_candidate) | Ref Docs/Work/Public Speaking/Images/Event Banners/Growth Secrets - Social media amplificaiton.jfif (29, artifact_candidate) | Ref Docs/Work/Public Speaking/Images/Event Banners/Growth Secrets - Social Media.jfif (29, artifact_candidate) | Ref Docs/Trust Signals/Client Logos/InEvent-squarelogo.png (26, artifact_candidate)",""
"rpm-0284","Social / Some Work","Best B2B Podcasts | Data visualization tools explained","Landscape","google-drive","not_public_auth_required","auth_required","200","re-share from an accessible account, replace, or hide","preserve manifest row; decide hide vs recreate","missing_artifact","Ref Docs/Work/Public Speaking/Images/Event Banners/Growth Secrets - Social media amplificaiton.jfif","artifact_candidate","36",".jfif","36003","7e12e68e3b070870ba4d9300f2bd5220b909eacf9131237c3f41ffc00c9fbd46","","","assets/js/some_work_data.js","1639","text-url","https://drive.google.com/file/d/1CoTRiTqgpxbTOdDoINTw4QyZCwGg7aG3/view?usp=sharing","https://accounts.google.com/v3/signin/identifier?continue=https%3A%2F%2Fdrive.usercontent.google.com%2Fdownload%3Fid%3D1CoTRiTqgpxbTOdDoINTw4QyZCwGg7aG3%26export%3Ddownload&dsh=S1178242601%3A1783943911076301&followup=https%3A%2F%2Fdrive.usercontent.google.com%2Fdownload%3Fid%3D1CoTRiTqgpxbTOdDoINTw4QyZCwGg7aG3%26export%3Ddownload&passive=1209600&service=wise&flowName=WebLiteSignIn&flowEntry=ServiceLogin&ifkv=Ac50bxsI6VVkMeIctWmsgTkTkY1zpTG0jDS2RCPIzuOnxzSeOHzH2G-61NMyrYIXUnV6yM4on8ap","1CoTRiTqgpxbTOdDoINTw4QyZCwGg7aG3","No likely offline artifact found; keep the manifest record and decide whether to hide the public link or rebuild the resource.","Ref Docs/Work/Public Speaking/Images/Event Banners/Growth Secrets - Social media amplificaiton.jfif (36, artifact_candidate) | Ref Docs/Work/Public Speaking/Images/Event Banners/Growth Secrets - Social Media.jfif (36, artifact_candidate) | Ref Docs/Trust Signals/Client Logos/social-media-today-logo.png (30, artifact_candidate)",""
"rpm-0285","Social / Some Work","Meet the Team: Giacomo Piccinini","Vertical","google-drive","not_public_auth_required","auth_required","200","re-share from an accessible account, replace, or hide","preserve manifest row; decide hide vs recreate","missing_artifact","Ref Docs/Trust Signals/Client Logos/social-media-today-logo.png","artifact_candidate","30",".png","30454","4223eedc500197b9095eff3391621f09cb231e266a4b0c7feaedd777eeff4962","","","assets/js/some_work_data.js","2562","text-url","https://drive.google.com/file/d/1cVHMKE5q8hi1qhYQ0x7tPKX-Md9YJNXd/view?usp=sharing","https://accounts.google.com/v3/signin/identifier?continue=https%3A%2F%2Fdrive.usercontent.google.com%2Fdownload%3Fid%3D1cVHMKE5q8hi1qhYQ0x7tPKX-Md9YJNXd%26export%3Ddownload&dsh=S1495839738%3A1783943912603680&followup=https%3A%2F%2Fdrive.usercontent.google.com%2Fdownload%3Fid%3D1cVHMKE5q8hi1qhYQ0x7tPKX-Md9YJNXd%26export%3Ddownload&passive=1209600&service=wise&flowName=WebLiteSignIn&flowEntry=ServiceLogin&ifkv=Ac50bxtOqEnF2e75oI0U0t67xvda_9Wyl1LOPAphsrUjqeJs5mTRgPQbnvoxFrI7ue-tkmIxhX3sBA","1cVHMKE5q8hi1qhYQ0x7tPKX-Md9YJNXd","No likely offline artifact found; keep the manifest record and decide whether to hide the public link or rebuild the resource.","Ref Docs/Trust Signals/Client Logos/social-media-today-logo.png (30, artifact_candidate) | Ref Docs/Work/Public Speaking/Images/Event Banners/Growth Secrets - Social media amplificaiton.jfif (30, artifact_candidate) | Ref Docs/Work/Public Speaking/Images/Event Banners/Growth Secrets - Social Media.jfif (30, artifact_candidate)",""
"rpm-0286","Social / Some Work","Reveal, Analyze and Dominate tech talk | SEO course for KEA partner program","Landscape","google-drive","not_public_auth_required","auth_required","200","re-share from an accessible account, replace, or hide","preserve manifest row; decide hide vs recreate","missing_artifact","Ref Docs/Trust Signals/Client Logos/social-media-today-logo.png","artifact_candidate","29",".png","30454","4223eedc500197b9095eff3391621f09cb231e266a4b0c7feaedd777eeff4962","","","assets/js/some_work_data.js","7414","text-url","https://drive.google.com/file/d/1cwBaD4LIX48pJE_xWCAzBAZZnzj7wEVF/view?usp=sharing","https://accounts.google.com/v3/signin/identifier?continue=https://drive.usercontent.google.com/download?id%3D1cwBaD4LIX48pJE_xWCAzBAZZnzj7wEVF%26export%3Ddownload&followup=https://drive.usercontent.google.com/download?id%3D1cwBaD4LIX48pJE_xWCAzBAZZnzj7wEVF%26export%3Ddownload&passive=1209600&service=wise&flowName=WebLiteSignIn&flowEntry=ServiceLogin&dsh=S1178242601:1783943921265327","1cwBaD4LIX48pJE_xWCAzBAZZnzj7wEVF","No likely offline artifact found; keep the manifest record and decide whether to hide the public link or rebuild the resource.","Ref Docs/Trust Signals/Client Logos/social-media-today-logo.png (29, artifact_candidate) | Ref Docs/Work/Public Speaking/Images/Event Banners/Growth Secrets - Social media amplificaiton.jfif (29, artifact_candidate) | Ref Docs/Work/Public Speaking/Images/Event Banners/Growth Secrets - Social Media.jfif (29, artifact_candidate)",""
"rpm-0287","Social / Some Work","Afterwork Seminar: Increase Sales With Growth Hacking (Datto) | Webinar: Social Media ROI (Falcon Virtual Summit)","Landscape","google-drive","not_public_auth_required","auth_required","200","re-share from an accessible account, replace, or hide","review candidate offline file before changing link","possible_artifact","Ref Docs/Work/Public Speaking/Images/Event Banners/Growth Secrets - Social media amplificaiton.jfif","artifact_candidate","41",".jfif","36003","7e12e68e3b070870ba4d9300f2bd5220b909eacf9131237c3f41ffc00c9fbd46","","","assets/js/some_work_data.js","6719","text-url","https://drive.google.com/file/d/1d0Wolfou6qzCqqcSkKowf7W-wt6c68aN/view?usp=sharing","https://accounts.google.com/v3/signin/identifier?continue=https%3A%2F%2Fdrive.usercontent.google.com%2Fdownload%3Fid%3D1d0Wolfou6qzCqqcSkKowf7W-wt6c68aN%26export%3Ddownload&dsh=S-1693982783%3A1783943920472119&followup=https%3A%2F%2Fdrive.usercontent.google.com%2Fdownload%3Fid%3D1d0Wolfou6qzCqqcSkKowf7W-wt6c68aN%26export%3Ddownload&passive=1209600&service=wise&flowName=WebLiteSignIn&flowEntry=ServiceLogin&ifkv=Ac50bxvAnjHQhKmuvczAEuwN3vm6wjIceOtO_IRVNE5E4MkIz6WQorh8ll6IGgxat-C5ijItoT5lVg","1d0Wolfou6qzCqqcSkKowf7W-wt6c68aN","Open the candidate file and confirm it is the same artifact before replacing the URL.","Ref Docs/Work/Public Speaking/Images/Event Banners/Growth Secrets - Social media amplificaiton.jfif (41, artifact_candidate) | Ref Docs/Work/Public Speaking/Images/Event Banners/Growth Secrets - Social Media.jfif (41, artifact_candidate) | Ref Docs/Trust Signals/Client Logos/social-media-today-logo.png (29, artifact_candidate) | Ref Docs/Work/Public Speaking/Images/Event Banners/Growth hacking 28th.jpg (25, artifact_candidate) | Ref Docs/Work/Public Speaking/Images/Event Banners/SocialMediaManageren19.png (24, artifact_candidate)",""
"rpm-0288","Social / Some Work","Show the problem you solve | We learn more from failure","Landscape","google-drive","not_public_auth_required","auth_required","200","re-share from an accessible account, replace, or hide","preserve manifest row; decide hide vs recreate","missing_artifact","Ref Docs/Trust Signals/Client Logos/social-media-today-logo.png","artifact_candidate","30",".png","30454","4223eedc500197b9095eff3391621f09cb231e266a4b0c7feaedd777eeff4962","","","assets/js/some_work_data.js","3582","text-url","https://drive.google.com/file/d/1DLZy72YanxKreFTID6oK5yQ7-AwxyVmf/view?usp=sharing","https://accounts.google.com/v3/signin/identifier?continue=https%3A%2F%2Fdrive.usercontent.google.com%2Fdownload%3Fid%3D1DLZy72YanxKreFTID6oK5yQ7-AwxyVmf%26export%3Ddownload&dsh=S-1962494319%3A1783943914856808&followup=https%3A%2F%2Fdrive.usercontent.google.com%2Fdownload%3Fid%3D1DLZy72YanxKreFTID6oK5yQ7-AwxyVmf%26export%3Ddownload&passive=1209600&service=wise&flowName=WebLiteSignIn&flowEntry=ServiceLogin&ifkv=Ac50bxs9lnnrAUWq0aQJNZGCZapwIN7XIkw-eTlPe3JfRgD0d11Kxo3N9yxBdgQh84vFvbQrTooPcA","1DLZy72YanxKreFTID6oK5yQ7-AwxyVmf","No likely offline artifact found; keep the manifest record and decide whether to hide the public link or rebuild the resource.","Ref Docs/Trust Signals/Client Logos/social-media-today-logo.png (30, artifact_candidate) | Ref Docs/Work/Public Speaking/Images/Event Banners/Growth Secrets - Social media amplificaiton.jfif (30, artifact_candidate) | Ref Docs/Work/Public Speaking/Images/Event Banners/Growth Secrets - Social Media.jfif (30, artifact_candidate)",""
"rpm-0289","Social / Some Work","Make the first one count","Square | Landscape","google-drive","not_public_auth_required","auth_required","200","re-share from an accessible account, replace, or hide","preserve manifest row; decide hide vs recreate","missing_artifact","Ref Docs/Trust Signals/Client Logos/social-media-today-logo.png","artifact_candidate","30",".png","30454","4223eedc500197b9095eff3391621f09cb231e266a4b0c7feaedd777eeff4962","","","assets/js/some_work_data.js","9422","text-url","https://drive.google.com/file/d/1dnFBCTNZMQpL8hVYg8y2S1LAu-cjDbRn/view?usp=sharing","https://accounts.google.com/v3/signin/identifier?continue=https%3A%2F%2Fdrive.usercontent.google.com%2Fdownload%3Fid%3D1dnFBCTNZMQpL8hVYg8y2S1LAu-cjDbRn%26export%3Ddownload&dsh=S-1962494319%3A1783943925938153&followup=https%3A%2F%2Fdrive.usercontent.google.com%2Fdownload%3Fid%3D1dnFBCTNZMQpL8hVYg8y2S1LAu-cjDbRn%26export%3Ddownload&passive=1209600&service=wise&flowName=WebLiteSignIn&flowEntry=ServiceLogin&ifkv=Ac50bxvpqn2fWJEZ8yoXbcIC0Gtf5u6W1PWWUTCDy9kpwUCcMHsPyTIVslstH1ZTJIW9TXq3AFhpcQ","1dnFBCTNZMQpL8hVYg8y2S1LAu-cjDbRn","No likely offline artifact found; keep the manifest record and decide whether to hide the public link or rebuild the resource.","Ref Docs/Trust Signals/Client Logos/social-media-today-logo.png (30, artifact_candidate) | Ref Docs/Work/Public Speaking/Images/Event Banners/Growth Secrets - Social media amplificaiton.jfif (30, artifact_candidate) | Ref Docs/Work/Public Speaking/Images/Event Banners/Growth Secrets - Social Media.jfif (30, artifact_candidate)",""
"rpm-0290","Social / Some Work","Social proof pays","Square","google-drive","not_public_auth_required","auth_required","200","re-share from an accessible account, replace, or hide","preserve manifest row; decide hide vs recreate","missing_artifact","Ref Docs/Trust Signals/Client Logos/social-media-today-logo.png","artifact_candidate","36",".png","30454","4223eedc500197b9095eff3391621f09cb231e266a4b0c7feaedd777eeff4962","","","assets/js/some_work_data.js","9138","text-url","https://drive.google.com/file/d/1dnw4wczF1U2ZY94h9hMKzloxTiP8BX7w/view?usp=sharing","https://accounts.google.com/v3/signin/identifier?continue=https%3A%2F%2Fdrive.usercontent.google.com%2Fdownload%3Fid%3D1dnw4wczF1U2ZY94h9hMKzloxTiP8BX7w%26export%3Ddownload&dsh=S-704453778%3A1783943924959566&followup=https%3A%2F%2Fdrive.usercontent.google.com%2Fdownload%3Fid%3D1dnw4wczF1U2ZY94h9hMKzloxTiP8BX7w%26export%3Ddownload&passive=1209600&service=wise&flowName=WebLiteSignIn&flowEntry=ServiceLogin&ifkv=Ac50bxupO5FUrUK3iHmTeSc8H3HZtlB8GyDqMZBXzlUWOb9HulMEu_LE2Nf0YZYrNVLCeylgqWgO","1dnw4wczF1U2ZY94h9hMKzloxTiP8BX7w","No likely offline artifact found; keep the manifest record and decide whether to hide the public link or rebuild the resource.","Ref Docs/Trust Signals/Client Logos/social-media-today-logo.png (36, artifact_candidate) | Ref Docs/Trust Signals/Client Logos/InEvent-squarelogo.png (32, artifact_candidate) | Ref Docs/Trust Signals/Client Logos/pinksquare.png (32, artifact_candidate) | Ref Docs/Work/Public Speaking/Images/Staff/square-collage.jpg (32, artifact_candidate) | Ref Docs/Work/Public Speaking/Images/Event Banners/Growth Secrets - Social media amplificaiton.jfif (30, artifact_candidate)",""
"rpm-0291","Social / Some Work","Innovation needs diverse viewpoints","Square","google-drive","not_public_auth_required","auth_required","200","re-share from an accessible account, replace, or hide","preserve manifest row; decide hide vs recreate","missing_artifact","Ref Docs/Work/Public Speaking/Images/Staff/square-collage.jpg","artifact_candidate","32",".jpg","255253","27ed996fdda1b2c944ba749e93852e39d03325feb1fac478e5bc55bdcb9210df","","","assets/js/some_work_data.js","3623","text-url","https://drive.google.com/file/d/1DrcNGa2PD2T2XdLbryBjCS-Zr_R9--To/view?usp=sharing","https://accounts.google.com/v3/signin/identifier?continue=https%3A%2F%2Fdrive.usercontent.google.com%2Fdownload%3Fid%3D1DrcNGa2PD2T2XdLbryBjCS-Zr_R9--To%26export%3Ddownload&dsh=S1178242601%3A1783943914991925&followup=https%3A%2F%2Fdrive.usercontent.google.com%2Fdownload%3Fid%3D1DrcNGa2PD2T2XdLbryBjCS-Zr_R9--To%26export%3Ddownload&passive=1209600&service=wise&flowName=WebLiteSignIn&flowEntry=ServiceLogin&ifkv=Ac50bxu264YkKbXFPXGXPOOmLpJvchSr1OC-78HBhQaX3x3ezT3iRIf8loeKtU5F6sc2K_EjCUYk","1DrcNGa2PD2T2XdLbryBjCS-Zr_R9--To","No likely offline artifact found; keep the manifest record and decide whether to hide the public link or rebuild the resource.","Ref Docs/Work/Public Speaking/Images/Staff/square-collage.jpg (32, artifact_candidate) | Ref Docs/Trust Signals/Client Logos/social-media-today-logo.png (30, artifact_candidate) | Ref Docs/Work/Public Speaking/Images/Event Banners/Growth Secrets - Social media amplificaiton.jfif (30, artifact_candidate) | Ref Docs/Work/Public Speaking/Images/Event Banners/Growth Secrets - Social Media.jfif (30, artifact_candidate) | Ref Docs/Trust Signals/Client Logos/InEvent-squarelogo.png (26, artifact_candidate)",""
"rpm-0292","Social / Some Work","28 Social media trends [2021 update] | 25 Best Articles to Boost Your Digital Marketing Strategy","Landscape","google-drive","not_public_auth_required","auth_required","200","re-share from an accessible account, replace, or hide","preserve manifest row; decide hide vs recreate","missing_artifact","Ref Docs/Trust Signals/Client Logos/social-media-today-logo.png","artifact_candidate","29",".png","30454","4223eedc500197b9095eff3391621f09cb231e266a4b0c7feaedd777eeff4962","","","assets/js/some_work_data.js","252","text-url","https://drive.google.com/file/d/1eAem8iNfkkIEqh5DU1jv9MhVegoq5fG6/view?usp=sharing","https://accounts.google.com/v3/signin/identifier?continue=https%3A%2F%2Fdrive.usercontent.google.com%2Fdownload%3Fid%3D1eAem8iNfkkIEqh5DU1jv9MhVegoq5fG6%26export%3Ddownload&dsh=S-2061722868%3A1783943907392801&followup=https%3A%2F%2Fdrive.usercontent.google.com%2Fdownload%3Fid%3D1eAem8iNfkkIEqh5DU1jv9MhVegoq5fG6%26export%3Ddownload&passive=1209600&service=wise&flowName=WebLiteSignIn&flowEntry=ServiceLogin&ifkv=Ac50bxsx6EA_CY7kGmctvJimZBE1d2jzdrOPAELRC1pGmwp91tLwOn6-LQRVzjkLEx1aawRl4nCdrQ","1eAem8iNfkkIEqh5DU1jv9MhVegoq5fG6","No likely offline artifact found; keep the manifest record and decide whether to hide the public link or rebuild the resource.","Ref Docs/Trust Signals/Client Logos/social-media-today-logo.png (29, artifact_candidate) | Ref Docs/Work/Public Speaking/Images/Event Banners/Growth Secrets - Social media amplificaiton.jfif (29, artifact_candidate) | Ref Docs/Work/Public Speaking/Images/Event Banners/Growth Secrets - Social Media.jfif (29, artifact_candidate)",""
"rpm-0293","Social / Some Work","Coffee in the Clouds - Episode Highlight 1 | The Product Startup Podcast - Product Videos 1","Square","google-drive","not_public_auth_required","auth_required","200","re-share from an accessible account, replace, or hide","preserve manifest row; decide hide vs recreate","missing_artifact","Ref Docs/Work/Public Speaking/Images/Staff/square-collage.jpg","artifact_candidate","32",".jpg","255253","27ed996fdda1b2c944ba749e93852e39d03325feb1fac478e5bc55bdcb9210df","","","assets/js/some_work_data.js","5332","text-url","https://drive.google.com/file/d/1EG1nqWrZN2V0KRwOIyhv80dguK7Nivvw/view?usp=sharing","https://accounts.google.com/v3/signin/identifier?continue=https%3A%2F%2Fdrive.usercontent.google.com%2Fdownload%3Fid%3D1EG1nqWrZN2V0KRwOIyhv80dguK7Nivvw%26export%3Ddownload&dsh=S-667281586%3A1783943918084083&followup=https%3A%2F%2Fdrive.usercontent.google.com%2Fdownload%3Fid%3D1EG1nqWrZN2V0KRwOIyhv80dguK7Nivvw%26export%3Ddownload&passive=1209600&service=wise&flowName=WebLiteSignIn&flowEntry=ServiceLogin&ifkv=Ac50bxu8rK3DIVGJSLd7fRSrtwwqEgNQtZj2RAt1nnzTt8avBteV5M_teg_YLt81MyI6MLDG6h4X","1EG1nqWrZN2V0KRwOIyhv80dguK7Nivvw","No likely offline artifact found; keep the manifest record and decide whether to hide the public link or rebuild the resource.","Ref Docs/Work/Public Speaking/Images/Staff/square-collage.jpg (32, artifact_candidate) | Ref Docs/Trust Signals/Client Logos/social-media-today-logo.png (29, artifact_candidate) | Ref Docs/Work/Public Speaking/Images/Event Banners/Growth Secrets - Social media amplificaiton.jfif (29, artifact_candidate) | Ref Docs/Work/Public Speaking/Images/Event Banners/Growth Secrets - Social Media.jfif (29, artifact_candidate) | Ref Docs/Trust Signals/Client Logos/InEvent-squarelogo.png (26, artifact_candidate)",""
"rpm-0294","Social / Some Work","Email Verification Tools: Validate Your Mailing List [2021] | Grassroots Marketing: Find Out How to Quickly Scale Your Business","Landscape","google-drive","not_public_auth_required","auth_required","200","re-share from an accessible account, replace, or hide","preserve manifest row; decide hide vs recreate","missing_artifact","Ref Docs/Trust Signals/Client Logos/social-media-today-logo.png","artifact_candidate","29",".png","30454","4223eedc500197b9095eff3391621f09cb231e266a4b0c7feaedd777eeff4962","","","assets/js/some_work_data.js","802","text-url","https://drive.google.com/file/d/1egkdz4PvEam9RxHL_BAl-GOHD58V-Sly/view?usp=sharing","https://accounts.google.com/v3/signin/identifier?continue=https%3A%2F%2Fdrive.usercontent.google.com%2Fdownload%3Fid%3D1egkdz4PvEam9RxHL_BAl-GOHD58V-Sly%26export%3Ddownload&dsh=S-1693982783%3A1783943909832402&followup=https%3A%2F%2Fdrive.usercontent.google.com%2Fdownload%3Fid%3D1egkdz4PvEam9RxHL_BAl-GOHD58V-Sly%26export%3Ddownload&passive=1209600&service=wise&flowName=WebLiteSignIn&flowEntry=ServiceLogin&ifkv=Ac50bxv76r_iYRuwCG8vsA1zEK2LNp9lEMDcjncmJL9E_l78nAA7ERAeEcQbnYD2OLlnuwOdpR3THA","1egkdz4PvEam9RxHL_BAl-GOHD58V-Sly","No likely offline artifact found; keep the manifest record and decide whether to hide the public link or rebuild the resource.","Ref Docs/Trust Signals/Client Logos/social-media-today-logo.png (29, artifact_candidate) | Ref Docs/Work/Public Speaking/Images/Event Banners/Growth Secrets - Social media amplificaiton.jfif (29, artifact_candidate) | Ref Docs/Work/Public Speaking/Images/Event Banners/Growth Secrets - Social Media.jfif (29, artifact_candidate)",""
"rpm-0295","Social / Some Work","Best Startup Podcast List: Discover Podcasts for Entrepreneurs [2021] | Ad Fatigue: What It Is and 15 Ways to Prevent It [2021]","Landscape","google-drive","not_public_auth_required","auth_required","200","re-share from an accessible account, replace, or hide","preserve manifest row; decide hide vs recreate","missing_artifact","Ref Docs/Trust Signals/Client Logos/social-media-today-logo.png","artifact_candidate","29",".png","30454","4223eedc500197b9095eff3391621f09cb231e266a4b0c7feaedd777eeff4962","","","assets/js/some_work_data.js","887","text-url","https://drive.google.com/file/d/1emRaphUzh5JDfvKDb51XetS6noRMTi9r/view?usp=sharing","https://accounts.google.com/v3/signin/identifier?continue=https%3A%2F%2Fdrive.usercontent.google.com%2Fdownload%3Fid%3D1emRaphUzh5JDfvKDb51XetS6noRMTi9r%26export%3Ddownload&dsh=S721579007%3A1783943909254307&followup=https%3A%2F%2Fdrive.usercontent.google.com%2Fdownload%3Fid%3D1emRaphUzh5JDfvKDb51XetS6noRMTi9r%26export%3Ddownload&passive=1209600&service=wise&flowName=WebLiteSignIn&flowEntry=ServiceLogin&ifkv=Ac50bxvsoLY51tiUL2tfJDfxffnaw4PJ-xxN3hKUbgu4yA8aOJRd9izjSo4QDQT_WrKg39CstGRxyg","1emRaphUzh5JDfvKDb51XetS6noRMTi9r","No likely offline artifact found; keep the manifest record and decide whether to hide the public link or rebuild the resource.","Ref Docs/Trust Signals/Client Logos/social-media-today-logo.png (29, artifact_candidate) | Ref Docs/Work/Public Speaking/Images/Event Banners/Growth Secrets - Social media amplificaiton.jfif (29, artifact_candidate) | Ref Docs/Work/Public Speaking/Images/Event Banners/Growth Secrets - Social Media.jfif (29, artifact_candidate)",""
"rpm-0296","Social / Some Work","70 Best Influencer Marketing Platforms: Find and Track Influencers [2021] | Branded Content: Branded Content Marketing for Any Business [2021]","Landscape","google-drive","not_public_auth_required","auth_required","200","re-share from an accessible account, replace, or hide","preserve manifest row; decide hide vs recreate","missing_artifact","Ref Docs/Trust Signals/Client Logos/social-media-today-logo.png","artifact_candidate","29",".png","30454","4223eedc500197b9095eff3391621f09cb231e266a4b0c7feaedd777eeff4962","","","assets/js/some_work_data.js","717","text-url","https://drive.google.com/file/d/1ENgShendfahCKdmRiqpcIj30dUV8B97f/view?usp=sharing","https://accounts.google.com/v3/signin/identifier?continue=https%3A%2F%2Fdrive.usercontent.google.com%2Fdownload%3Fid%3D1ENgShendfahCKdmRiqpcIj30dUV8B97f%26export%3Ddownload&dsh=S-1962494319%3A1783943908601895&followup=https%3A%2F%2Fdrive.usercontent.google.com%2Fdownload%3Fid%3D1ENgShendfahCKdmRiqpcIj30dUV8B97f%26export%3Ddownload&passive=1209600&service=wise&flowName=WebLiteSignIn&flowEntry=ServiceLogin&ifkv=Ac50bxsb-Qj5SU5ZVdHdRkq25V4lsJ_qiPXT59gSDQXH7gpup9n-DgvUAST7nzbSugFNJxcSaIje8g","1ENgShendfahCKdmRiqpcIj30dUV8B97f","No likely offline artifact found; keep the manifest record and decide whether to hide the public link or rebuild the resource.","Ref Docs/Trust Signals/Client Logos/social-media-today-logo.png (29, artifact_candidate) | Ref Docs/Work/Public Speaking/Images/Event Banners/Growth Secrets - Social media amplificaiton.jfif (29, artifact_candidate) | Ref Docs/Work/Public Speaking/Images/Event Banners/Growth Secrets - Social Media.jfif (29, artifact_candidate)",""
"rpm-0297","Social / Some Work","Who you gonna call, Klint Marketing","Landscape","google-drive","not_public_auth_required","auth_required","200","re-share from an accessible account, replace, or hide","preserve manifest row; decide hide vs recreate","missing_artifact","Ref Docs/Trust Signals/Client Logos/social-media-today-logo.png","artifact_candidate","30",".png","30454","4223eedc500197b9095eff3391621f09cb231e266a4b0c7feaedd777eeff4962","","","assets/js/some_work_data.js","3376","text-url","https://drive.google.com/file/d/1eoI0_BDl5xhf6RcrlLFtOZBs1AnNJmZj/view?usp=sharing","https://accounts.google.com/v3/signin/identifier?continue=https://drive.usercontent.google.com/download?id%3D1eoI0_BDl5xhf6RcrlLFtOZBs1AnNJmZj%26export%3Ddownload&followup=https://drive.usercontent.google.com/download?id%3D1eoI0_BDl5xhf6RcrlLFtOZBs1AnNJmZj%26export%3Ddownload&passive=1209600&service=wise&flowName=WebLiteSignIn&flowEntry=ServiceLogin&dsh=S-1962494319:1783943914441898","1eoI0_BDl5xhf6RcrlLFtOZBs1AnNJmZj","No likely offline artifact found; keep the manifest record and decide whether to hide the public link or rebuild the resource.","Ref Docs/Trust Signals/Client Logos/social-media-today-logo.png (30, artifact_candidate) | Ref Docs/Work/Public Speaking/Images/Event Banners/Growth Secrets - Social media amplificaiton.jfif (30, artifact_candidate) | Ref Docs/Work/Public Speaking/Images/Event Banners/Growth Secrets - Social Media.jfif (30, artifact_candidate)",""
"rpm-0298","Social / Some Work","Word of the week, Decuple","Landscape","google-drive","not_public_auth_required","auth_required","200","re-share from an accessible account, replace, or hide","preserve manifest row; decide hide vs recreate","missing_artifact","Ref Docs/Trust Signals/Client Logos/social-media-today-logo.png","artifact_candidate","30",".png","30454","4223eedc500197b9095eff3391621f09cb231e266a4b0c7feaedd777eeff4962","","","assets/js/some_work_data.js","3413","text-url","https://drive.google.com/file/d/1ezMLtNkg1sIg3j_DPuqfj3Hx6olEH-xR/view?usp=sharing","https://accounts.google.com/v3/signin/identifier?continue=https%3A%2F%2Fdrive.usercontent.google.com%2Fdownload%3Fid%3D1ezMLtNkg1sIg3j_DPuqfj3Hx6olEH-xR%26export%3Ddownload&dsh=S-1693982783%3A1783943914545261&followup=https%3A%2F%2Fdrive.usercontent.google.com%2Fdownload%3Fid%3D1ezMLtNkg1sIg3j_DPuqfj3Hx6olEH-xR%26export%3Ddownload&passive=1209600&service=wise&flowName=WebLiteSignIn&flowEntry=ServiceLogin&ifkv=Ac50bxuON1Wy44q8oWyKGm7fZkvBoD705nPcQt-Tp5cRmWdnbjblK7gHlCVojTgiRIsK-tWl7z-07Q","1ezMLtNkg1sIg3j_DPuqfj3Hx6olEH-xR","No likely offline artifact found; keep the manifest record and decide whether to hide the public link or rebuild the resource.","Ref Docs/Trust Signals/Client Logos/social-media-today-logo.png (30, artifact_candidate) | Ref Docs/Work/Public Speaking/Images/Event Banners/Growth Secrets - Social media amplificaiton.jfif (30, artifact_candidate) | Ref Docs/Work/Public Speaking/Images/Event Banners/Growth Secrets - Social Media.jfif (30, artifact_candidate)",""
"rpm-0299","Social / Some Work","Inbound sales techniques overview","Square","google-drive","not_public_auth_required","auth_required","200","re-share from an accessible account, replace, or hide","preserve manifest row; decide hide vs recreate","missing_artifact","Ref Docs/Work/Public Speaking/Images/Staff/square-collage.jpg","artifact_candidate","32",".jpg","255253","27ed996fdda1b2c944ba749e93852e39d03325feb1fac478e5bc55bdcb9210df","","","assets/js/some_work_data.js","1746","text-url","https://drive.google.com/file/d/1f4V7PoNJcQK4FxY4-o-ar0pKWXRmPDlu/view?usp=sharing","https://accounts.google.com/v3/signin/identifier?continue=https%3A%2F%2Fdrive.usercontent.google.com%2Fdownload%3Fid%3D1f4V7PoNJcQK4FxY4-o-ar0pKWXRmPDlu%26export%3Ddownload&dsh=S1178242601%3A1783943911247072&followup=https%3A%2F%2Fdrive.usercontent.google.com%2Fdownload%3Fid%3D1f4V7PoNJcQK4FxY4-o-ar0pKWXRmPDlu%26export%3Ddownload&passive=1209600&service=wise&flowName=WebLiteSignIn&flowEntry=ServiceLogin&ifkv=Ac50bxunM7I6MjcpN4xdBGASag5r6BXTUNthIKajp1M4uaSljbJJD5XYbzinmKTWkruhlcwqWN6Jjg","1f4V7PoNJcQK4FxY4-o-ar0pKWXRmPDlu","No likely offline artifact found; keep the manifest record and decide whether to hide the public link or rebuild the resource.","Ref Docs/Work/Public Speaking/Images/Staff/square-collage.jpg (32, artifact_candidate) | Ref Docs/Trust Signals/Client Logos/social-media-today-logo.png (30, artifact_candidate) | Ref Docs/Work/Public Speaking/Images/Event Banners/Growth Secrets - Social media amplificaiton.jfif (30, artifact_candidate) | Ref Docs/Work/Public Speaking/Images/Event Banners/Growth Secrets - Social Media.jfif (30, artifact_candidate) | Ref Docs/Trust Signals/Client Logos/InEvent-squarelogo.png (26, artifact_candidate)",""
"rpm-0300","Social / Some Work","The 32 Best Newsletter Tools (2021) | The Complete List: 32 of the Most Effective Data Analysis Tools","Article","google-drive","not_public_auth_required","auth_required","200","re-share from an accessible account, replace, or hide","preserve manifest row; decide hide vs recreate","missing_artifact","Ref Docs/Work/Writing/Archived_PDFs/Social Media Trends for 2020 (Marketing Edition) - Taylor [PDF].pdf","artifact_candidate","34",".pdf","191259","43a01a2477660d67f2140b114feb7c3f811af594bd0fc1d8fb8e64b446cb6607","","","assets/js/some_work_data.js","1243","text-url","https://drive.google.com/file/d/1F541A_308kXuS9BeG1ybSq_9ClUYZl7T/view?usp=sharing","https://accounts.google.com/v3/signin/identifier?continue=https%3A%2F%2Fdrive.usercontent.google.com%2Fdownload%3Fid%3D1F541A_308kXuS9BeG1ybSq_9ClUYZl7T%26export%3Ddownload&dsh=S1914323719%3A1783943909370166&followup=https%3A%2F%2Fdrive.usercontent.google.com%2Fdownload%3Fid%3D1F541A_308kXuS9BeG1ybSq_9ClUYZl7T%26export%3Ddownload&passive=1209600&service=wise&flowName=WebLiteSignIn&flowEntry=ServiceLogin&ifkv=Ac50bxuGVtxL7PY81jY4gbPY32YAaEERN9QnqmDSuKjbYA_m2LSpbMmMl3ejX915O7QptcRMOpqarQ","1F541A_308kXuS9BeG1ybSq_9ClUYZl7T","No likely offline artifact found; keep the manifest record and decide whether to hide the public link or rebuild the resource.","Ref Docs/Work/Writing/Archived_PDFs/Social Media Trends for 2020 (Marketing Edition) - Taylor [PDF].pdf (34, artifact_candidate) | Ref Docs/Trust Signals/Client Logos/social-media-today-logo.png (29, artifact_candidate) | Ref Docs/Work/Public Speaking/Images/Event Banners/Growth Secrets - Social media amplificaiton.jfif (29, artifact_candidate) | Ref Docs/Work/Public Speaking/Images/Event Banners/Growth Secrets - Social Media.jfif (29, artifact_candidate) | Ref Docs/Work/Writing/Archived_PDFs/AI in Social Media - Taylor [PDF].pdf (29, artifact_candidate)",""
"rpm-0301","Social / Some Work","Paid Social Ads ROI, Budgeting, and Forecasting (Falcon.io) | ContactPigeon: MarTech trends 2022 roundup","Square | Article","google-drive","not_public_auth_required","auth_required","200","re-share from an accessible account, replace, or hide","preserve manifest row; decide hide vs recreate","missing_artifact","Ref Docs/Trust Signals/Client Logos/social-media-today-logo.png","artifact_candidate","29",".png","30454","4223eedc500197b9095eff3391621f09cb231e266a4b0c7feaedd777eeff4962","","","assets/js/some_work_data.js","6321","text-url","https://drive.google.com/file/d/1fAT4WSfSnK2-ZC_xoB-x8LkrdXLasR7Y/view?usp=sharing","https://accounts.google.com/v3/signin/identifier?continue=https%3A%2F%2Fdrive.usercontent.google.com%2Fdownload%3Fid%3D1fAT4WSfSnK2-ZC_xoB-x8LkrdXLasR7Y%26export%3Ddownload&dsh=S-2061722868%3A1783943919693885&followup=https%3A%2F%2Fdrive.usercontent.google.com%2Fdownload%3Fid%3D1fAT4WSfSnK2-ZC_xoB-x8LkrdXLasR7Y%26export%3Ddownload&passive=1209600&service=wise&flowName=WebLiteSignIn&flowEntry=ServiceLogin&ifkv=Ac50bxuL3PTED7gSp_ypJTBS6qNwBuOASSGUTNf9-_0ui1g8o7qM__Hxm2z36RwvQlTMlYL66TQpaQ","1fAT4WSfSnK2-ZC_xoB-x8LkrdXLasR7Y","No likely offline artifact found; keep the manifest record and decide whether to hide the public link or rebuild the resource.","Ref Docs/Trust Signals/Client Logos/social-media-today-logo.png (29, artifact_candidate) | Ref Docs/Work/Public Speaking/Images/Event Banners/Growth Secrets - Social media amplificaiton.jfif (29, artifact_candidate) | Ref Docs/Work/Public Speaking/Images/Event Banners/Growth Secrets - Social Media.jfif (29, artifact_candidate)",""
"rpm-0302","Social / Some Work","Meet the Team: Andy Parker","Vertical | Landscape","google-drive","not_public_auth_required","auth_required","200","re-share from an accessible account, replace, or hide","preserve manifest row; decide hide vs recreate","missing_artifact","Ref Docs/Trust Signals/Client Logos/social-media-today-logo.png","artifact_candidate","30",".png","30454","4223eedc500197b9095eff3391621f09cb231e266a4b0c7feaedd777eeff4962","","","assets/js/some_work_data.js","2709","text-url","https://drive.google.com/file/d/1Fddx-dJeBqS6-B8RXKqPKJR7NpTOM87H/view?usp=sharing","https://accounts.google.com/v3/signin/identifier?continue=https%3A%2F%2Fdrive.usercontent.google.com%2Fdownload%3Fid%3D1Fddx-dJeBqS6-B8RXKqPKJR7NpTOM87H%26export%3Ddownload&dsh=S-217459539%3A1783943912925416&followup=https%3A%2F%2Fdrive.usercontent.google.com%2Fdownload%3Fid%3D1Fddx-dJeBqS6-B8RXKqPKJR7NpTOM87H%26export%3Ddownload&passive=1209600&service=wise&flowName=WebLiteSignIn&flowEntry=ServiceLogin&ifkv=Ac50bxvFHXjmc7ySDO4zGaJrop-Kj-sPhiBDUsvV_0fGg0hpUK3ClRzPQHuGc6nloNUKwqNvAWbf","1Fddx-dJeBqS6-B8RXKqPKJR7NpTOM87H","No likely offline artifact found; keep the manifest record and decide whether to hide the public link or rebuild the resource.","Ref Docs/Trust Signals/Client Logos/social-media-today-logo.png (30, artifact_candidate) | Ref Docs/Work/Public Speaking/Images/Event Banners/Growth Secrets - Social media amplificaiton.jfif (30, artifact_candidate) | Ref Docs/Work/Public Speaking/Images/Event Banners/Growth Secrets - Social Media.jfif (30, artifact_candidate)",""
"rpm-0303","Social / Some Work","New Client Alert: Marda Swimwear","Square | Landscape","google-drive","not_public_auth_required","auth_required","200","re-share from an accessible account, replace, or hide","preserve manifest row; decide hide vs recreate","missing_artifact","Ref Docs/Trust Signals/Client Logos/social-media-today-logo.png","artifact_candidate","36",".png","30454","4223eedc500197b9095eff3391621f09cb231e266a4b0c7feaedd777eeff4962","","","assets/js/some_work_data.js","6462","text-url","https://drive.google.com/file/d/1fk4fejd_kUg9KeGPI2zdgIp12vdKFpRQ/view?usp=sharing","https://accounts.google.com/v3/signin/identifier?continue=https%3A%2F%2Fdrive.usercontent.google.com%2Fdownload%3Fid%3D1fk4fejd_kUg9KeGPI2zdgIp12vdKFpRQ%26export%3Ddownload&dsh=S1178242601%3A1783943919918579&followup=https%3A%2F%2Fdrive.usercontent.google.com%2Fdownload%3Fid%3D1fk4fejd_kUg9KeGPI2zdgIp12vdKFpRQ%26export%3Ddownload&passive=1209600&service=wise&flowName=WebLiteSignIn&flowEntry=ServiceLogin&ifkv=Ac50bxsV5ljnnatp8rIcxB-VBXe_V1MPkadtH-EeY__090qohkiVMe5JZIrfJSfVfH_s6Ms5mZfE7A","1fk4fejd_kUg9KeGPI2zdgIp12vdKFpRQ","No likely offline artifact found; keep the manifest record and decide whether to hide the public link or rebuild the resource.","Ref Docs/Trust Signals/Client Logos/social-media-today-logo.png (36, artifact_candidate) | Ref Docs/Work/Public Speaking/Images/Event Banners/Growth Secrets - Social media amplificaiton.jfif (30, artifact_candidate) | Ref Docs/Work/Public Speaking/Images/Event Banners/Growth Secrets - Social Media.jfif (30, artifact_candidate) | Ref Docs/Trust Signals/Client Logos/SocialMediaManageren.png (24, artifact_candidate)",""
"rpm-0304","Social / Some Work","Meet Dziugas, Graphics Designer Intern","Square | Landscape","google-drive","not_public_auth_required","auth_required","200","re-share from an accessible account, replace, or hide","preserve manifest row; decide hide vs recreate","missing_artifact","Ref Docs/Trust Signals/Client Logos/social-media-today-logo.png","artifact_candidate","30",".png","30454","4223eedc500197b9095eff3391621f09cb231e266a4b0c7feaedd777eeff4962","","","assets/js/some_work_data.js","2200","text-url","https://drive.google.com/file/d/1FNI4ESs0oC00Ct-py7sllilCagEguinj/view?usp=sharing","https://accounts.google.com/v3/signin/identifier?continue=https%3A%2F%2Fdrive.usercontent.google.com%2Fdownload%3Fid%3D1FNI4ESs0oC00Ct-py7sllilCagEguinj%26export%3Ddownload&dsh=S-1693982783%3A1783943911582937&followup=https%3A%2F%2Fdrive.usercontent.google.com%2Fdownload%3Fid%3D1FNI4ESs0oC00Ct-py7sllilCagEguinj%26export%3Ddownload&passive=1209600&service=wise&flowName=WebLiteSignIn&flowEntry=ServiceLogin&ifkv=Ac50bxvTgcJTmQzbWQBqZAbCjqwjE5rvFxrKwCZaV4aZzp4kw5tetj5Q--YTBkiL8CuBjzdV_Cyabw","1FNI4ESs0oC00Ct-py7sllilCagEguinj","No likely offline artifact found; keep the manifest record and decide whether to hide the public link or rebuild the resource.","Ref Docs/Trust Signals/Client Logos/social-media-today-logo.png (30, artifact_candidate) | Ref Docs/Work/Public Speaking/Images/Event Banners/Growth Secrets - Social media amplificaiton.jfif (30, artifact_candidate) | Ref Docs/Work/Public Speaking/Images/Event Banners/Growth Secrets - Social Media.jfif (30, artifact_candidate)",""
"rpm-0305","Social / Some Work","Meet the Team: Pauline | Meet the Team: Elena","Landscape","google-drive","not_public_auth_required","auth_required","200","re-share from an accessible account, replace, or hide","preserve manifest row; decide hide vs recreate","missing_artifact","Ref Docs/Work/Public Speaking/Images/Event Banners/Growth Secrets - Social media amplificaiton.jfif","artifact_candidate","35",".jfif","36003","7e12e68e3b070870ba4d9300f2bd5220b909eacf9131237c3f41ffc00c9fbd46","","","assets/js/some_work_data.js","2863","text-url","https://drive.google.com/file/d/1FOACvndq2BFJA_HODDaxkO_OC_FSI-m1/view?usp=sharing","https://accounts.google.com/v3/signin/identifier?continue=https%3A%2F%2Fdrive.usercontent.google.com%2Fdownload%3Fid%3D1FOACvndq2BFJA_HODDaxkO_OC_FSI-m1%26export%3Ddownload&dsh=S-1962494319%3A1783943913541977&followup=https%3A%2F%2Fdrive.usercontent.google.com%2Fdownload%3Fid%3D1FOACvndq2BFJA_HODDaxkO_OC_FSI-m1%26export%3Ddownload&passive=1209600&service=wise&flowName=WebLiteSignIn&flowEntry=ServiceLogin&ifkv=Ac50bxuaR2BzElAvFbspCFmkzloQC2ivodjDPLN_8PEDHI0ynkNUP9jKMuXxg9v6eFl0xds8_sAx-Q","1FOACvndq2BFJA_HODDaxkO_OC_FSI-m1","No likely offline artifact found; keep the manifest record and decide whether to hide the public link or rebuild the resource.","Ref Docs/Work/Public Speaking/Images/Event Banners/Growth Secrets - Social media amplificaiton.jfif (35, artifact_candidate) | Ref Docs/Work/Public Speaking/Images/Event Banners/Growth Secrets - Social Media.jfif (35, artifact_candidate) | Ref Docs/Trust Signals/Client Logos/social-media-today-logo.png (29, artifact_candidate) | Ref Docs/Work/Public Speaking/Images/Event Banners/SocialMediaManageren19.png (24, artifact_candidate)",""
"rpm-0306","Social / Some Work","Meet the Team: Elena","Square | Landscape","google-drive","not_public_auth_required","auth_required","200","re-share from an accessible account, replace, or hide","preserve manifest row; decide hide vs recreate","missing_artifact","Ref Docs/Work/Public Speaking/Images/Event Banners/Growth Secrets - Social media amplificaiton.jfif","artifact_candidate","35",".jfif","36003","7e12e68e3b070870ba4d9300f2bd5220b909eacf9131237c3f41ffc00c9fbd46","","","assets/js/some_work_data.js","2844","text-url","https://drive.google.com/file/d/1fQjDuItlOPWbvjptVbPsxALVtBKfkgXG/view?usp=sharing","https://accounts.google.com/v3/signin/identifier?continue=https%3A%2F%2Fdrive.usercontent.google.com%2Fdownload%3Fid%3D1fQjDuItlOPWbvjptVbPsxALVtBKfkgXG%26export%3Ddownload&dsh=S-2061722868%3A1783943913489809&followup=https%3A%2F%2Fdrive.usercontent.google.com%2Fdownload%3Fid%3D1fQjDuItlOPWbvjptVbPsxALVtBKfkgXG%26export%3Ddownload&passive=1209600&service=wise&flowName=WebLiteSignIn&flowEntry=ServiceLogin&ifkv=Ac50bxt-sD7Y8SOZ2476DbXJofgEeiHT21V0H9sX60FtBuPehdiR-ynLivaIMEjEJwj0sRYrKREN4A","1fQjDuItlOPWbvjptVbPsxALVtBKfkgXG","No likely offline artifact found; keep the manifest record and decide whether to hide the public link or rebuild the resource.","Ref Docs/Work/Public Speaking/Images/Event Banners/Growth Secrets - Social media amplificaiton.jfif (35, artifact_candidate) | Ref Docs/Work/Public Speaking/Images/Event Banners/Growth Secrets - Social Media.jfif (35, artifact_candidate) | Ref Docs/Trust Signals/Client Logos/social-media-today-logo.png (29, artifact_candidate) | Ref Docs/Work/Public Speaking/Images/Event Banners/SocialMediaManageren19.png (24, artifact_candidate)",""
"rpm-0307","Social / Some Work","Focus on customer needs","Square | Vertical","google-drive","not_public_auth_required","auth_required","200","re-share from an accessible account, replace, or hide","preserve manifest row; decide hide vs recreate","missing_artifact","Ref Docs/Trust Signals/Client Logos/social-media-today-logo.png","artifact_candidate","30",".png","30454","4223eedc500197b9095eff3391621f09cb231e266a4b0c7feaedd777eeff4962","","","assets/js/some_work_data.js","3767","text-url","https://drive.google.com/file/d/1FqTQWySizCiZJPtfFt9mpGFV4K0RSHMv/view?usp=sharing","https://accounts.google.com/v3/signin/identifier?continue=https%3A%2F%2Fdrive.usercontent.google.com%2Fdownload%3Fid%3D1FqTQWySizCiZJPtfFt9mpGFV4K0RSHMv%26export%3Ddownload&dsh=S570785647%3A1783943915339898&followup=https%3A%2F%2Fdrive.usercontent.google.com%2Fdownload%3Fid%3D1FqTQWySizCiZJPtfFt9mpGFV4K0RSHMv%26export%3Ddownload&passive=1209600&service=wise&flowName=WebLiteSignIn&flowEntry=ServiceLogin&ifkv=Ac50bxtKWw96KEjGcmk8QuCO4z8Du-T9Krh14dTTCtBRHEg_hhiCtR5Fb6hBD_iJJ7xs-440ZkrIkA","1FqTQWySizCiZJPtfFt9mpGFV4K0RSHMv","No likely offline artifact found; keep the manifest record and decide whether to hide the public link or rebuild the resource.","Ref Docs/Trust Signals/Client Logos/social-media-today-logo.png (30, artifact_candidate) | Ref Docs/Work/Public Speaking/Images/Event Banners/Growth Secrets - Social media amplificaiton.jfif (30, artifact_candidate) | Ref Docs/Work/Public Speaking/Images/Event Banners/Growth Secrets - Social Media.jfif (30, artifact_candidate)",""
"rpm-0308","Social / Some Work","Paid Social Ads ROI, Budgeting, and Forecasting (Falcon.io) | ContactPigeon: MarTech trends 2022 roundup","Article","google-drive","not_public_auth_required","auth_required","200","re-share from an accessible account, replace, or hide","preserve manifest row; decide hide vs recreate","missing_artifact","Ref Docs/Work/Writing/Archived_PDFs/Social Media Trends for 2020 (Marketing Edition) - Taylor [PDF].pdf","artifact_candidate","35",".pdf","191259","43a01a2477660d67f2140b114feb7c3f811af594bd0fc1d8fb8e64b446cb6607","","","assets/js/some_work_data.js","6313","text-url","https://drive.google.com/file/d/1fRNRYk5Fw9amAtbkaaE5FtYmtVqFSiHD/view?usp=sharing","https://accounts.google.com/v3/signin/identifier?continue=https%3A%2F%2Fdrive.usercontent.google.com%2Fdownload%3Fid%3D1fRNRYk5Fw9amAtbkaaE5FtYmtVqFSiHD%26export%3Ddownload&dsh=S570785647%3A1783943919507729&followup=https%3A%2F%2Fdrive.usercontent.google.com%2Fdownload%3Fid%3D1fRNRYk5Fw9amAtbkaaE5FtYmtVqFSiHD%26export%3Ddownload&passive=1209600&service=wise&flowName=WebLiteSignIn&flowEntry=ServiceLogin&ifkv=Ac50bxu35R_rQxMAKHpIKmxJdEW-Mbni9IsNiER2YJyxQZyOCbXN3Qt8VsHMe_48HFMH8WdSOPYzRg","1fRNRYk5Fw9amAtbkaaE5FtYmtVqFSiHD","No likely offline artifact found; keep the manifest record and decide whether to hide the public link or rebuild the resource.","Ref Docs/Work/Writing/Archived_PDFs/Social Media Trends for 2020 (Marketing Edition) - Taylor [PDF].pdf (35, artifact_candidate) | Ref Docs/Work/Writing/Archived_PDFs/Martech Trends 2022 48 Industry Experts Share - Taylor [PDF].pdf (31, artifact_candidate) | Ref Docs/Work/Writing/Example PDFs/screencapture-blog-contactpigeon-martech-trends-2022-2026-01-05-15_53_09.pdf (31, artifact_candidate) | Ref Docs/Trust Signals/Client Logos/social-media-today-logo.png (30, artifact_candidate) | Ref Docs/Work/Public Speaking/Images/Event Banners/Growth Secrets - Social media amplificaiton.jfif (30, artifact_candidate)",""
"rpm-0309","Social / Some Work","Meet the Team: Arthur | Meet the Team: Gaetan Herry","Landscape","google-drive","not_public_auth_required","auth_required","200","re-share from an accessible account, replace, or hide","preserve manifest row; decide hide vs recreate","missing_artifact","Ref Docs/Trust Signals/Client Logos/social-media-today-logo.png","artifact_candidate","30",".png","30454","4223eedc500197b9095eff3391621f09cb231e266a4b0c7feaedd777eeff4962","","","assets/js/some_work_data.js","2674","text-url","https://drive.google.com/file/d/1ftLJIJSKLDLAFNt1F_9k3Ti-zx0dSn5V/view?usp=sharing","https://accounts.google.com/v3/signin/identifier?continue=https%3A%2F%2Fdrive.usercontent.google.com%2Fdownload%3Fid%3D1ftLJIJSKLDLAFNt1F_9k3Ti-zx0dSn5V%26export%3Ddownload&dsh=S1914323719%3A1783943912815725&followup=https%3A%2F%2Fdrive.usercontent.google.com%2Fdownload%3Fid%3D1ftLJIJSKLDLAFNt1F_9k3Ti-zx0dSn5V%26export%3Ddownload&passive=1209600&service=wise&flowName=WebLiteSignIn&flowEntry=ServiceLogin&ifkv=Ac50bxuSv0XKtxMutNAO7ioQv9UeVUkBBxN__-YxHat-jt37pCqsdLdMDuURo9VS1mCsA4XPZe1NxQ","1ftLJIJSKLDLAFNt1F_9k3Ti-zx0dSn5V","No likely offline artifact found; keep the manifest record and decide whether to hide the public link or rebuild the resource.","Ref Docs/Trust Signals/Client Logos/social-media-today-logo.png (30, artifact_candidate) | Ref Docs/Work/Public Speaking/Images/Event Banners/Growth Secrets - Social media amplificaiton.jfif (30, artifact_candidate) | Ref Docs/Work/Public Speaking/Images/Event Banners/Growth Secrets - Social Media.jfif (30, artifact_candidate)",""
"rpm-0310","Social / Some Work","Reputation Capital - Building a Business in the Dark | Wild Business Growth - What is AI and the Potential it has in Marketing","Square","google-drive","not_public_auth_required","auth_required","200","re-share from an accessible account, replace, or hide","preserve manifest row; decide hide vs recreate","missing_artifact","Ref Docs/Work/Public Speaking/Images/Event Banners/Growth Secrets - Social media amplificaiton.jfif","artifact_candidate","35",".jfif","36003","7e12e68e3b070870ba4d9300f2bd5220b909eacf9131237c3f41ffc00c9fbd46","","","assets/js/some_work_data.js","5248","text-url","https://drive.google.com/file/d/1Fw31z4iYSYeTooXsaTVz8qXn3Jw1xXxO/view?usp=sharing","https://accounts.google.com/v3/signin/identifier?continue=https%3A%2F%2Fdrive.usercontent.google.com%2Fdownload%3Fid%3D1Fw31z4iYSYeTooXsaTVz8qXn3Jw1xXxO%26export%3Ddownload&dsh=S-217459539%3A1783943917978928&followup=https%3A%2F%2Fdrive.usercontent.google.com%2Fdownload%3Fid%3D1Fw31z4iYSYeTooXsaTVz8qXn3Jw1xXxO%26export%3Ddownload&passive=1209600&service=wise&flowName=WebLiteSignIn&flowEntry=ServiceLogin&ifkv=Ac50bxvRifF2CoKR78nxjGHBP7TxwZexLZ6luashoLULAz2hNIYWNwvO62rvS8NfAySeoA3WycRE","1Fw31z4iYSYeTooXsaTVz8qXn3Jw1xXxO","No likely offline artifact found; keep the manifest record and decide whether to hide the public link or rebuild the resource.","Ref Docs/Work/Public Speaking/Images/Event Banners/Growth Secrets - Social media amplificaiton.jfif (35, artifact_candidate) | Ref Docs/Work/Public Speaking/Images/Event Banners/Growth Secrets - Social Media.jfif (35, artifact_candidate) | Ref Docs/Work/Public Speaking/Images/Staff/square-collage.jpg (32, artifact_candidate) | Ref Docs/Trust Signals/Client Logos/social-media-today-logo.png (29, artifact_candidate) | Ref Docs/Trust Signals/Client Logos/InEvent-squarelogo.png (26, artifact_candidate)",""
"rpm-0311","Social / Some Work","Conviction and self-belief | Make the first one count","Landscape","google-drive","not_public_auth_required","auth_required","200","re-share from an accessible account, replace, or hide","preserve manifest row; decide hide vs recreate","missing_artifact","Ref Docs/Trust Signals/Client Logos/social-media-today-logo.png","artifact_candidate","29",".png","30454","4223eedc500197b9095eff3391621f09cb231e266a4b0c7feaedd777eeff4962","","","assets/js/some_work_data.js","9443","text-url","https://drive.google.com/file/d/1fWqwFItmHzybggWPPWCNgJip6aSvOJ-R/view?usp=sharing","https://accounts.google.com/v3/signin/identifier?continue=https%3A%2F%2Fdrive.usercontent.google.com%2Fdownload%3Fid%3D1fWqwFItmHzybggWPPWCNgJip6aSvOJ-R%26export%3Ddownload&dsh=S1258602089%3A1783943925969436&followup=https%3A%2F%2Fdrive.usercontent.google.com%2Fdownload%3Fid%3D1fWqwFItmHzybggWPPWCNgJip6aSvOJ-R%26export%3Ddownload&passive=1209600&service=wise&flowName=WebLiteSignIn&flowEntry=ServiceLogin&ifkv=Ac50bxsfPlmP-fs8B_-4-VeVqBlDSo7Why5iFdHF0J3H9O7B7IILHKVZ8JN0PDILcXqJlpx7wQ0T","1fWqwFItmHzybggWPPWCNgJip6aSvOJ-R","No likely offline artifact found; keep the manifest record and decide whether to hide the public link or rebuild the resource.","Ref Docs/Trust Signals/Client Logos/social-media-today-logo.png (29, artifact_candidate) | Ref Docs/Work/Public Speaking/Images/Event Banners/Growth Secrets - Social media amplificaiton.jfif (29, artifact_candidate) | Ref Docs/Work/Public Speaking/Images/Event Banners/Growth Secrets - Social Media.jfif (29, artifact_candidate)",""
"rpm-0312","Social / Some Work","Meet the Team: Taylor Ryan","Vertical | Square","google-drive","not_public_auth_required","auth_required","200","re-share from an accessible account, replace, or hide","preserve manifest row; decide hide vs recreate","missing_artifact","Ref Docs/Trust Signals/Client Logos/social-media-today-logo.png","artifact_candidate","30",".png","30454","4223eedc500197b9095eff3391621f09cb231e266a4b0c7feaedd777eeff4962","","","assets/js/some_work_data.js","2531","text-url","https://drive.google.com/file/d/1FY4vBaYWfl026JEycf-Wt0qJoRPOjeMs/view?usp=sharing","https://accounts.google.com/v3/signin/identifier?continue=https%3A%2F%2Fdrive.usercontent.google.com%2Fdownload%3Fid%3D1FY4vBaYWfl026JEycf-Wt0qJoRPOjeMs%26export%3Ddownload&dsh=S84258311%3A1783943912533908&followup=https%3A%2F%2Fdrive.usercontent.google.com%2Fdownload%3Fid%3D1FY4vBaYWfl026JEycf-Wt0qJoRPOjeMs%26export%3Ddownload&passive=1209600&service=wise&flowName=WebLiteSignIn&flowEntry=ServiceLogin&ifkv=Ac50bxu8__w0hGGMKdgLARNrZfIBGnEy6xaj0krtw7IAxDS45qqYdDSVCKTAG68dwZQFSMB_coXHZA","1FY4vBaYWfl026JEycf-Wt0qJoRPOjeMs","No likely offline artifact found; keep the manifest record and decide whether to hide the public link or rebuild the resource.","Ref Docs/Trust Signals/Client Logos/social-media-today-logo.png (30, artifact_candidate) | Ref Docs/Work/Public Speaking/Images/Event Banners/Growth Secrets - Social media amplificaiton.jfif (30, artifact_candidate) | Ref Docs/Work/Public Speaking/Images/Event Banners/Growth Secrets - Social Media.jfif (30, artifact_candidate)",""
"rpm-0313","Social / Some Work","27 Content Writing Samples | Best Tools To Create An Unbelievably Attractive Business Infographic","Article","google-drive","not_public_auth_required","auth_required","200","re-share from an accessible account, replace, or hide","preserve manifest row; decide hide vs recreate","missing_artifact","Ref Docs/Work/Writing/Archived_PDFs/AI in Social Media - Taylor [PDF].pdf","artifact_candidate","35",".pdf","3199224","30789c999229692c7e6d16c1d851974ad443f0068d79b138a2c7043fa804d4aa","","","assets/js/some_work_data.js","1190","text-url","https://drive.google.com/file/d/1FYvAVWtWgeZU-3e8EIvPbno6VgtVuDjc/view?usp=sharing","https://accounts.google.com/v3/signin/identifier?continue=https%3A%2F%2Fdrive.usercontent.google.com%2Fdownload%3Fid%3D1FYvAVWtWgeZU-3e8EIvPbno6VgtVuDjc%26export%3Ddownload&dsh=S84258311%3A1783943909296673&followup=https%3A%2F%2Fdrive.usercontent.google.com%2Fdownload%3Fid%3D1FYvAVWtWgeZU-3e8EIvPbno6VgtVuDjc%26export%3Ddownload&passive=1209600&service=wise&flowName=WebLiteSignIn&flowEntry=ServiceLogin&ifkv=Ac50bxsTZu-Yy6oBQKMm1n4gLMCsnEoGXfi6Di6KwuKIfIjppT6G8qsP6eONBPpfVzlgb8g0veqQsA","1FYvAVWtWgeZU-3e8EIvPbno6VgtVuDjc","No likely offline artifact found; keep the manifest record and decide whether to hide the public link or rebuild the resource.","Ref Docs/Work/Writing/Archived_PDFs/AI in Social Media - Taylor [PDF].pdf (35, artifact_candidate) | Ref Docs/Work/Writing/Archived_PDFs/Social Media Trends for 2020 (Marketing Edition) - Taylor [PDF].pdf (35, artifact_candidate) | Ref Docs/Trust Signals/Client Logos/social-media-today-logo.png (29, artifact_candidate) | Ref Docs/Work/Public Speaking/Images/Event Banners/Growth Secrets - Social media amplificaiton.jfif (29, artifact_candidate) | Ref Docs/Work/Public Speaking/Images/Event Banners/Growth Secrets - Social Media.jfif (29, artifact_candidate)",""
"rpm-0314","Social / Some Work","Article Feature: Starter Story Interview | Podcast: Building Business in the Dark (Reputation Capital)","Landscape","google-drive","not_public_auth_required","auth_required","200","re-share from an accessible account, replace, or hide","preserve manifest row; decide hide vs recreate","missing_artifact","Ref Docs/Trust Signals/Client Logos/social-media-today-logo.png","artifact_candidate","29",".png","30454","4223eedc500197b9095eff3391621f09cb231e266a4b0c7feaedd777eeff4962","","","assets/js/some_work_data.js","6657","text-url","https://drive.google.com/file/d/1g1do88NDRtwnUbmZQ7jAhxd23HILMPkV/view?usp=sharing","https://accounts.google.com/v3/signin/identifier?continue=https%3A%2F%2Fdrive.usercontent.google.com%2Fdownload%3Fid%3D1g1do88NDRtwnUbmZQ7jAhxd23HILMPkV%26export%3Ddownload&dsh=S1495839738%3A1783943920359962&followup=https%3A%2F%2Fdrive.usercontent.google.com%2Fdownload%3Fid%3D1g1do88NDRtwnUbmZQ7jAhxd23HILMPkV%26export%3Ddownload&passive=1209600&service=wise&flowName=WebLiteSignIn&flowEntry=ServiceLogin&ifkv=Ac50bxvkbXbdN8YWkBuce-erawPOyNFbWH7jDVu4o0y-ZNSdFAI-Hcd0nIDcSanac5cbiJtlgaEUXg","1g1do88NDRtwnUbmZQ7jAhxd23HILMPkV","No likely offline artifact found; keep the manifest record and decide whether to hide the public link or rebuild the resource.","Ref Docs/Trust Signals/Client Logos/social-media-today-logo.png (29, artifact_candidate) | Ref Docs/Work/Public Speaking/Images/Event Banners/Growth Secrets - Social media amplificaiton.jfif (29, artifact_candidate) | Ref Docs/Work/Public Speaking/Images/Event Banners/Growth Secrets - Social Media.jfif (29, artifact_candidate)",""
"rpm-0315","Social / Some Work","The Ultimate Guide to Customer Perception","Landscape","google-drive","not_public_auth_required","auth_required","200","re-share from an accessible account, replace, or hide","preserve manifest row; decide hide vs recreate","missing_artifact","Ref Docs/Work/Writing/Archived_PDFs/AI in Social Media - Taylor [PDF].pdf","artifact_candidate","29",".pdf","3199224","30789c999229692c7e6d16c1d851974ad443f0068d79b138a2c7043fa804d4aa","","","assets/js/some_work_data.js","1457","text-url","https://drive.google.com/file/d/1GAEEuEt20CUi27bfrhLJIkEbRqft7eVb/view?usp=sharing","https://accounts.google.com/v3/signin/identifier?continue=https%3A%2F%2Fdrive.usercontent.google.com%2Fdownload%3Fid%3D1GAEEuEt20CUi27bfrhLJIkEbRqft7eVb%26export%3Ddownload&dsh=S570785647%3A1783943910559550&followup=https%3A%2F%2Fdrive.usercontent.google.com%2Fdownload%3Fid%3D1GAEEuEt20CUi27bfrhLJIkEbRqft7eVb%26export%3Ddownload&passive=1209600&service=wise&flowName=WebLiteSignIn&flowEntry=ServiceLogin&ifkv=Ac50bxvW_PS9xkNeRzG9x46nSNTLpWp7oFiuvNMQRzehKVvo5SSsLckGWzye8PUyMiUkGj6bAtdDdA","1GAEEuEt20CUi27bfrhLJIkEbRqft7eVb","No likely offline artifact found; keep the manifest record and decide whether to hide the public link or rebuild the resource.","Ref Docs/Work/Writing/Archived_PDFs/AI in Social Media - Taylor [PDF].pdf (29, artifact_candidate) | Ref Docs/Work/Writing/Archived_PDFs/Social Media Trends for 2020 (Marketing Edition) - Taylor [PDF].pdf (29, artifact_candidate) | Ref Docs/Work/Writing/Archived_PDFs/What Is Customer Perception and How to - Taylor [PDF].pdf (24, artifact_candidate)",""
"rpm-0316","Social / Some Work","Meet the Team: Guna","Vertical | Square","google-drive","not_public_auth_required","auth_required","200","re-share from an accessible account, replace, or hide","preserve manifest row; decide hide vs recreate","missing_artifact","Ref Docs/Trust Signals/Client Logos/social-media-today-logo.png","artifact_candidate","30",".png","30454","4223eedc500197b9095eff3391621f09cb231e266a4b0c7feaedd777eeff4962","","","assets/js/some_work_data.js","2736","text-url","https://drive.google.com/file/d/1GOgKu9PLv0mKJnzRynvocFgOkbRL6WCV/view?usp=sharing","https://accounts.google.com/v3/signin/identifier?continue=https%3A%2F%2Fdrive.usercontent.google.com%2Fdownload%3Fid%3D1GOgKu9PLv0mKJnzRynvocFgOkbRL6WCV%26export%3Ddownload&dsh=S570785647%3A1783943913023307&followup=https%3A%2F%2Fdrive.usercontent.google.com%2Fdownload%3Fid%3D1GOgKu9PLv0mKJnzRynvocFgOkbRL6WCV%26export%3Ddownload&passive=1209600&service=wise&flowName=WebLiteSignIn&flowEntry=ServiceLogin&ifkv=Ac50bxupBZUD1GxLXWZBq9ir68tPMuR0I4Zh7UtCV2xq4fL2H6SsVqXCqp7c_8mfkND1_Ff0loNO","1GOgKu9PLv0mKJnzRynvocFgOkbRL6WCV","No likely offline artifact found; keep the manifest record and decide whether to hide the public link or rebuild the resource.","Ref Docs/Trust Signals/Client Logos/social-media-today-logo.png (30, artifact_candidate) | Ref Docs/Work/Public Speaking/Images/Event Banners/Growth Secrets - Social media amplificaiton.jfif (30, artifact_candidate) | Ref Docs/Work/Public Speaking/Images/Event Banners/Growth Secrets - Social Media.jfif (30, artifact_candidate)",""
"rpm-0317","Social / Some Work","Breakout Podcast | Marketing Secrets Sales Development - Social Channels","Square","google-drive","not_public_auth_required","auth_required","200","re-share from an accessible account, replace, or hide","preserve manifest row; decide hide vs recreate","missing_artifact","Ref Docs/Work/Public Speaking/Images/Event Banners/Growth Secrets - Social media amplificaiton.jfif","artifact_candidate","35",".jfif","36003","7e12e68e3b070870ba4d9300f2bd5220b909eacf9131237c3f41ffc00c9fbd46","","","assets/js/some_work_data.js","5388","text-url","https://drive.google.com/file/d/1GPaXsMy2BxmPnM8uBfHUsSKUxWTJkKSj/view?usp=sharing","https://accounts.google.com/v3/signin/identifier?continue=https%3A%2F%2Fdrive.usercontent.google.com%2Fdownload%3Fid%3D1GPaXsMy2BxmPnM8uBfHUsSKUxWTJkKSj%26export%3Ddownload&dsh=S-2061722868%3A1783943918330541&followup=https%3A%2F%2Fdrive.usercontent.google.com%2Fdownload%3Fid%3D1GPaXsMy2BxmPnM8uBfHUsSKUxWTJkKSj%26export%3Ddownload&passive=1209600&service=wise&flowName=WebLiteSignIn&flowEntry=ServiceLogin&ifkv=Ac50bxusSsbmyX1u3rzClTICB-clxyuEdom-tKOVwaD7xYmXiU3lLxxFJM4mKaxXzAR0CDWUUeD1gQ","1GPaXsMy2BxmPnM8uBfHUsSKUxWTJkKSj","No likely offline artifact found; keep the manifest record and decide whether to hide the public link or rebuild the resource.","Ref Docs/Work/Public Speaking/Images/Event Banners/Growth Secrets - Social media amplificaiton.jfif (35, artifact_candidate) | Ref Docs/Work/Public Speaking/Images/Event Banners/Growth Secrets - Social Media.jfif (35, artifact_candidate) | Ref Docs/Work/Public Speaking/Images/Staff/square-collage.jpg (32, artifact_candidate) | Ref Docs/Trust Signals/Client Logos/social-media-today-logo.png (29, artifact_candidate) | Ref Docs/Trust Signals/Client Logos/InEvent-squarelogo.png (26, artifact_candidate)",""
"rpm-0318","Social / Some Work","LinkedIn virality and first hour | LinkedIn links and engagement (Datto)","Landscape","google-drive","not_public_auth_required","auth_required","200","re-share from an accessible account, replace, or hide","preserve manifest row; decide hide vs recreate","missing_artifact","Ref Docs/Trust Signals/Client Logos/social-media-today-logo.png","artifact_candidate","29",".png","30454","4223eedc500197b9095eff3391621f09cb231e266a4b0c7feaedd777eeff4962","","","assets/js/some_work_data.js","4802","text-url","https://drive.google.com/file/d/1GqZha0W4kNAtFfTM-joqrmQhz-or4iMO/view?usp=sharing","https://accounts.google.com/v3/signin/identifier?continue=https%3A%2F%2Fdrive.usercontent.google.com%2Fdownload%3Fid%3D1GqZha0W4kNAtFfTM-joqrmQhz-or4iMO%26export%3Ddownload&dsh=S-1693982783%3A1783943917299488&followup=https%3A%2F%2Fdrive.usercontent.google.com%2Fdownload%3Fid%3D1GqZha0W4kNAtFfTM-joqrmQhz-or4iMO%26export%3Ddownload&passive=1209600&service=wise&flowName=WebLiteSignIn&flowEntry=ServiceLogin&ifkv=Ac50bxuP9Dx70usRMwAZ_lDG57BbiuhIVTURIztFc6uRHhwwc-yECa01ZCH3ZOSRJ1v6mDuiCIYI5Q","1GqZha0W4kNAtFfTM-joqrmQhz-or4iMO","No likely offline artifact found; keep the manifest record and decide whether to hide the public link or rebuild the resource.","Ref Docs/Trust Signals/Client Logos/social-media-today-logo.png (29, artifact_candidate) | Ref Docs/Work/Public Speaking/Images/Event Banners/Growth Secrets - Social media amplificaiton.jfif (29, artifact_candidate) | Ref Docs/Work/Public Speaking/Images/Event Banners/Growth Secrets - Social Media.jfif (29, artifact_candidate)",""
"rpm-0319","Social / Some Work","Best Advertising Campaigns of All Time: Get Inspired | Competitor Analysis Tools: Discover and Compare Competitors [2021]","Landscape","google-drive","not_public_auth_required","auth_required","200","re-share from an accessible account, replace, or hide","preserve manifest row; decide hide vs recreate","missing_artifact","Ref Docs/Trust Signals/Client Logos/social-media-today-logo.png","artifact_candidate","29",".png","30454","4223eedc500197b9095eff3391621f09cb231e266a4b0c7feaedd777eeff4962","","","assets/js/some_work_data.js","474","text-url","https://drive.google.com/file/d/1GSLp2Br0dyn7eKEgYnNPZIQ9kdsArCFA/view?usp=sharing","https://accounts.google.com/v3/signin/identifier?continue=https%3A%2F%2Fdrive.usercontent.google.com%2Fdownload%3Fid%3D1GSLp2Br0dyn7eKEgYnNPZIQ9kdsArCFA%26export%3Ddownload&dsh=S84258311%3A1783943908239452&followup=https%3A%2F%2Fdrive.usercontent.google.com%2Fdownload%3Fid%3D1GSLp2Br0dyn7eKEgYnNPZIQ9kdsArCFA%26export%3Ddownload&passive=1209600&service=wise&flowName=WebLiteSignIn&flowEntry=ServiceLogin&ifkv=Ac50bxvAm9uYYop5et-dA6N5KPx-0bujCcdae4ZlY4rrKxNtEs_x0iWW4v5TeIwN-3LnkBnXLkbAaQ","1GSLp2Br0dyn7eKEgYnNPZIQ9kdsArCFA","No likely offline artifact found; keep the manifest record and decide whether to hide the public link or rebuild the resource.","Ref Docs/Trust Signals/Client Logos/social-media-today-logo.png (29, artifact_candidate) | Ref Docs/Work/Public Speaking/Images/Event Banners/Growth Secrets - Social media amplificaiton.jfif (29, artifact_candidate) | Ref Docs/Work/Public Speaking/Images/Event Banners/Growth Secrets - Social Media.jfif (29, artifact_candidate)",""
"rpm-0320","Social / Some Work","Meet the Team: Valentin | Meet the Team: Salvador Tarantino","Landscape","google-drive","not_public_auth_required","auth_required","200","re-share from an accessible account, replace, or hide","preserve manifest row; decide hide vs recreate","missing_artifact","Ref Docs/Trust Signals/Client Logos/social-media-today-logo.png","artifact_candidate","29",".png","30454","4223eedc500197b9095eff3391621f09cb231e266a4b0c7feaedd777eeff4962","","","assets/js/some_work_data.js","2809","text-url","https://drive.google.com/file/d/1GsQEWc6qNkG9WhHFUjWAuivmnhuZ3INB/view?usp=sharing","https://accounts.google.com/v3/signin/identifier?continue=https%3A%2F%2Fdrive.usercontent.google.com%2Fdownload%3Fid%3D1GsQEWc6qNkG9WhHFUjWAuivmnhuZ3INB%26export%3Ddownload&dsh=S-704453778%3A1783943913358686&followup=https%3A%2F%2Fdrive.usercontent.google.com%2Fdownload%3Fid%3D1GsQEWc6qNkG9WhHFUjWAuivmnhuZ3INB%26export%3Ddownload&passive=1209600&service=wise&flowName=WebLiteSignIn&flowEntry=ServiceLogin&ifkv=Ac50bxuVnd75HJSt2lODwZUBPGAaffzyztQortphVS4WhZenqBDI4KnrYMSndoggyP2I0p54t0DUbQ","1GsQEWc6qNkG9WhHFUjWAuivmnhuZ3INB","No likely offline artifact found; keep the manifest record and decide whether to hide the public link or rebuild the resource.","Ref Docs/Trust Signals/Client Logos/social-media-today-logo.png (29, artifact_candidate) | Ref Docs/Work/Public Speaking/Images/Event Banners/Growth Secrets - Social media amplificaiton.jfif (29, artifact_candidate) | Ref Docs/Work/Public Speaking/Images/Event Banners/Growth Secrets - Social Media.jfif (29, artifact_candidate)",""
"rpm-0321","Social / Some Work","Feed Your Brain - The Differences Between Corporates and Startups | Wild Business Growth - Artificial Intelligence (AI): What is it and how important it is in Marketing","Square","google-drive","not_public_auth_required","auth_required","200","re-share from an accessible account, replace, or hide","preserve manifest row; decide hide vs recreate","missing_artifact","Ref Docs/Work/Public Speaking/Images/Event Banners/Growth Secrets - Social media amplificaiton.jfif","artifact_candidate","35",".jfif","36003","7e12e68e3b070870ba4d9300f2bd5220b909eacf9131237c3f41ffc00c9fbd46","","","assets/js/some_work_data.js","5164","text-url","https://drive.google.com/file/d/1gw7NmL7nbb_KsD50HehuL7LZHnXSZiyj/view?usp=sharing","https://accounts.google.com/v3/signin/identifier?continue=https%3A%2F%2Fdrive.usercontent.google.com%2Fdownload%3Fid%3D1gw7NmL7nbb_KsD50HehuL7LZHnXSZiyj%26export%3Ddownload&dsh=S1178242601%3A1783943917890694&followup=https%3A%2F%2Fdrive.usercontent.google.com%2Fdownload%3Fid%3D1gw7NmL7nbb_KsD50HehuL7LZHnXSZiyj%26export%3Ddownload&passive=1209600&service=wise&flowName=WebLiteSignIn&flowEntry=ServiceLogin&ifkv=Ac50bxvWzRJeJPNDum4vRl5YgwiEAjXGJCMA_f2CUm1gz0GWJ25DAVlvIG4o_0XRn3luy0Z4ILkokg","1gw7NmL7nbb_KsD50HehuL7LZHnXSZiyj","No likely offline artifact found; keep the manifest record and decide whether to hide the public link or rebuild the resource.","Ref Docs/Work/Public Speaking/Images/Event Banners/Growth Secrets - Social media amplificaiton.jfif (35, artifact_candidate) | Ref Docs/Work/Public Speaking/Images/Event Banners/Growth Secrets - Social Media.jfif (35, artifact_candidate) | Ref Docs/Work/Public Speaking/Images/Staff/square-collage.jpg (32, artifact_candidate) | Ref Docs/Trust Signals/Client Logos/social-media-today-logo.png (29, artifact_candidate) | Ref Docs/Trust Signals/Client Logos/InEvent-squarelogo.png (26, artifact_candidate)",""
"rpm-0322","Social / Some Work","LinkedIn links and engagement (Datto) | Content optimization teaser (Datto event)","Landscape","google-drive","not_public_auth_required","auth_required","200","re-share from an accessible account, replace, or hide","preserve manifest row; decide hide vs recreate","missing_artifact","Ref Docs/Work/Public Speaking/Images/Event Banners/Growth Secrets - Social media amplificaiton.jfif","artifact_candidate","35",".jfif","36003","7e12e68e3b070870ba4d9300f2bd5220b909eacf9131237c3f41ffc00c9fbd46","","","assets/js/some_work_data.js","4777","text-url","https://drive.google.com/file/d/1Ha9rVb8b-DHsM6rFT9iLhnzveihjEGAn/view?usp=sharing","https://accounts.google.com/v3/signin/identifier?continue=https%3A%2F%2Fdrive.usercontent.google.com%2Fdownload%3Fid%3D1Ha9rVb8b-DHsM6rFT9iLhnzveihjEGAn%26export%3Ddownload&dsh=S721579007%3A1783943917242961&followup=https%3A%2F%2Fdrive.usercontent.google.com%2Fdownload%3Fid%3D1Ha9rVb8b-DHsM6rFT9iLhnzveihjEGAn%26export%3Ddownload&passive=1209600&service=wise&flowName=WebLiteSignIn&flowEntry=ServiceLogin&ifkv=Ac50bxudkOasEqL-zGv8EhlC13mhNogct_kjeCV_oLg8vCNcLv7LgLhLGp7durvZiLM8-uimt3HIhQ","1Ha9rVb8b-DHsM6rFT9iLhnzveihjEGAn","No likely offline artifact found; keep the manifest record and decide whether to hide the public link or rebuild the resource.","Ref Docs/Work/Public Speaking/Images/Event Banners/Growth Secrets - Social media amplificaiton.jfif (35, artifact_candidate) | Ref Docs/Work/Public Speaking/Images/Event Banners/Growth Secrets - Social Media.jfif (35, artifact_candidate) | Ref Docs/Trust Signals/Client Logos/social-media-today-logo.png (29, artifact_candidate) | Ref Docs/Work/Public Speaking/Images/Event Banners/SocialMediaManageren19.png (24, artifact_candidate)",""
"rpm-0323","Social / Some Work","Meet Jannic, Digital Designer Intern","Square","google-drive","not_public_auth_required","auth_required","200","re-share from an accessible account, replace, or hide","preserve manifest row; decide hide vs recreate","missing_artifact","Ref Docs/Work/Public Speaking/Images/Event Banners/Growth Secrets - Social media amplificaiton.jfif","artifact_candidate","35",".jfif","36003","7e12e68e3b070870ba4d9300f2bd5220b909eacf9131237c3f41ffc00c9fbd46","","","assets/js/some_work_data.js","2142","text-url","https://drive.google.com/file/d/1HCb0uYksxJkkZILxjl79OvmOXBpgrjvK/view?usp=sharing","https://accounts.google.com/v3/signin/identifier?continue=https%3A%2F%2Fdrive.usercontent.google.com%2Fdownload%3Fid%3D1HCb0uYksxJkkZILxjl79OvmOXBpgrjvK%26export%3Ddownload&dsh=S1258602089%3A1783943911338773&followup=https%3A%2F%2Fdrive.usercontent.google.com%2Fdownload%3Fid%3D1HCb0uYksxJkkZILxjl79OvmOXBpgrjvK%26export%3Ddownload&passive=1209600&service=wise&flowName=WebLiteSignIn&flowEntry=ServiceLogin&ifkv=Ac50bxviZFJVWuygu4jNRuk4cV8RH9iA61K9FQjrEeLmUWtijnRYnoeQOY0IwU1rcaoUTGYpcOrYBQ","1HCb0uYksxJkkZILxjl79OvmOXBpgrjvK","No likely offline artifact found; keep the manifest record and decide whether to hide the public link or rebuild the resource.","Ref Docs/Work/Public Speaking/Images/Event Banners/Growth Secrets - Social media amplificaiton.jfif (35, artifact_candidate) | Ref Docs/Work/Public Speaking/Images/Event Banners/Growth Secrets - Social Media.jfif (35, artifact_candidate) | Ref Docs/Work/Public Speaking/Images/Staff/square-collage.jpg (32, artifact_candidate) | Ref Docs/Trust Signals/Client Logos/social-media-today-logo.png (30, artifact_candidate) | Ref Docs/Trust Signals/Client Logos/InEvent-squarelogo.png (26, artifact_candidate)",""
"rpm-0324","Social / Some Work","Online ads influence purchases","Square","google-drive","not_public_auth_required","auth_required","200","re-share from an accessible account, replace, or hide","preserve manifest row; decide hide vs recreate","missing_artifact","Ref Docs/Work/Public Speaking/Images/Staff/square-collage.jpg","artifact_candidate","32",".jpg","255253","27ed996fdda1b2c944ba749e93852e39d03325feb1fac478e5bc55bdcb9210df","","","assets/js/some_work_data.js","8819","text-url","https://drive.google.com/file/d/1HhjuwBjF_kOnlA7e_Ahrvne8heyMQdKj/view?usp=sharing","https://accounts.google.com/v3/signin/identifier?continue=https%3A%2F%2Fdrive.usercontent.google.com%2Fdownload%3Fid%3D1HhjuwBjF_kOnlA7e_Ahrvne8heyMQdKj%26export%3Ddownload&dsh=S-704453778%3A1783943923947573&followup=https%3A%2F%2Fdrive.usercontent.google.com%2Fdownload%3Fid%3D1HhjuwBjF_kOnlA7e_Ahrvne8heyMQdKj%26export%3Ddownload&passive=1209600&service=wise&flowName=WebLiteSignIn&flowEntry=ServiceLogin&ifkv=Ac50bxtB3Bceyj33_6uMWExFlBJohD3bp1-pxLPlLnsiNfCAC16nvRa3ktfJ8FTSZJDIUidTnwA","1HhjuwBjF_kOnlA7e_Ahrvne8heyMQdKj","No likely offline artifact found; keep the manifest record and decide whether to hide the public link or rebuild the resource.","Ref Docs/Work/Public Speaking/Images/Staff/square-collage.jpg (32, artifact_candidate) | Ref Docs/Trust Signals/Client Logos/social-media-today-logo.png (30, artifact_candidate) | Ref Docs/Work/Public Speaking/Images/Event Banners/Growth Secrets - Social media amplificaiton.jfif (30, artifact_candidate) | Ref Docs/Work/Public Speaking/Images/Event Banners/Growth Secrets - Social Media.jfif (30, artifact_candidate) | Ref Docs/Trust Signals/Client Logos/InEvent-squarelogo.png (26, artifact_candidate)",""
"rpm-0325","Social / Some Work","Growth hacking needs a growth engine","Landscape","google-drive","not_public_auth_required","auth_required","200","re-share from an accessible account, replace, or hide","preserve manifest row; decide hide vs recreate","missing_artifact","Ref Docs/Work/Public Speaking/Images/Event Banners/Growth Secrets - Social media amplificaiton.jfif","artifact_candidate","36",".jfif","36003","7e12e68e3b070870ba4d9300f2bd5220b909eacf9131237c3f41ffc00c9fbd46","","","assets/js/some_work_data.js","3481","text-url","https://drive.google.com/file/d/1hpDmttRW9meSJq98g7960iqOjpKEHRN8/view?usp=sharing","https://accounts.google.com/v3/signin/identifier?continue=https%3A%2F%2Fdrive.usercontent.google.com%2Fdownload%3Fid%3D1hpDmttRW9meSJq98g7960iqOjpKEHRN8%26export%3Ddownload&dsh=S721579007%3A1783943914567378&followup=https%3A%2F%2Fdrive.usercontent.google.com%2Fdownload%3Fid%3D1hpDmttRW9meSJq98g7960iqOjpKEHRN8%26export%3Ddownload&passive=1209600&service=wise&flowName=WebLiteSignIn&flowEntry=ServiceLogin&ifkv=Ac50bxvCOXYylRFeuO8ML414vaGvFWyLNKzYijiJL11P9igcKSnNJvkF9b4ycG_Wl8suAx-csfsufA","1hpDmttRW9meSJq98g7960iqOjpKEHRN8","No likely offline artifact found; keep the manifest record and decide whether to hide the public link or rebuild the resource.","Ref Docs/Work/Public Speaking/Images/Event Banners/Growth Secrets - Social media amplificaiton.jfif (36, artifact_candidate) | Ref Docs/Work/Public Speaking/Images/Event Banners/Growth Secrets - Social Media.jfif (36, artifact_candidate) | Ref Docs/Trust Signals/Client Logos/social-media-today-logo.png (30, artifact_candidate)",""
"rpm-0326","Social / Some Work","Certainly: 163 Sign-Ups in Under a Month","Square | Vertical","google-drive","not_public_auth_required","auth_required","200","re-share from an accessible account, replace, or hide","preserve manifest row; decide hide vs recreate","missing_artifact","Ref Docs/Trust Signals/Client Logos/social-media-today-logo.png","artifact_candidate","35",".png","30454","4223eedc500197b9095eff3391621f09cb231e266a4b0c7feaedd777eeff4962","","","assets/js/some_work_data.js","4606","text-url","https://drive.google.com/file/d/1HXrCX0orHptPXgEFSd7XOX1WYbTjYh8n/view?usp=sharing","https://accounts.google.com/v3/signin/identifier?continue=https%3A%2F%2Fdrive.usercontent.google.com%2Fdownload%3Fid%3D1HXrCX0orHptPXgEFSd7XOX1WYbTjYh8n%26export%3Ddownload&dsh=S-217459539%3A1783943916998896&followup=https%3A%2F%2Fdrive.usercontent.google.com%2Fdownload%3Fid%3D1HXrCX0orHptPXgEFSd7XOX1WYbTjYh8n%26export%3Ddownload&passive=1209600&service=wise&flowName=WebLiteSignIn&flowEntry=ServiceLogin&ifkv=Ac50bxvg1wLr7N8n5jDBd3iRxw46Kc1dLNv29Sojr7DliCDvP5DB3FUd5zfGfFAfBjwkvvI35Xg-","1HXrCX0orHptPXgEFSd7XOX1WYbTjYh8n","No likely offline artifact found; keep the manifest record and decide whether to hide the public link or rebuild the resource.","Ref Docs/Trust Signals/Client Logos/social-media-today-logo.png (35, artifact_candidate) | Ref Docs/Work/Public Speaking/Images/Event Banners/Growth Secrets - Social media amplificaiton.jfif (29, artifact_candidate) | Ref Docs/Work/Public Speaking/Images/Event Banners/Growth Secrets - Social Media.jfif (29, artifact_candidate) | Ref Docs/Trust Signals/Client Logos/SocialMediaManageren.png (24, artifact_candidate)",""
"rpm-0327","Social / Some Work","Customer perception","Landscape","google-drive","not_public_auth_required","auth_required","200","re-share from an accessible account, replace, or hide","preserve manifest row; decide hide vs recreate","missing_artifact","Ref Docs/Work/Writing/Archived_PDFs/What Is Customer Perception and How to - Taylor [PDF].pdf","source_index_candidate","35",".pdf","2014894","49a485d7b44c499c8c7229097ddc60ff5776131c64c9150f37011b691d7da3f0","","","assets/js/some_work_data.js","4","text-url","https://drive.google.com/file/d/1I9TvEboQ50_7BcA6zxOiUf3FDuMm6Yg0/view?usp=sharing","https://accounts.google.com/v3/signin/identifier?continue=https%3A%2F%2Fdrive.usercontent.google.com%2Fdownload%3Fid%3D1I9TvEboQ50_7BcA6zxOiUf3FDuMm6Yg0%26export%3Ddownload&dsh=S1178242601%3A1783943907267689&followup=https%3A%2F%2Fdrive.usercontent.google.com%2Fdownload%3Fid%3D1I9TvEboQ50_7BcA6zxOiUf3FDuMm6Yg0%26export%3Ddownload&passive=1209600&service=wise&flowName=WebLiteSignIn&flowEntry=ServiceLogin&ifkv=Ac50bxvgnXmHfb7Sv4b89_jXk_GU82UpiuP7owLd-vSj0rwXw1J24gRbW7CrjhWJ0gLt_e5bXq90IQ","1I9TvEboQ50_7BcA6zxOiUf3FDuMm6Yg0","No likely offline artifact found; keep the manifest record and decide whether to hide the public link or rebuild the resource.","Ref Docs/Work/Writing/Archived_PDFs/What Is Customer Perception and How to - Taylor [PDF].pdf (35, source_index_candidate) | Ref Docs/Trust Signals/Client Logos/social-media-today-logo.png (30, artifact_candidate) | Ref Docs/Work/Public Speaking/Images/Event Banners/Growth Secrets - Social media amplificaiton.jfif (30, artifact_candidate) | Ref Docs/Work/Public Speaking/Images/Event Banners/Growth Secrets - Social Media.jfif (30, artifact_candidate)",""
"rpm-0328","Social / Some Work","Coffee in the Clouds - Episode Highlight 3 | Coffee in the Clouds - Episode Highlight 2","Square","google-drive","not_public_auth_required","auth_required","200","re-share from an accessible account, replace, or hide","preserve manifest row; decide hide vs recreate","missing_artifact","Ref Docs/Work/Public Speaking/Images/Event Banners/Growth Secrets - Social media amplificaiton.jfif","artifact_candidate","35",".jfif","36003","7e12e68e3b070870ba4d9300f2bd5220b909eacf9131237c3f41ffc00c9fbd46","","","assets/js/some_work_data.js","5500","text-url","https://drive.google.com/file/d/1ibiTSr5XTD0LXiBiw8VPM2OxFcQA-ntK/view?usp=sharing","https://accounts.google.com/v3/signin/identifier?continue=https%3A%2F%2Fdrive.usercontent.google.com%2Fdownload%3Fid%3D1ibiTSr5XTD0LXiBiw8VPM2OxFcQA-ntK%26export%3Ddownload&dsh=S1178242601%3A1783943918503625&followup=https%3A%2F%2Fdrive.usercontent.google.com%2Fdownload%3Fid%3D1ibiTSr5XTD0LXiBiw8VPM2OxFcQA-ntK%26export%3Ddownload&passive=1209600&service=wise&flowName=WebLiteSignIn&flowEntry=ServiceLogin&ifkv=Ac50bxumwIGDDi-0TlNlAG9sBlsv5Pe4Ohu9OVL0kCV6R9_8iCFOMjkPENF1IMEwNHsrMHS8CnB6Mg","1ibiTSr5XTD0LXiBiw8VPM2OxFcQA-ntK","No likely offline artifact found; keep the manifest record and decide whether to hide the public link or rebuild the resource.","Ref Docs/Work/Public Speaking/Images/Event Banners/Growth Secrets - Social media amplificaiton.jfif (35, artifact_candidate) | Ref Docs/Work/Public Speaking/Images/Event Banners/Growth Secrets - Social Media.jfif (35, artifact_candidate) | Ref Docs/Work/Public Speaking/Images/Staff/square-collage.jpg (32, artifact_candidate) | Ref Docs/Trust Signals/Client Logos/social-media-today-logo.png (29, artifact_candidate) | Ref Docs/Trust Signals/Client Logos/InEvent-squarelogo.png (26, artifact_candidate)",""
"rpm-0329","Social / Some Work","Page optimization cheat sheet | Link building email outreach templates","Article","google-drive","not_public_auth_required","auth_required","200","re-share from an accessible account, replace, or hide","preserve manifest row; decide hide vs recreate","missing_artifact","Ref Docs/Work/Marketing/Email Outreach/Email Outreach Templates.xlsx","source_index_candidate","34",".xlsx","15569","df950e97de6e2d3eb1b0777ab49bfcc1a21fefcbf68a968dbc26431c65dcf07c","","","assets/js/some_work_data.js","5988","text-url","https://drive.google.com/file/d/1icAVe3JSj6My44n4O0nFQWabbQ207xGW/view?usp=sharing","https://accounts.google.com/v3/signin/identifier?continue=https%3A%2F%2Fdrive.usercontent.google.com%2Fdownload%3Fid%3D1icAVe3JSj6My44n4O0nFQWabbQ207xGW%26export%3Ddownload&dsh=S1258602089%3A1783943919247022&followup=https%3A%2F%2Fdrive.usercontent.google.com%2Fdownload%3Fid%3D1icAVe3JSj6My44n4O0nFQWabbQ207xGW%26export%3Ddownload&passive=1209600&service=wise&flowName=WebLiteSignIn&flowEntry=ServiceLogin&ifkv=Ac50bxvBgkHA1nj-OduCylzYUEOLQ5oQPUbGzgQ4_VxC8-rxLR5VvccrmnmNqeNmY-R1h5DZpv9kBg","1icAVe3JSj6My44n4O0nFQWabbQ207xGW","No likely offline artifact found; keep the manifest record and decide whether to hide the public link or rebuild the resource.","Ref Docs/Work/Marketing/Email Outreach/Email Outreach Templates.xlsx (34, source_index_candidate) | Ref Docs/Trust Signals/Client Logos/social-media-today-logo.png (30, artifact_candidate) | Ref Docs/Work/Public Speaking/Images/Event Banners/Growth Secrets - Social media amplificaiton.jfif (30, artifact_candidate) | Ref Docs/Work/Public Speaking/Images/Event Banners/Growth Secrets - Social Media.jfif (30, artifact_candidate) | Ref Docs/Work/Writing/Archived_PDFs/AI in Social Media - Taylor [PDF].pdf (30, artifact_candidate)",""
"rpm-0330","Social / Some Work","Video content that wins customers | Organic growth powered by SEO","Landscape","google-drive","not_public_auth_required","auth_required","200","re-share from an accessible account, replace, or hide","preserve manifest row; decide hide vs recreate","missing_artifact","Ref Docs/Work/Public Speaking/Images/Event Banners/Growth Secrets - Social media amplificaiton.jfif","artifact_candidate","35",".jfif","36003","7e12e68e3b070870ba4d9300f2bd5220b909eacf9131237c3f41ffc00c9fbd46","","","assets/js/some_work_data.js","3314","text-url","https://drive.google.com/file/d/1icx1mREipD7eYcGePmjBPOxpdrnx_3d2/view?usp=sharing","https://accounts.google.com/v3/signin/identifier?continue=https%3A%2F%2Fdrive.usercontent.google.com%2Fdownload%3Fid%3D1icx1mREipD7eYcGePmjBPOxpdrnx_3d2%26export%3Ddownload&dsh=S-1693982783%3A1783943914548779&followup=https%3A%2F%2Fdrive.usercontent.google.com%2Fdownload%3Fid%3D1icx1mREipD7eYcGePmjBPOxpdrnx_3d2%26export%3Ddownload&passive=1209600&service=wise&flowName=WebLiteSignIn&flowEntry=ServiceLogin&ifkv=Ac50bxvVds13TpfPKHIUOsguNUKmXj-W00idDzvPUAdNY3cFTFl4o_tm4wqYmoZe1DS5NFzwXaa6pw","1icx1mREipD7eYcGePmjBPOxpdrnx_3d2","No likely offline artifact found; keep the manifest record and decide whether to hide the public link or rebuild the resource.","Ref Docs/Work/Public Speaking/Images/Event Banners/Growth Secrets - Social media amplificaiton.jfif (35, artifact_candidate) | Ref Docs/Work/Public Speaking/Images/Event Banners/Growth Secrets - Social Media.jfif (35, artifact_candidate) | Ref Docs/Trust Signals/Client Logos/social-media-today-logo.png (29, artifact_candidate)",""
"rpm-0331","Social / Some Work","Clubhouse marketing strategies","Landscape","google-drive","not_public_auth_required","auth_required","200","re-share from an accessible account, replace, or hide","preserve manifest row; decide hide vs recreate","missing_artifact","Ref Docs/Trust Signals/Client Logos/social-media-today-logo.png","artifact_candidate","29",".png","30454","4223eedc500197b9095eff3391621f09cb231e266a4b0c7feaedd777eeff4962","","","assets/js/some_work_data.js","1424","text-url","https://drive.google.com/file/d/1IkEtQMQrgOp4ZTOujME9lbMeNNv_JY48/view?usp=sharing","https://accounts.google.com/v3/signin/identifier?continue=https%3A%2F%2Fdrive.usercontent.google.com%2Fdownload%3Fid%3D1IkEtQMQrgOp4ZTOujME9lbMeNNv_JY48%26export%3Ddownload&dsh=S-1962494319%3A1783943910394838&followup=https%3A%2F%2Fdrive.usercontent.google.com%2Fdownload%3Fid%3D1IkEtQMQrgOp4ZTOujME9lbMeNNv_JY48%26export%3Ddownload&passive=1209600&service=wise&flowName=WebLiteSignIn&flowEntry=ServiceLogin&ifkv=Ac50bxvAtDl-HPZE1AvRTEwahoaRkx29fnRliw1QREdEGvcw7geBeecRJoYLAQ8j7b9FtvVhyUMJTg","1IkEtQMQrgOp4ZTOujME9lbMeNNv_JY48","No likely offline artifact found; keep the manifest record and decide whether to hide the public link or rebuild the resource.","Ref Docs/Trust Signals/Client Logos/social-media-today-logo.png (29, artifact_candidate) | Ref Docs/Work/Public Speaking/Images/Event Banners/Growth Secrets - Social media amplificaiton.jfif (29, artifact_candidate) | Ref Docs/Work/Public Speaking/Images/Event Banners/Growth Secrets - Social Media.jfif (29, artifact_candidate)",""
"rpm-0332","Social / Some Work","SEO is a long game | Growth hacking campaigns that move the needle","Landscape","google-drive","not_public_auth_required","auth_required","200","re-share from an accessible account, replace, or hide","preserve manifest row; decide hide vs recreate","missing_artifact","Ref Docs/Work/Public Speaking/Images/Event Banners/Growth Secrets - Social media amplificaiton.jfif","artifact_candidate","35",".jfif","36003","7e12e68e3b070870ba4d9300f2bd5220b909eacf9131237c3f41ffc00c9fbd46","","","assets/js/some_work_data.js","3067","text-url","https://drive.google.com/file/d/1IMfl_0tgX1QenikaSHguppxqzXnUwFE0/view?usp=sharing","https://accounts.google.com/v3/signin/identifier?continue=https%3A%2F%2Fdrive.usercontent.google.com%2Fdownload%3Fid%3D1IMfl_0tgX1QenikaSHguppxqzXnUwFE0%26export%3Ddownload&dsh=S84258311%3A1783943913785748&followup=https%3A%2F%2Fdrive.usercontent.google.com%2Fdownload%3Fid%3D1IMfl_0tgX1QenikaSHguppxqzXnUwFE0%26export%3Ddownload&passive=1209600&service=wise&flowName=WebLiteSignIn&flowEntry=ServiceLogin&ifkv=Ac50bxtMYJAWPcM7beTTiuH-_l-BBkQyZRWEo25BHxSavY4jM3i5NQPXIL1sZpRvJXpkOuY-guVUMA","1IMfl_0tgX1QenikaSHguppxqzXnUwFE0","No likely offline artifact found; keep the manifest record and decide whether to hide the public link or rebuild the resource.","Ref Docs/Work/Public Speaking/Images/Event Banners/Growth Secrets - Social media amplificaiton.jfif (35, artifact_candidate) | Ref Docs/Work/Public Speaking/Images/Event Banners/Growth Secrets - Social Media.jfif (35, artifact_candidate) | Ref Docs/Trust Signals/Client Logos/social-media-today-logo.png (29, artifact_candidate)",""
"rpm-0333","Social / Some Work","Meet the Team: Julia González | Meet the Team: Julia Gonz\u00e1lez","Vertical","google-drive","not_public_auth_required","auth_required","200","re-share from an accessible account, replace, or hide","preserve manifest row; decide hide vs recreate","missing_artifact","Ref Docs/Trust Signals/Client Logos/social-media-today-logo.png","artifact_candidate","30",".png","30454","4223eedc500197b9095eff3391621f09cb231e266a4b0c7feaedd777eeff4962","","","assets/js/some_work_data.js","2624","text-url","https://drive.google.com/file/d/1iOfe953kzvgkvsJqpHUXOx7IzprWNo93/view?usp=sharing","https://accounts.google.com/v3/signin/identifier?continue=https%3A%2F%2Fdrive.usercontent.google.com%2Fdownload%3Fid%3D1iOfe953kzvgkvsJqpHUXOx7IzprWNo93%26export%3Ddownload&dsh=S1914323719%3A1783943912723028&followup=https%3A%2F%2Fdrive.usercontent.google.com%2Fdownload%3Fid%3D1iOfe953kzvgkvsJqpHUXOx7IzprWNo93%26export%3Ddownload&passive=1209600&service=wise&flowName=WebLiteSignIn&flowEntry=ServiceLogin&ifkv=Ac50bxt9ApJmxPHuaZDfrBtauG2F-WPP5o9-WlBZYeGHVlYmlugyrHf8MChimGT_Tk8KEkUTYtPPIg","1iOfe953kzvgkvsJqpHUXOx7IzprWNo93","No likely offline artifact found; keep the manifest record and decide whether to hide the public link or rebuild the resource.","Ref Docs/Trust Signals/Client Logos/social-media-today-logo.png (30, artifact_candidate) | Ref Docs/Work/Public Speaking/Images/Event Banners/Growth Secrets - Social media amplificaiton.jfif (30, artifact_candidate) | Ref Docs/Work/Public Speaking/Images/Event Banners/Growth Secrets - Social Media.jfif (30, artifact_candidate)",""
"rpm-0334","Social / Some Work","Clubhouse marketing strategies | 39 Best SaaS Business Podcasts","Landscape","google-drive","not_public_auth_required","auth_required","200","re-share from an accessible account, replace, or hide","preserve manifest row; decide hide vs recreate","missing_artifact","Ref Docs/Trust Signals/Client Logos/social-media-today-logo.png","artifact_candidate","29",".png","30454","4223eedc500197b9095eff3391621f09cb231e266a4b0c7feaedd777eeff4962","","","assets/js/some_work_data.js","1408","text-url","https://drive.google.com/file/d/1iTqb3mYqBZNCWC5zZPdhdl97kJcTsYic/view?usp=sharing","https://accounts.google.com/v3/signin/identifier?continue=https%3A%2F%2Fdrive.usercontent.google.com%2Fdownload%3Fid%3D1iTqb3mYqBZNCWC5zZPdhdl97kJcTsYic%26export%3Ddownload&dsh=S-704453778%3A1783943910248441&followup=https%3A%2F%2Fdrive.usercontent.google.com%2Fdownload%3Fid%3D1iTqb3mYqBZNCWC5zZPdhdl97kJcTsYic%26export%3Ddownload&passive=1209600&service=wise&flowName=WebLiteSignIn&flowEntry=ServiceLogin&ifkv=Ac50bxs1MFdfVHQ_GDJUeyAsqecnQzDWind1I4XmEkpChN9uWoInDcnmdMc6fF4jqBj0Fk7pMUzacw","1iTqb3mYqBZNCWC5zZPdhdl97kJcTsYic","No likely offline artifact found; keep the manifest record and decide whether to hide the public link or rebuild the resource.","Ref Docs/Trust Signals/Client Logos/social-media-today-logo.png (29, artifact_candidate) | Ref Docs/Work/Public Speaking/Images/Event Banners/Growth Secrets - Social media amplificaiton.jfif (29, artifact_candidate) | Ref Docs/Work/Public Speaking/Images/Event Banners/Growth Secrets - Social Media.jfif (29, artifact_candidate)",""
"rpm-0335","Social / Some Work","Meet Deepika, Content Writer Intern","Square | Landscape","google-drive","not_public_auth_required","auth_required","200","re-share from an accessible account, replace, or hide","preserve manifest row; decide hide vs recreate","missing_artifact","Ref Docs/Trust Signals/Client Logos/social-media-today-logo.png","artifact_candidate","30",".png","30454","4223eedc500197b9095eff3391621f09cb231e266a4b0c7feaedd777eeff4962","","","assets/js/some_work_data.js","2171","text-url","https://drive.google.com/file/d/1j7SGBCdxUA4I40Vpn5FwHdO2YSUc-mPd/view?usp=sharing","https://accounts.google.com/v3/signin/identifier?continue=https%3A%2F%2Fdrive.usercontent.google.com%2Fdownload%3Fid%3D1j7SGBCdxUA4I40Vpn5FwHdO2YSUc-mPd%26export%3Ddownload&dsh=S721579007%3A1783943911424714&followup=https%3A%2F%2Fdrive.usercontent.google.com%2Fdownload%3Fid%3D1j7SGBCdxUA4I40Vpn5FwHdO2YSUc-mPd%26export%3Ddownload&passive=1209600&service=wise&flowName=WebLiteSignIn&flowEntry=ServiceLogin&ifkv=Ac50bxtNiS-YeR5jboMIjz57GQcR0dCoYcVe5YRZo0D21X1PPe29X8d3ZmSGxYtf9FJqrHBV2fnw-w","1j7SGBCdxUA4I40Vpn5FwHdO2YSUc-mPd","No likely offline artifact found; keep the manifest record and decide whether to hide the public link or rebuild the resource.","Ref Docs/Trust Signals/Client Logos/social-media-today-logo.png (30, artifact_candidate) | Ref Docs/Work/Public Speaking/Images/Event Banners/Growth Secrets - Social media amplificaiton.jfif (30, artifact_candidate) | Ref Docs/Work/Public Speaking/Images/Event Banners/Growth Secrets - Social Media.jfif (30, artifact_candidate)",""
"rpm-0336","Social / Some Work","Clubhouse marketing strategies","Square","google-drive","not_public_auth_required","auth_required","200","re-share from an accessible account, replace, or hide","preserve manifest row; decide hide vs recreate","missing_artifact","Ref Docs/Work/Public Speaking/Images/Staff/square-collage.jpg","artifact_candidate","31",".jpg","255253","27ed996fdda1b2c944ba749e93852e39d03325feb1fac478e5bc55bdcb9210df","","","assets/js/some_work_data.js","1416","text-url","https://drive.google.com/file/d/1jfe2Drekkw_5lfp4NJMMTkOius6GLWBW/view?usp=sharing","https://accounts.google.com/v3/signin/identifier?continue=https%3A%2F%2Fdrive.usercontent.google.com%2Fdownload%3Fid%3D1jfe2Drekkw_5lfp4NJMMTkOius6GLWBW%26export%3Ddownload&dsh=S84258311%3A1783943910250202&followup=https%3A%2F%2Fdrive.usercontent.google.com%2Fdownload%3Fid%3D1jfe2Drekkw_5lfp4NJMMTkOius6GLWBW%26export%3Ddownload&passive=1209600&service=wise&flowName=WebLiteSignIn&flowEntry=ServiceLogin&ifkv=Ac50bxvmkvSUKHD--Vw5dxYvlcpTKEAmJfhSaUQntgLrKwrkLfKMYfOQcule7YtDBFmYr7QPAwrnfg","1jfe2Drekkw_5lfp4NJMMTkOius6GLWBW","No likely offline artifact found; keep the manifest record and decide whether to hide the public link or rebuild the resource.","Ref Docs/Work/Public Speaking/Images/Staff/square-collage.jpg (31, artifact_candidate) | Ref Docs/Trust Signals/Client Logos/social-media-today-logo.png (29, artifact_candidate) | Ref Docs/Work/Public Speaking/Images/Event Banners/Growth Secrets - Social media amplificaiton.jfif (29, artifact_candidate) | Ref Docs/Work/Public Speaking/Images/Event Banners/Growth Secrets - Social Media.jfif (29, artifact_candidate) | Ref Docs/Trust Signals/Client Logos/InEvent-squarelogo.png (26, artifact_candidate)",""
"rpm-0337","Social / Some Work","TikTok help for brands | Content strategy, then consistent creation","Landscape","google-drive","not_public_auth_required","auth_required","200","re-share from an accessible account, replace, or hide","preserve source index; recover/export actual artifact","source_index_only","Ref Docs/Work/Marketing/Social Media/Content Strategy.csv","source_index_candidate","47",".csv","6361","7c218af080215b9e423df03e4c932cc3fa8b727e195a572671458d0e6990029d","","","assets/js/some_work_data.js","3243","text-url","https://drive.google.com/file/d/1jhX9H6A9Hcf5zV6sVUGRy0Ce24KzxaYX/view?usp=sharing","https://accounts.google.com/v3/signin/identifier?continue=https%3A%2F%2Fdrive.usercontent.google.com%2Fdownload%3Fid%3D1jhX9H6A9Hcf5zV6sVUGRy0Ce24KzxaYX%26export%3Ddownload&dsh=S-704453778%3A1783943914211008&followup=https%3A%2F%2Fdrive.usercontent.google.com%2Fdownload%3Fid%3D1jhX9H6A9Hcf5zV6sVUGRy0Ce24KzxaYX%26export%3Ddownload&passive=1209600&service=wise&flowName=WebLiteSignIn&flowEntry=ServiceLogin&ifkv=Ac50bxvP39IyGSetqPmQOudZbRDfCr9Yj0vuOKN8AdFKpB66mjW_w0RLUbgje941nQhwB5uAhrHU","1jhX9H6A9Hcf5zV6sVUGRy0Ce24KzxaYX","The local file preserves the row/source list, not necessarily the artifact content; recover or recreate before deleting.","Ref Docs/Work/Marketing/Social Media/Content Strategy.csv (47, source_index_candidate) | Ref Docs/Trust Signals/Client Logos/social-media-today-logo.png (29, artifact_candidate) | Ref Docs/Work/Public Speaking/Images/Event Banners/Growth Secrets - Social media amplificaiton.jfif (29, artifact_candidate) | Ref Docs/Work/Public Speaking/Images/Event Banners/Growth Secrets - Social Media.jfif (29, artifact_candidate)","Local source/index file exists, but the actual artifact still needs recovery or export."
"rpm-0338","Social / Some Work","The 32 Best Newsletter Tools (2021) | The Complete List: 32 of the Most Effective Data Analysis Tools","Square | Article","google-drive","not_public_auth_required","auth_required","200","re-share from an accessible account, replace, or hide","preserve manifest row; decide hide vs recreate","missing_artifact","Ref Docs/Trust Signals/Client Logos/social-media-today-logo.png","artifact_candidate","29",".png","30454","4223eedc500197b9095eff3391621f09cb231e266a4b0c7feaedd777eeff4962","","","assets/js/some_work_data.js","1251","text-url","https://drive.google.com/file/d/1JilTLbEHPNrMrfkXDDp0EtBLRbPqSQ9P/view?usp=sharing","https://accounts.google.com/v3/signin/identifier?continue=https%3A%2F%2Fdrive.usercontent.google.com%2Fdownload%3Fid%3D1JilTLbEHPNrMrfkXDDp0EtBLRbPqSQ9P%26export%3Ddownload&dsh=S721579007%3A1783943909331158&followup=https%3A%2F%2Fdrive.usercontent.google.com%2Fdownload%3Fid%3D1JilTLbEHPNrMrfkXDDp0EtBLRbPqSQ9P%26export%3Ddownload&passive=1209600&service=wise&flowName=WebLiteSignIn&flowEntry=ServiceLogin&ifkv=Ac50bxto-1CZX2wQ5a0JfAsqsuf_VpoWvlVIr-5nSns2vE8q2bTPKjBsVRwgEsmT8Na6hrU5R5o_KA","1JilTLbEHPNrMrfkXDDp0EtBLRbPqSQ9P","No likely offline artifact found; keep the manifest record and decide whether to hide the public link or rebuild the resource.","Ref Docs/Trust Signals/Client Logos/social-media-today-logo.png (29, artifact_candidate) | Ref Docs/Work/Public Speaking/Images/Event Banners/Growth Secrets - Social media amplificaiton.jfif (29, artifact_candidate) | Ref Docs/Work/Public Speaking/Images/Event Banners/Growth Secrets - Social Media.jfif (29, artifact_candidate)",""
"rpm-0339","Social / Some Work","75 Best Marketing Podcasts (2021)","Square","google-drive","not_public_auth_required","auth_required","200","re-share from an accessible account, replace, or hide","preserve manifest row; decide hide vs recreate","missing_artifact","Ref Docs/Work/Public Speaking/Images/Event Banners/Growth Secrets - Social media amplificaiton.jfif","artifact_candidate","34",".jfif","36003","7e12e68e3b070870ba4d9300f2bd5220b909eacf9131237c3f41ffc00c9fbd46","","","assets/js/some_work_data.js","1284","text-url","https://drive.google.com/file/d/1jkcMft_g2lhT6Z6SvZvwKCoWkHSvo6AH/view?usp=sharing","https://accounts.google.com/v3/signin/identifier?continue=https%3A%2F%2Fdrive.usercontent.google.com%2Fdownload%3Fid%3D1jkcMft_g2lhT6Z6SvZvwKCoWkHSvo6AH%26export%3Ddownload&dsh=S570785647%3A1783943909727847&followup=https%3A%2F%2Fdrive.usercontent.google.com%2Fdownload%3Fid%3D1jkcMft_g2lhT6Z6SvZvwKCoWkHSvo6AH%26export%3Ddownload&passive=1209600&service=wise&flowName=WebLiteSignIn&flowEntry=ServiceLogin&ifkv=Ac50bxsQQ20K85_kDEiwPWSoXtDHkZ703iKF7aqDDkfXjotw3A5E43iM6Udfad0mqW9ZfBkIGFQ6Pg","1jkcMft_g2lhT6Z6SvZvwKCoWkHSvo6AH","No likely offline artifact found; keep the manifest record and decide whether to hide the public link or rebuild the resource.","Ref Docs/Work/Public Speaking/Images/Event Banners/Growth Secrets - Social media amplificaiton.jfif (34, artifact_candidate) | Ref Docs/Work/Public Speaking/Images/Event Banners/Growth Secrets - Social Media.jfif (34, artifact_candidate) | Ref Docs/Work/Public Speaking/Images/Staff/square-collage.jpg (31, artifact_candidate) | Ref Docs/Trust Signals/Client Logos/social-media-today-logo.png (29, artifact_candidate) | Ref Docs/Trust Signals/Client Logos/InEvent-squarelogo.png (26, artifact_candidate)",""
"rpm-0340","Social / Some Work","Meet Yelizaveta, Marketing Intern | Meet Dziugas, Graphics Designer Intern","Landscape","google-drive","not_public_auth_required","auth_required","200","re-share from an accessible account, replace, or hide","preserve manifest row; decide hide vs recreate","missing_artifact","Ref Docs/Trust Signals/Client Logos/social-media-today-logo.png","artifact_candidate","30",".png","30454","4223eedc500197b9095eff3391621f09cb231e266a4b0c7feaedd777eeff4962","","","assets/js/some_work_data.js","2221","text-url","https://drive.google.com/file/d/1Jpov-eTVd6uvnyNABBKNXogVohoktSPt/view?usp=sharing","https://accounts.google.com/v3/signin/identifier?continue=https%3A%2F%2Fdrive.usercontent.google.com%2Fdownload%3Fid%3D1Jpov-eTVd6uvnyNABBKNXogVohoktSPt%26export%3Ddownload&dsh=S1178242601%3A1783943911575313&followup=https%3A%2F%2Fdrive.usercontent.google.com%2Fdownload%3Fid%3D1Jpov-eTVd6uvnyNABBKNXogVohoktSPt%26export%3Ddownload&passive=1209600&service=wise&flowName=WebLiteSignIn&flowEntry=ServiceLogin&ifkv=Ac50bxucACMIw7V0QPKEgd5nw4WSp6IZKH3hNBVe_0jgMQgAFI-p4zfy1tm_w-HxpYJHesnTFuTikw","1Jpov-eTVd6uvnyNABBKNXogVohoktSPt","No likely offline artifact found; keep the manifest record and decide whether to hide the public link or rebuild the resource.","Ref Docs/Trust Signals/Client Logos/social-media-today-logo.png (30, artifact_candidate) | Ref Docs/Work/Public Speaking/Images/Event Banners/Growth Secrets - Social media amplificaiton.jfif (30, artifact_candidate) | Ref Docs/Work/Public Speaking/Images/Event Banners/Growth Secrets - Social Media.jfif (30, artifact_candidate)",""
"rpm-0341","Social / Some Work","Certainly: SEO-Safe Rebrand Migration","Landscape","google-drive","not_public_auth_required","auth_required","200","re-share from an accessible account, replace, or hide","preserve manifest row; decide hide vs recreate","missing_artifact","Ref Docs/Trust Signals/Client Logos/social-media-today-logo.png","artifact_candidate","30",".png","30454","4223eedc500197b9095eff3391621f09cb231e266a4b0c7feaedd777eeff4962","","","assets/js/some_work_data.js","4450","text-url","https://drive.google.com/file/d/1jXcESt8pXgyijlUivWqpbSisCZy8BS6u/view?usp=sharing","https://accounts.google.com/v3/signin/identifier?continue=https%3A%2F%2Fdrive.usercontent.google.com%2Fdownload%3Fid%3D1jXcESt8pXgyijlUivWqpbSisCZy8BS6u%26export%3Ddownload&dsh=S1178242601%3A1783943916480317&followup=https%3A%2F%2Fdrive.usercontent.google.com%2Fdownload%3Fid%3D1jXcESt8pXgyijlUivWqpbSisCZy8BS6u%26export%3Ddownload&passive=1209600&service=wise&flowName=WebLiteSignIn&flowEntry=ServiceLogin&ifkv=Ac50bxvZjQWPArdEjTVPL1pZ6yOMUtI-OvY0Zk-IHfrWK1U65YhW9xTm3RlpHpy1fW3FFjC2zrwMMg","1jXcESt8pXgyijlUivWqpbSisCZy8BS6u","No likely offline artifact found; keep the manifest record and decide whether to hide the public link or rebuild the resource.","Ref Docs/Trust Signals/Client Logos/social-media-today-logo.png (30, artifact_candidate) | Ref Docs/Work/Public Speaking/Images/Event Banners/Growth Secrets - Social media amplificaiton.jfif (30, artifact_candidate) | Ref Docs/Work/Public Speaking/Images/Event Banners/Growth Secrets - Social Media.jfif (30, artifact_candidate)",""
"rpm-0342","Social / Some Work","Launch Street - Episode Highlight 2 | Launch Street - Episode Highlight 1","Square","google-drive","not_public_auth_required","auth_required","200","re-share from an accessible account, replace, or hide","preserve manifest row; decide hide vs recreate","missing_artifact","Ref Docs/Work/Public Speaking/Images/Staff/square-collage.jpg","artifact_candidate","32",".jpg","255253","27ed996fdda1b2c944ba749e93852e39d03325feb1fac478e5bc55bdcb9210df","","","assets/js/some_work_data.js","5556","text-url","https://drive.google.com/file/d/1k8a8uWsswGQnG3Pf79GVIaYcN5D_-yBZ/view?usp=sharing","https://accounts.google.com/v3/signin/identifier?continue=https%3A%2F%2Fdrive.usercontent.google.com%2Fdownload%3Fid%3D1k8a8uWsswGQnG3Pf79GVIaYcN5D_-yBZ%26export%3Ddownload&dsh=S-704453778%3A1783943918537186&followup=https%3A%2F%2Fdrive.usercontent.google.com%2Fdownload%3Fid%3D1k8a8uWsswGQnG3Pf79GVIaYcN5D_-yBZ%26export%3Ddownload&passive=1209600&service=wise&flowName=WebLiteSignIn&flowEntry=ServiceLogin&ifkv=Ac50bxu5vGBjdbomgKvTb_MBPQe3qj5Oo9_t_wRfXH-k-4FM1GxFPHtAl75R2ck3r2zIeSRLEL4nJw","1k8a8uWsswGQnG3Pf79GVIaYcN5D_-yBZ","No likely offline artifact found; keep the manifest record and decide whether to hide the public link or rebuild the resource.","Ref Docs/Work/Public Speaking/Images/Staff/square-collage.jpg (32, artifact_candidate) | Ref Docs/Trust Signals/Client Logos/social-media-today-logo.png (29, artifact_candidate) | Ref Docs/Work/Public Speaking/Images/Event Banners/Growth Secrets - Social media amplificaiton.jfif (29, artifact_candidate) | Ref Docs/Work/Public Speaking/Images/Event Banners/Growth Secrets - Social Media.jfif (29, artifact_candidate) | Ref Docs/Trust Signals/Client Logos/InEvent-squarelogo.png (26, artifact_candidate)",""
"rpm-0343","Social / Some Work","Google Ads is mobile-first now | Consistency is common, quality is rare","Landscape","google-drive","not_public_auth_required","auth_required","200","re-share from an accessible account, replace, or hide","preserve manifest row; decide hide vs recreate","missing_artifact","Ref Docs/Trust Signals/Client Logos/social-media-today-logo.png","artifact_candidate","29",".png","30454","4223eedc500197b9095eff3391621f09cb231e266a4b0c7feaedd777eeff4962","","","assets/js/some_work_data.js","8971","text-url","https://drive.google.com/file/d/1kAqBwxD60Z9qJl-ptS5LylmThIyYfwJA/view?usp=sharing","https://accounts.google.com/v3/signin/identifier?continue=https%3A%2F%2Fdrive.usercontent.google.com%2Fdownload%3Fid%3D1kAqBwxD60Z9qJl-ptS5LylmThIyYfwJA%26export%3Ddownload&dsh=S1258602089%3A1783943924318652&followup=https%3A%2F%2Fdrive.usercontent.google.com%2Fdownload%3Fid%3D1kAqBwxD60Z9qJl-ptS5LylmThIyYfwJA%26export%3Ddownload&passive=1209600&service=wise&flowName=WebLiteSignIn&flowEntry=ServiceLogin&ifkv=Ac50bxue_kid-RASl9QvZ8HBIxbxHki-pD4Bg67rq89rNctQp1qu6ZSpdRa7m4mTGqSleccev70I3w","1kAqBwxD60Z9qJl-ptS5LylmThIyYfwJA","No likely offline artifact found; keep the manifest record and decide whether to hide the public link or rebuild the resource.","Ref Docs/Trust Signals/Client Logos/social-media-today-logo.png (29, artifact_candidate) | Ref Docs/Work/Public Speaking/Images/Event Banners/Growth Secrets - Social media amplificaiton.jfif (29, artifact_candidate) | Ref Docs/Work/Public Speaking/Images/Event Banners/Growth Secrets - Social Media.jfif (29, artifact_candidate)",""
"rpm-0344","Social / Some Work","Inbound Sales Techniques","Landscape","google-drive","not_public_auth_required","auth_required","200","re-share from an accessible account, replace, or hide","preserve manifest row; decide hide vs recreate","missing_artifact","Ref Docs/Trust Signals/Client Logos/social-media-today-logo.png","artifact_candidate","30",".png","30454","4223eedc500197b9095eff3391621f09cb231e266a4b0c7feaedd777eeff4962","","","assets/js/some_work_data.js","4043","text-url","https://drive.google.com/file/d/1kfOb1EAyUUH_OePpkDvfRWY0tNvSlUoi/view?usp=sharing","https://accounts.google.com/v3/signin/identifier?continue=https%3A%2F%2Fdrive.usercontent.google.com%2Fdownload%3Fid%3D1kfOb1EAyUUH_OePpkDvfRWY0tNvSlUoi%26export%3Ddownload&dsh=S-1693982783%3A1783943915957545&followup=https%3A%2F%2Fdrive.usercontent.google.com%2Fdownload%3Fid%3D1kfOb1EAyUUH_OePpkDvfRWY0tNvSlUoi%26export%3Ddownload&passive=1209600&service=wise&flowName=WebLiteSignIn&flowEntry=ServiceLogin&ifkv=Ac50bxsoo0kqmrZRCnmU4eEiynC2lQpPanDdFaVAWErIjF0WT6W173CQmMauhlm9T4hviI5F16Oz","1kfOb1EAyUUH_OePpkDvfRWY0tNvSlUoi","No likely offline artifact found; keep the manifest record and decide whether to hide the public link or rebuild the resource.","Ref Docs/Trust Signals/Client Logos/social-media-today-logo.png (30, artifact_candidate) | Ref Docs/Work/Public Speaking/Images/Event Banners/Growth Secrets - Social media amplificaiton.jfif (30, artifact_candidate) | Ref Docs/Work/Public Speaking/Images/Event Banners/Growth Secrets - Social Media.jfif (30, artifact_candidate)",""
"rpm-0345","Social / Some Work","Speaking at Growth Hackers Conference 2021","Square | Vertical","google-drive","not_public_auth_required","auth_required","200","re-share from an accessible account, replace, or hide","review candidate offline file before changing link","possible_artifact","Ref Docs/Work/Public Speaking/Images/Event Banners/Growth Secrets - Social media amplificaiton.jfif","artifact_candidate","41",".jfif","36003","7e12e68e3b070870ba4d9300f2bd5220b909eacf9131237c3f41ffc00c9fbd46","","","assets/js/some_work_data.js","7360","text-url","https://drive.google.com/file/d/1kgcN2thV11HBKYQ3g4wNxlnZ4nTX4MAR/view?usp=sharing","https://accounts.google.com/v3/signin/identifier?continue=https%3A%2F%2Fdrive.usercontent.google.com%2Fdownload%3Fid%3D1kgcN2thV11HBKYQ3g4wNxlnZ4nTX4MAR%26export%3Ddownload&dsh=S1495839738%3A1783943921147364&followup=https%3A%2F%2Fdrive.usercontent.google.com%2Fdownload%3Fid%3D1kgcN2thV11HBKYQ3g4wNxlnZ4nTX4MAR%26export%3Ddownload&passive=1209600&service=wise&flowName=WebLiteSignIn&flowEntry=ServiceLogin&ifkv=Ac50bxtalU113nGoI-ur7AC9GGmJOHOUiJXZ1AgwGeblbppIDodWwyxVJjMC0Gq60iWmRm5MBIZu","1kgcN2thV11HBKYQ3g4wNxlnZ4nTX4MAR","Open the candidate file and confirm it is the same artifact before replacing the URL.","Ref Docs/Work/Public Speaking/Images/Event Banners/Growth Secrets - Social media amplificaiton.jfif (41, artifact_candidate) | Ref Docs/Work/Public Speaking/Images/Event Banners/Growth Secrets - Social Media.jfif (41, artifact_candidate) | Ref Docs/Trust Signals/Client Logos/social-media-today-logo.png (36, artifact_candidate) | Ref Docs/Trust Signals/Client Logos/growth-hackers.png (26, artifact_candidate) | Ref Docs/Work/Public Speaking/Images/Event Banners/Nordic Growth Hackers_v4.png (26, artifact_candidate)",""
"rpm-0346","Social / Some Work","Avoid Relaunch SEO Risks","Square | Vertical","google-drive","not_public_auth_required","auth_required","200","re-share from an accessible account, replace, or hide","preserve manifest row; decide hide vs recreate","missing_artifact","Ref Docs/Trust Signals/Client Logos/social-media-today-logo.png","artifact_candidate","30",".png","30454","4223eedc500197b9095eff3391621f09cb231e266a4b0c7feaedd777eeff4962","","","assets/js/some_work_data.js","4532","text-url","https://drive.google.com/file/d/1kGtVq9r25dp9BmGj5sO7cCGsGQ7yDYSe/view?usp=sharing","https://accounts.google.com/v3/signin/identifier?continue=https://drive.usercontent.google.com/download?id%3D1kGtVq9r25dp9BmGj5sO7cCGsGQ7yDYSe%26export%3Ddownload&followup=https://drive.usercontent.google.com/download?id%3D1kGtVq9r25dp9BmGj5sO7cCGsGQ7yDYSe%26export%3Ddownload&passive=1209600&service=wise&flowName=WebLiteSignIn&flowEntry=ServiceLogin&dsh=S1495839738:1783943916840290","1kGtVq9r25dp9BmGj5sO7cCGsGQ7yDYSe","No likely offline artifact found; keep the manifest record and decide whether to hide the public link or rebuild the resource.","Ref Docs/Trust Signals/Client Logos/social-media-today-logo.png (30, artifact_candidate) | Ref Docs/Work/Public Speaking/Images/Event Banners/Growth Secrets - Social media amplificaiton.jfif (30, artifact_candidate) | Ref Docs/Work/Public Speaking/Images/Event Banners/Growth Secrets - Social Media.jfif (30, artifact_candidate)",""
"rpm-0347","Social / Some Work","Engagement is earned","Landscape","google-drive","not_public_auth_required","auth_required","200","re-share from an accessible account, replace, or hide","preserve manifest row; decide hide vs recreate","missing_artifact","Ref Docs/Trust Signals/Client Logos/social-media-today-logo.png","artifact_candidate","30",".png","30454","4223eedc500197b9095eff3391621f09cb231e266a4b0c7feaedd777eeff4962","","","assets/js/some_work_data.js","3796","text-url","https://drive.google.com/file/d/1Kiglzv9mhKday7yB6nNVshK8A9m8Y65t/view?usp=sharing","https://accounts.google.com/v3/signin/identifier?continue=https%3A%2F%2Fdrive.usercontent.google.com%2Fdownload%3Fid%3D1Kiglzv9mhKday7yB6nNVshK8A9m8Y65t%26export%3Ddownload&dsh=S-667281586%3A1783943915349133&followup=https%3A%2F%2Fdrive.usercontent.google.com%2Fdownload%3Fid%3D1Kiglzv9mhKday7yB6nNVshK8A9m8Y65t%26export%3Ddownload&passive=1209600&service=wise&flowName=WebLiteSignIn&flowEntry=ServiceLogin&ifkv=Ac50bxu4afMRMki6emWLm2n4TJItqAMNkreR1tD3VQt33ANlm5QRXZHksesGtxaBOQmZbSHv2rmUOg","1Kiglzv9mhKday7yB6nNVshK8A9m8Y65t","No likely offline artifact found; keep the manifest record and decide whether to hide the public link or rebuild the resource.","Ref Docs/Trust Signals/Client Logos/social-media-today-logo.png (30, artifact_candidate) | Ref Docs/Work/Public Speaking/Images/Event Banners/Growth Secrets - Social media amplificaiton.jfif (30, artifact_candidate) | Ref Docs/Work/Public Speaking/Images/Event Banners/Growth Secrets - Social Media.jfif (30, artifact_candidate)",""
"rpm-0348","Social / Some Work","Content strategy, then consistent creation | CRO basics that drive results","Landscape","google-drive","not_public_auth_required","auth_required","200","re-share from an accessible account, replace, or hide","preserve source index; recover/export actual artifact","source_index_only","Ref Docs/Work/Marketing/Social Media/Content Strategy.csv","source_index_candidate","47",".csv","6361","7c218af080215b9e423df03e4c932cc3fa8b727e195a572671458d0e6990029d","","","assets/js/some_work_data.js","3218","text-url","https://drive.google.com/file/d/1KJ1crvsG47-ipWRjETLYg83-ONaB7fSn/view?usp=sharing","https://accounts.google.com/v3/signin/identifier?continue=https%3A%2F%2Fdrive.usercontent.google.com%2Fdownload%3Fid%3D1KJ1crvsG47-ipWRjETLYg83-ONaB7fSn%26export%3Ddownload&dsh=S570785647%3A1783943914064248&followup=https%3A%2F%2Fdrive.usercontent.google.com%2Fdownload%3Fid%3D1KJ1crvsG47-ipWRjETLYg83-ONaB7fSn%26export%3Ddownload&passive=1209600&service=wise&flowName=WebLiteSignIn&flowEntry=ServiceLogin&ifkv=Ac50bxtBxpZ-5IYNQhHXIv1XivfRfYGTbhsIgUk2nRTUvSoH4WLmVt40Z92ZxqjrCxEi5jrgaxLM","1KJ1crvsG47-ipWRjETLYg83-ONaB7fSn","The local file preserves the row/source list, not necessarily the artifact content; recover or recreate before deleting.","Ref Docs/Work/Marketing/Social Media/Content Strategy.csv (47, source_index_candidate) | Ref Docs/Trust Signals/Client Logos/social-media-today-logo.png (29, artifact_candidate) | Ref Docs/Work/Public Speaking/Images/Event Banners/Growth Secrets - Social media amplificaiton.jfif (29, artifact_candidate) | Ref Docs/Work/Public Speaking/Images/Event Banners/Growth Secrets - Social Media.jfif (29, artifact_candidate)","Local source/index file exists, but the actual artifact still needs recovery or export."
"rpm-0349","Social / Some Work","Meet Dziugas, Graphics Designer Intern | Meet Deepika, Content Writer Intern","Landscape","google-drive","not_public_auth_required","auth_required","200","re-share from an accessible account, replace, or hide","preserve manifest row; decide hide vs recreate","missing_artifact","Ref Docs/Trust Signals/Client Logos/social-media-today-logo.png","artifact_candidate","30",".png","30454","4223eedc500197b9095eff3391621f09cb231e266a4b0c7feaedd777eeff4962","","","assets/js/some_work_data.js","2192","text-url","https://drive.google.com/file/d/1KscS7bxVF25sxk81RULRI2lVNzhuC_sT/view?usp=sharing","https://accounts.google.com/v3/signin/identifier?continue=https%3A%2F%2Fdrive.usercontent.google.com%2Fdownload%3Fid%3D1KscS7bxVF25sxk81RULRI2lVNzhuC_sT%26export%3Ddownload&dsh=S1495839738%3A1783943911484734&followup=https%3A%2F%2Fdrive.usercontent.google.com%2Fdownload%3Fid%3D1KscS7bxVF25sxk81RULRI2lVNzhuC_sT%26export%3Ddownload&passive=1209600&service=wise&flowName=WebLiteSignIn&flowEntry=ServiceLogin&ifkv=Ac50bxv6CajQyjhEdHjfKmfjMRB_a7EYLjovRuzmEz3TeoDLv83M5iVFwiM9YmPsgywxt9ygLTgBzg","1KscS7bxVF25sxk81RULRI2lVNzhuC_sT","No likely offline artifact found; keep the manifest record and decide whether to hide the public link or rebuild the resource.","Ref Docs/Trust Signals/Client Logos/social-media-today-logo.png (30, artifact_candidate) | Ref Docs/Work/Public Speaking/Images/Event Banners/Growth Secrets - Social media amplificaiton.jfif (30, artifact_candidate) | Ref Docs/Work/Public Speaking/Images/Event Banners/Growth Secrets - Social Media.jfif (30, artifact_candidate)",""
"rpm-0350","Social / Some Work","Meet the Team: Gaetan Herry","Vertical","google-drive","not_public_auth_required","auth_required","200","re-share from an accessible account, replace, or hide","preserve manifest row; decide hide vs recreate","missing_artifact","Ref Docs/Trust Signals/Client Logos/social-media-today-logo.png","artifact_candidate","30",".png","30454","4223eedc500197b9095eff3391621f09cb231e266a4b0c7feaedd777eeff4962","","","assets/js/some_work_data.js","2655","text-url","https://drive.google.com/file/d/1KsulMB9VDsA19iMdXpy5ceEkE8j3_tYb/view?usp=sharing","https://accounts.google.com/v3/signin/identifier?continue=https%3A%2F%2Fdrive.usercontent.google.com%2Fdownload%3Fid%3D1KsulMB9VDsA19iMdXpy5ceEkE8j3_tYb%26export%3Ddownload&dsh=S-2061722868%3A1783943912778520&followup=https%3A%2F%2Fdrive.usercontent.google.com%2Fdownload%3Fid%3D1KsulMB9VDsA19iMdXpy5ceEkE8j3_tYb%26export%3Ddownload&passive=1209600&service=wise&flowName=WebLiteSignIn&flowEntry=ServiceLogin&ifkv=Ac50bxsP0ahmX7ZCQqw01pmHAy0Rhg2CsMh2JdgFNjSHkeQAUslafKozTlZgGdXryvThvPG8yAhx5Q","1KsulMB9VDsA19iMdXpy5ceEkE8j3_tYb","No likely offline artifact found; keep the manifest record and decide whether to hide the public link or rebuild the resource.","Ref Docs/Trust Signals/Client Logos/social-media-today-logo.png (30, artifact_candidate) | Ref Docs/Work/Public Speaking/Images/Event Banners/Growth Secrets - Social media amplificaiton.jfif (30, artifact_candidate) | Ref Docs/Work/Public Speaking/Images/Event Banners/Growth Secrets - Social Media.jfif (30, artifact_candidate)",""
"rpm-0351","Social / Some Work","Klint Marketing","Square","google-drive","not_public_auth_required","auth_required","200","re-share from an accessible account, replace, or hide","preserve manifest row; decide hide vs recreate","missing_artifact","Ref Docs/Work/Public Speaking/Images/Event Banners/Growth Secrets - Social media amplificaiton.jfif","artifact_candidate","35",".jfif","36003","7e12e68e3b070870ba4d9300f2bd5220b909eacf9131237c3f41ffc00c9fbd46","","","assets/js/some_work_data.js","8154","text-url","https://drive.google.com/file/d/1ku3LAzNZtP7G7TAkjln9UQ3LDKxsgaD4/view?usp=sharing","https://accounts.google.com/v3/signin/identifier?continue=https%3A%2F%2Fdrive.usercontent.google.com%2Fdownload%3Fid%3D1ku3LAzNZtP7G7TAkjln9UQ3LDKxsgaD4%26export%3Ddownload&dsh=S570785647%3A1783943922252095&followup=https%3A%2F%2Fdrive.usercontent.google.com%2Fdownload%3Fid%3D1ku3LAzNZtP7G7TAkjln9UQ3LDKxsgaD4%26export%3Ddownload&passive=1209600&service=wise&flowName=WebLiteSignIn&flowEntry=ServiceLogin&ifkv=Ac50bxvG4d9tucG6rZPxX5KB-QcLdWU-5h5A2NlN_tGqbuzBbTpY-9MASzj_gkVcom5v4QPRN4cMKQ","1ku3LAzNZtP7G7TAkjln9UQ3LDKxsgaD4","No likely offline artifact found; keep the manifest record and decide whether to hide the public link or rebuild the resource.","Ref Docs/Work/Public Speaking/Images/Event Banners/Growth Secrets - Social media amplificaiton.jfif (35, artifact_candidate) | Ref Docs/Work/Public Speaking/Images/Event Banners/Growth Secrets - Social Media.jfif (35, artifact_candidate) | Ref Docs/Work/Public Speaking/Images/Staff/square-collage.jpg (32, artifact_candidate) | Ref Docs/Trust Signals/Client Logos/social-media-today-logo.png (29, artifact_candidate) | Ref Docs/Trust Signals/Client Logos/InEvent-squarelogo.png (26, artifact_candidate)",""
"rpm-0352","Social / Some Work","Infographic tools for eye catching visuals","Square","google-drive","not_public_auth_required","auth_required","200","re-share from an accessible account, replace, or hide","preserve manifest row; decide hide vs recreate","missing_artifact","Ref Docs/Work/Public Speaking/Images/Event Banners/Growth Secrets - Social media amplificaiton.jfif","artifact_candidate","34",".jfif","36003","7e12e68e3b070870ba4d9300f2bd5220b909eacf9131237c3f41ffc00c9fbd46","","","assets/js/some_work_data.js","1482","text-url","https://drive.google.com/file/d/1kvCO3EMLVvK8c1NXBFxKx8sv0gwHKk8O/view?usp=sharing","https://accounts.google.com/v3/signin/identifier?continue=https://drive.usercontent.google.com/download?id%3D1kvCO3EMLVvK8c1NXBFxKx8sv0gwHKk8O%26export%3Ddownload&followup=https://drive.usercontent.google.com/download?id%3D1kvCO3EMLVvK8c1NXBFxKx8sv0gwHKk8O%26export%3Ddownload&passive=1209600&service=wise&flowName=WebLiteSignIn&flowEntry=ServiceLogin&dsh=S1495839738:1783943910755578","1kvCO3EMLVvK8c1NXBFxKx8sv0gwHKk8O","No likely offline artifact found; keep the manifest record and decide whether to hide the public link or rebuild the resource.","Ref Docs/Work/Public Speaking/Images/Event Banners/Growth Secrets - Social media amplificaiton.jfif (34, artifact_candidate) | Ref Docs/Work/Public Speaking/Images/Event Banners/Growth Secrets - Social Media.jfif (34, artifact_candidate) | Ref Docs/Work/Public Speaking/Images/Staff/square-collage.jpg (31, artifact_candidate) | Ref Docs/Trust Signals/Client Logos/social-media-today-logo.png (29, artifact_candidate) | Ref Docs/Trust Signals/Client Logos/InEvent-squarelogo.png (26, artifact_candidate)",""
"rpm-0353","Social / Some Work","LinkedIn Shadow Ban | Customer perception","Landscape","google-drive","not_public_auth_required","auth_required","200","re-share from an accessible account, replace, or hide","preserve manifest row; decide hide vs recreate","missing_artifact","Ref Docs/Trust Signals/Client Logos/social-media-today-logo.png","artifact_candidate","29",".png","30454","4223eedc500197b9095eff3391621f09cb231e266a4b0c7feaedd777eeff4962","","","assets/js/some_work_data.js","32","text-url","https://drive.google.com/file/d/1kZucHRk2CnC2WQYB-pZevBypXd0fNK2y/view?usp=sharing","https://accounts.google.com/v3/signin/identifier?continue=https%3A%2F%2Fdrive.usercontent.google.com%2Fdownload%3Fid%3D1kZucHRk2CnC2WQYB-pZevBypXd0fNK2y%26export%3Ddownload&dsh=S-1693982783%3A1783943907303799&followup=https%3A%2F%2Fdrive.usercontent.google.com%2Fdownload%3Fid%3D1kZucHRk2CnC2WQYB-pZevBypXd0fNK2y%26export%3Ddownload&passive=1209600&service=wise&flowName=WebLiteSignIn&flowEntry=ServiceLogin&ifkv=Ac50bxujfthwfili58Axr243GxEXI9cEKv57rltDGu0_b36BbCf_3fz2VwpQnxusDuMJBhybrEfEMw","1kZucHRk2CnC2WQYB-pZevBypXd0fNK2y","No likely offline artifact found; keep the manifest record and decide whether to hide the public link or rebuild the resource.","Ref Docs/Trust Signals/Client Logos/social-media-today-logo.png (29, artifact_candidate) | Ref Docs/Work/Public Speaking/Images/Event Banners/Growth Secrets - Social media amplificaiton.jfif (29, artifact_candidate) | Ref Docs/Work/Public Speaking/Images/Event Banners/Growth Secrets - Social Media.jfif (29, artifact_candidate)",""
"rpm-0354","Social / Some Work","Meet the Team: Taylor Ryan | Meet Ava, Marketing Intern","Landscape","google-drive","not_public_auth_required","auth_required","200","re-share from an accessible account, replace, or hide","preserve manifest row; decide hide vs recreate","missing_artifact","Ref Docs/Trust Signals/Client Logos/social-media-today-logo.png","artifact_candidate","30",".png","30454","4223eedc500197b9095eff3391621f09cb231e266a4b0c7feaedd777eeff4962","","","assets/js/some_work_data.js","2519","text-url","https://drive.google.com/file/d/1l0rU4y_5czTSJP8RfSxjvRmCWt55Hdqo/view?usp=sharing","https://accounts.google.com/v3/signin/identifier?continue=https%3A%2F%2Fdrive.usercontent.google.com%2Fdownload%3Fid%3D1l0rU4y_5czTSJP8RfSxjvRmCWt55Hdqo%26export%3Ddownload&dsh=S-1962494319%3A1783943912602329&followup=https%3A%2F%2Fdrive.usercontent.google.com%2Fdownload%3Fid%3D1l0rU4y_5czTSJP8RfSxjvRmCWt55Hdqo%26export%3Ddownload&passive=1209600&service=wise&flowName=WebLiteSignIn&flowEntry=ServiceLogin&ifkv=Ac50bxs5SV4VoMLAQnkDNv23mTM_vrhDt2ttudha20mvVhT0LsPaMqT4upFC9Tq4S_dod9IbNcgCew","1l0rU4y_5czTSJP8RfSxjvRmCWt55Hdqo","No likely offline artifact found; keep the manifest record and decide whether to hide the public link or rebuild the resource.","Ref Docs/Trust Signals/Client Logos/social-media-today-logo.png (30, artifact_candidate) | Ref Docs/Work/Public Speaking/Images/Event Banners/Growth Secrets - Social media amplificaiton.jfif (30, artifact_candidate) | Ref Docs/Work/Public Speaking/Images/Event Banners/Growth Secrets - Social Media.jfif (30, artifact_candidate)",""
"rpm-0355","Social / Some Work","Competitor Analysis Tools: Discover and Compare Competitors [2021] | Worst Controversial Ads Ever: Controversial Ad Campaigns [2021]","Article","google-drive","not_public_auth_required","auth_required","200","re-share from an accessible account, replace, or hide","preserve manifest row; decide hide vs recreate","missing_artifact","Ref Docs/Trust Signals/Client Logos/social-media-today-logo.png","artifact_candidate","29",".png","30454","4223eedc500197b9095eff3391621f09cb231e266a4b0c7feaedd777eeff4962","","","assets/js/some_work_data.js","445","text-url","https://drive.google.com/file/d/1lC7tnuOF9hXk820ijvD6rWUE22N8mSbO/view?usp=sharing","https://accounts.google.com/v3/signin/identifier?continue=https%3A%2F%2Fdrive.usercontent.google.com%2Fdownload%3Fid%3D1lC7tnuOF9hXk820ijvD6rWUE22N8mSbO%26export%3Ddownload&dsh=S-704453778%3A1783943907689445&followup=https%3A%2F%2Fdrive.usercontent.google.com%2Fdownload%3Fid%3D1lC7tnuOF9hXk820ijvD6rWUE22N8mSbO%26export%3Ddownload&passive=1209600&service=wise&flowName=WebLiteSignIn&flowEntry=ServiceLogin&ifkv=Ac50bxuUxCatgTDVlaWRZac-V4Ycouu2yp7wBmUheljvLUxziWEyU38-mQGqcl6DxZyDJ_G8U4nAgg","1lC7tnuOF9hXk820ijvD6rWUE22N8mSbO","No likely offline artifact found; keep the manifest record and decide whether to hide the public link or rebuild the resource.","Ref Docs/Trust Signals/Client Logos/social-media-today-logo.png (29, artifact_candidate) | Ref Docs/Work/Public Speaking/Images/Event Banners/Growth Secrets - Social media amplificaiton.jfif (29, artifact_candidate) | Ref Docs/Work/Public Speaking/Images/Event Banners/Growth Secrets - Social Media.jfif (29, artifact_candidate) | Ref Docs/Work/Writing/Archived_PDFs/AI in Social Media - Taylor [PDF].pdf (29, artifact_candidate) | Ref Docs/Work/Writing/Archived_PDFs/Social Media Trends for 2020 (Marketing Edition) - Taylor [PDF].pdf (29, artifact_candidate)",""
"rpm-0356","Social / Some Work","11 Content Writing Tips That Work for Every Eventuality | Webinar Tools: Features to Improve Webinar Hosting [2021]","Landscape","google-drive","not_public_auth_required","auth_required","200","re-share from an accessible account, replace, or hide","preserve manifest row; decide hide vs recreate","missing_artifact","Ref Docs/Trust Signals/Client Logos/social-media-today-logo.png","artifact_candidate","29",".png","30454","4223eedc500197b9095eff3391621f09cb231e266a4b0c7feaedd777eeff4962","","","assets/js/some_work_data.js","587","text-url","https://drive.google.com/file/d/1lhoUxkA3bOmLWvuNUZ0fbuK5ZXHznS-W/view?usp=sharing","https://accounts.google.com/v3/signin/identifier?continue=https%3A%2F%2Fdrive.usercontent.google.com%2Fdownload%3Fid%3D1lhoUxkA3bOmLWvuNUZ0fbuK5ZXHznS-W%26export%3Ddownload&dsh=S-1962494319%3A1783943908346650&followup=https%3A%2F%2Fdrive.usercontent.google.com%2Fdownload%3Fid%3D1lhoUxkA3bOmLWvuNUZ0fbuK5ZXHznS-W%26export%3Ddownload&passive=1209600&service=wise&flowName=WebLiteSignIn&flowEntry=ServiceLogin&ifkv=Ac50bxsfK0v-nJJN-fTThqzqlV5POTCrFaM-OWj1E7frGXzIboQk1cm5-4Mkw3kLTw09G5Rh538HsA","1lhoUxkA3bOmLWvuNUZ0fbuK5ZXHznS-W","No likely offline artifact found; keep the manifest record and decide whether to hide the public link or rebuild the resource.","Ref Docs/Trust Signals/Client Logos/social-media-today-logo.png (29, artifact_candidate) | Ref Docs/Work/Public Speaking/Images/Event Banners/Growth Secrets - Social media amplificaiton.jfif (29, artifact_candidate) | Ref Docs/Work/Public Speaking/Images/Event Banners/Growth Secrets - Social Media.jfif (29, artifact_candidate)",""
"rpm-0357","Social / Some Work","LinkedIn is packed with decision makers | Twitter has daily attention","Landscape","google-drive","not_public_auth_required","auth_required","200","re-share from an accessible account, replace, or hide","preserve manifest row; decide hide vs recreate","missing_artifact","Ref Docs/Trust Signals/Client Logos/social-media-today-logo.png","artifact_candidate","30",".png","30454","4223eedc500197b9095eff3391621f09cb231e266a4b0c7feaedd777eeff4962","","","assets/js/some_work_data.js","8907","text-url","https://drive.google.com/file/d/1lm2E_xVjW9CybD7luBxHHZlJghB3Yq-Z/view?usp=sharing","https://accounts.google.com/v3/signin/identifier?continue=https%3A%2F%2Fdrive.usercontent.google.com%2Fdownload%3Fid%3D1lm2E_xVjW9CybD7luBxHHZlJghB3Yq-Z%26export%3Ddownload&dsh=S-2061722868%3A1783943924144173&followup=https%3A%2F%2Fdrive.usercontent.google.com%2Fdownload%3Fid%3D1lm2E_xVjW9CybD7luBxHHZlJghB3Yq-Z%26export%3Ddownload&passive=1209600&service=wise&flowName=WebLiteSignIn&flowEntry=ServiceLogin&ifkv=Ac50bxu6KXV-K-eHdMZKkw66d2Geeb6EcUrU5dhKhH0y7sZboRcHen6AtrN4S2BXjA0qITK6uoWt","1lm2E_xVjW9CybD7luBxHHZlJghB3Yq-Z","No likely offline artifact found; keep the manifest record and decide whether to hide the public link or rebuild the resource.","Ref Docs/Trust Signals/Client Logos/social-media-today-logo.png (30, artifact_candidate) | Ref Docs/Work/Public Speaking/Images/Event Banners/Growth Secrets - Social media amplificaiton.jfif (30, artifact_candidate) | Ref Docs/Work/Public Speaking/Images/Event Banners/Growth Secrets - Social Media.jfif (30, artifact_candidate)",""
"rpm-0358","Social / Some Work","39 Best SaaS Business Podcasts (curated picks)","Landscape","google-drive","not_public_auth_required","auth_required","200","re-share from an accessible account, replace, or hide","preserve manifest row; decide hide vs recreate","missing_artifact","Ref Docs/Trust Signals/Client Logos/social-media-today-logo.png","artifact_candidate","29",".png","30454","4223eedc500197b9095eff3391621f09cb231e266a4b0c7feaedd777eeff4962","","","assets/js/some_work_data.js","1556","text-url","https://drive.google.com/file/d/1Lp7X1t0m_P4lD9N8hMXOfSGjIi-16QyH/view?usp=sharing","https://accounts.google.com/v3/signin/identifier?continue=https://drive.usercontent.google.com/download?id%3D1Lp7X1t0m_P4lD9N8hMXOfSGjIi-16QyH%26export%3Ddownload&followup=https://drive.usercontent.google.com/download?id%3D1Lp7X1t0m_P4lD9N8hMXOfSGjIi-16QyH%26export%3Ddownload&passive=1209600&service=wise&flowName=WebLiteSignIn&flowEntry=ServiceLogin&dsh=S-667281586:1783943911035711","1Lp7X1t0m_P4lD9N8hMXOfSGjIi-16QyH","No likely offline artifact found; keep the manifest record and decide whether to hide the public link or rebuild the resource.","Ref Docs/Trust Signals/Client Logos/social-media-today-logo.png (29, artifact_candidate) | Ref Docs/Work/Public Speaking/Images/Event Banners/Growth Secrets - Social media amplificaiton.jfif (29, artifact_candidate) | Ref Docs/Work/Public Speaking/Images/Event Banners/Growth Secrets - Social Media.jfif (29, artifact_candidate)",""
"rpm-0359","Social / Some Work","BotXO: -40% CPC Optimization","Landscape","google-drive","not_public_auth_required","auth_required","200","re-share from an accessible account, replace, or hide","preserve manifest row; decide hide vs recreate","missing_artifact","Ref Docs/Trust Signals/Client Logos/social-media-today-logo.png","artifact_candidate","30",".png","30454","4223eedc500197b9095eff3391621f09cb231e266a4b0c7feaedd777eeff4962","","","assets/js/some_work_data.js","4265","text-url","https://drive.google.com/file/d/1LSCoE_Y6d_xXVCpPJL5D95XHSXlZbsFr/view?usp=sharing","https://accounts.google.com/v3/signin/identifier?continue=https%3A%2F%2Fdrive.usercontent.google.com%2Fdownload%3Fid%3D1LSCoE_Y6d_xXVCpPJL5D95XHSXlZbsFr%26export%3Ddownload&dsh=S1258602089%3A1783943916224809&followup=https%3A%2F%2Fdrive.usercontent.google.com%2Fdownload%3Fid%3D1LSCoE_Y6d_xXVCpPJL5D95XHSXlZbsFr%26export%3Ddownload&passive=1209600&service=wise&flowName=WebLiteSignIn&flowEntry=ServiceLogin&ifkv=Ac50bxtZJMYashLPo2-w6cpRVy-R4_3Tz6rFBx3Dl4-KMYQeYFHNysFNDKfcjmMo-0n4Oy1xSAwyjA","1LSCoE_Y6d_xXVCpPJL5D95XHSXlZbsFr","No likely offline artifact found; keep the manifest record and decide whether to hide the public link or rebuild the resource.","Ref Docs/Trust Signals/Client Logos/social-media-today-logo.png (30, artifact_candidate) | Ref Docs/Work/Public Speaking/Images/Event Banners/Growth Secrets - Social media amplificaiton.jfif (30, artifact_candidate) | Ref Docs/Work/Public Speaking/Images/Event Banners/Growth Secrets - Social Media.jfif (30, artifact_candidate)",""
"rpm-0360","Social / Some Work","75 Best Marketing Podcasts (2021) | The 32 Best Newsletter Tools (2021)","Landscape","google-drive","not_public_auth_required","auth_required","200","re-share from an accessible account, replace, or hide","preserve manifest row; decide hide vs recreate","missing_artifact","Ref Docs/Work/Public Speaking/Images/Event Banners/Growth Secrets - Social media amplificaiton.jfif","artifact_candidate","34",".jfif","36003","7e12e68e3b070870ba4d9300f2bd5220b909eacf9131237c3f41ffc00c9fbd46","","","assets/js/some_work_data.js","1276","text-url","https://drive.google.com/file/d/1lVPQmsDUuJQ_2T0EEUprqYFYwTPGYkTK/view?usp=sharing","https://accounts.google.com/v3/signin/identifier?continue=https%3A%2F%2Fdrive.usercontent.google.com%2Fdownload%3Fid%3D1lVPQmsDUuJQ_2T0EEUprqYFYwTPGYkTK%26export%3Ddownload&dsh=S-2061722868%3A1783943909886077&followup=https%3A%2F%2Fdrive.usercontent.google.com%2Fdownload%3Fid%3D1lVPQmsDUuJQ_2T0EEUprqYFYwTPGYkTK%26export%3Ddownload&passive=1209600&service=wise&flowName=WebLiteSignIn&flowEntry=ServiceLogin&ifkv=Ac50bxupesW_j1eAzrO3KnFotXKsDGiuGRLetWkt8az38KPSgJaM8swXjME5aVu_qoBk1Bz7rnpFvw","1lVPQmsDUuJQ_2T0EEUprqYFYwTPGYkTK","No likely offline artifact found; keep the manifest record and decide whether to hide the public link or rebuild the resource.","Ref Docs/Work/Public Speaking/Images/Event Banners/Growth Secrets - Social media amplificaiton.jfif (34, artifact_candidate) | Ref Docs/Work/Public Speaking/Images/Event Banners/Growth Secrets - Social Media.jfif (34, artifact_candidate) | Ref Docs/Trust Signals/Client Logos/social-media-today-logo.png (29, artifact_candidate)",""
"rpm-0361","Social / Some Work","Podcast: Coffee in the Clouds (NYDLA) | Podcast: Making a Product Video for Your Invention (MAKO Design)","Article","google-drive","not_public_auth_required","auth_required","200","re-share from an accessible account, replace, or hide","preserve manifest row; decide hide vs recreate","missing_artifact","Ref Docs/Work/Public Speaking/Images/Event Banners/Growth Secrets - Social media amplificaiton.jfif","artifact_candidate","35",".jfif","36003","7e12e68e3b070870ba4d9300f2bd5220b909eacf9131237c3f41ffc00c9fbd46","","","assets/js/some_work_data.js","6367","text-url","https://drive.google.com/file/d/1M3Q4UkoAhzw05KszcU7NGsSUwbZUM8ix/view?usp=sharing","https://accounts.google.com/v3/signin/identifier?continue=https%3A%2F%2Fdrive.usercontent.google.com%2Fdownload%3Fid%3D1M3Q4UkoAhzw05KszcU7NGsSUwbZUM8ix%26export%3Ddownload&dsh=S-217459539%3A1783943919930647&followup=https%3A%2F%2Fdrive.usercontent.google.com%2Fdownload%3Fid%3D1M3Q4UkoAhzw05KszcU7NGsSUwbZUM8ix%26export%3Ddownload&passive=1209600&service=wise&flowName=WebLiteSignIn&flowEntry=ServiceLogin&ifkv=Ac50bxtH5gIOpGUMg2T67dcEf839YYMFnBLOspajhf1MNIL2MMnhS7uWaCDY0LgS75uCkLFGfHZ4yg","1M3Q4UkoAhzw05KszcU7NGsSUwbZUM8ix","No likely offline artifact found; keep the manifest record and decide whether to hide the public link or rebuild the resource.","Ref Docs/Work/Public Speaking/Images/Event Banners/Growth Secrets - Social media amplificaiton.jfif (35, artifact_candidate) | Ref Docs/Work/Public Speaking/Images/Event Banners/Growth Secrets - Social Media.jfif (35, artifact_candidate) | Ref Docs/Trust Signals/Client Logos/social-media-today-logo.png (29, artifact_candidate) | Ref Docs/Work/Writing/Archived_PDFs/AI in Social Media - Taylor [PDF].pdf (29, artifact_candidate) | Ref Docs/Work/Writing/Archived_PDFs/Social Media Trends for 2020 (Marketing Edition) - Taylor [PDF].pdf (29, artifact_candidate)",""
"rpm-0362","Social / Some Work","Meet Simone, Web Design Intern | Meet Yelizaveta, Marketing Intern","Landscape","google-drive","not_public_auth_required","auth_required","200","re-share from an accessible account, replace, or hide","preserve manifest row; decide hide vs recreate","missing_artifact","Ref Docs/Trust Signals/Client Logos/social-media-today-logo.png","artifact_candidate","30",".png","30454","4223eedc500197b9095eff3391621f09cb231e266a4b0c7feaedd777eeff4962","","","assets/js/some_work_data.js","2250","text-url","https://drive.google.com/file/d/1MCZUe--4ZojUEVtBTIuCU-Z5WCSglUkQ/view?usp=sharing","https://accounts.google.com/v3/signin/identifier?continue=https%3A%2F%2Fdrive.usercontent.google.com%2Fdownload%3Fid%3D1MCZUe--4ZojUEVtBTIuCU-Z5WCSglUkQ%26export%3Ddownload&dsh=S1178242601%3A1783943911575406&followup=https%3A%2F%2Fdrive.usercontent.google.com%2Fdownload%3Fid%3D1MCZUe--4ZojUEVtBTIuCU-Z5WCSglUkQ%26export%3Ddownload&passive=1209600&service=wise&flowName=WebLiteSignIn&flowEntry=ServiceLogin&ifkv=Ac50bxtkO9kfTfWFzAA2XNjOieSm1fTokf8h589_MbTCS7_Id92Bgt1Q7A4zMMsUVr7n_bLKBUriRQ","1MCZUe--4ZojUEVtBTIuCU-Z5WCSglUkQ","No likely offline artifact found; keep the manifest record and decide whether to hide the public link or rebuild the resource.","Ref Docs/Trust Signals/Client Logos/social-media-today-logo.png (30, artifact_candidate) | Ref Docs/Work/Public Speaking/Images/Event Banners/Growth Secrets - Social media amplificaiton.jfif (30, artifact_candidate) | Ref Docs/Work/Public Speaking/Images/Event Banners/Growth Secrets - Social Media.jfif (30, artifact_candidate)",""
"rpm-0363","Social / Some Work","Branded Content: Branded Content Marketing for Any Business [2021] | Email Spoofing 101: What Is It, and How to Stop It?","Landscape","google-drive","not_public_auth_required","auth_required","200","re-share from an accessible account, replace, or hide","preserve manifest row; decide hide vs recreate","missing_artifact","Ref Docs/Trust Signals/Client Logos/social-media-today-logo.png","artifact_candidate","29",".png","30454","4223eedc500197b9095eff3391621f09cb231e266a4b0c7feaedd777eeff4962","","","assets/js/some_work_data.js","684","text-url","https://drive.google.com/file/d/1md6IJUaHj5Q0OepKHxLWZtVoH-bUnP1v/view?usp=sharing","https://accounts.google.com/v3/signin/identifier?continue=https://drive.usercontent.google.com/download?id%3D1md6IJUaHj5Q0OepKHxLWZtVoH-bUnP1v%26export%3Ddownload&followup=https://drive.usercontent.google.com/download?id%3D1md6IJUaHj5Q0OepKHxLWZtVoH-bUnP1v%26export%3Ddownload&passive=1209600&service=wise&flowName=WebLiteSignIn&flowEntry=ServiceLogin&dsh=S1178242601:1783943908543844","1md6IJUaHj5Q0OepKHxLWZtVoH-bUnP1v","No likely offline artifact found; keep the manifest record and decide whether to hide the public link or rebuild the resource.","Ref Docs/Trust Signals/Client Logos/social-media-today-logo.png (29, artifact_candidate) | Ref Docs/Work/Public Speaking/Images/Event Banners/Growth Secrets - Social media amplificaiton.jfif (29, artifact_candidate) | Ref Docs/Work/Public Speaking/Images/Event Banners/Growth Secrets - Social Media.jfif (29, artifact_candidate)",""
"rpm-0364","Social / Some Work","Engagement is earned","Square | Vertical","google-drive","not_public_auth_required","auth_required","200","re-share from an accessible account, replace, or hide","preserve manifest row; decide hide vs recreate","missing_artifact","Ref Docs/Trust Signals/Client Logos/social-media-today-logo.png","artifact_candidate","30",".png","30454","4223eedc500197b9095eff3391621f09cb231e266a4b0c7feaedd777eeff4962","","","assets/js/some_work_data.js","3804","text-url","https://drive.google.com/file/d/1mkqp2Yig3GflIqaHAh-v1jgbDrMG2acU/view?usp=sharing","https://accounts.google.com/v3/signin/identifier?continue=https%3A%2F%2Fdrive.usercontent.google.com%2Fdownload%3Fid%3D1mkqp2Yig3GflIqaHAh-v1jgbDrMG2acU%26export%3Ddownload&dsh=S-667281586%3A1783943915338392&followup=https%3A%2F%2Fdrive.usercontent.google.com%2Fdownload%3Fid%3D1mkqp2Yig3GflIqaHAh-v1jgbDrMG2acU%26export%3Ddownload&passive=1209600&service=wise&flowName=WebLiteSignIn&flowEntry=ServiceLogin&ifkv=Ac50bxseyw-eJcaIH8OMws5jEOBt0RhLdzGAc-ce6VVg1AKgjSmvlc87bhNsEikXz9GuQItHxNFzOw","1mkqp2Yig3GflIqaHAh-v1jgbDrMG2acU","No likely offline artifact found; keep the manifest record and decide whether to hide the public link or rebuild the resource.","Ref Docs/Trust Signals/Client Logos/social-media-today-logo.png (30, artifact_candidate) | Ref Docs/Work/Public Speaking/Images/Event Banners/Growth Secrets - Social media amplificaiton.jfif (30, artifact_candidate) | Ref Docs/Work/Public Speaking/Images/Event Banners/Growth Secrets - Social Media.jfif (30, artifact_candidate)",""
"rpm-0365","Social / Some Work","99 Growth Hacking Jargon Terms: How Much Do You Know? | 70+ Must Read Best Digital Marketing Books [2021 Update]","Landscape","google-drive","not_public_auth_required","auth_required","200","re-share from an accessible account, replace, or hide","preserve manifest row; decide hide vs recreate","missing_artifact","Ref Docs/Work/Public Speaking/Images/Event Banners/Growth Secrets - Social media amplificaiton.jfif","artifact_candidate","35",".jfif","36003","7e12e68e3b070870ba4d9300f2bd5220b909eacf9131237c3f41ffc00c9fbd46","","","assets/js/some_work_data.js","392","text-url","https://drive.google.com/file/d/1MmEcuG2nceAcZppMr_lKYPm-UrO2RTnz/view?usp=sharing","https://accounts.google.com/v3/signin/identifier?continue=https%3A%2F%2Fdrive.usercontent.google.com%2Fdownload%3Fid%3D1MmEcuG2nceAcZppMr_lKYPm-UrO2RTnz%26export%3Ddownload&dsh=S1495839738%3A1783943907588860&followup=https%3A%2F%2Fdrive.usercontent.google.com%2Fdownload%3Fid%3D1MmEcuG2nceAcZppMr_lKYPm-UrO2RTnz%26export%3Ddownload&passive=1209600&service=wise&flowName=WebLiteSignIn&flowEntry=ServiceLogin&ifkv=Ac50bxsuVi0qjMxQaNjs_9Pcl06HTRhUiT4_rQLXEVSw-se-cwEKe4wIh_V-sUH6VGOhQORIHmv1PA","1MmEcuG2nceAcZppMr_lKYPm-UrO2RTnz","No likely offline artifact found; keep the manifest record and decide whether to hide the public link or rebuild the resource.","Ref Docs/Work/Public Speaking/Images/Event Banners/Growth Secrets - Social media amplificaiton.jfif (35, artifact_candidate) | Ref Docs/Work/Public Speaking/Images/Event Banners/Growth Secrets - Social Media.jfif (35, artifact_candidate) | Ref Docs/Trust Signals/Client Logos/social-media-today-logo.png (29, artifact_candidate)",""
"rpm-0366","Social / Some Work","The Product Startup Podcast - Product Videos 3 | The Product Startup Podcast - Product Videos 2","Square","google-drive","not_public_auth_required","auth_required","200","re-share from an accessible account, replace, or hide","preserve manifest row; decide hide vs recreate","missing_artifact","Ref Docs/Work/Public Speaking/Images/Staff/square-collage.jpg","artifact_candidate","32",".jpg","255253","27ed996fdda1b2c944ba749e93852e39d03325feb1fac478e5bc55bdcb9210df","","","assets/js/some_work_data.js","5444","text-url","https://drive.google.com/file/d/1MMHgJIShJHnrRxB6ANCqDEaaFAjBmquf/view?usp=sharing","https://accounts.google.com/v3/signin/identifier?continue=https%3A%2F%2Fdrive.usercontent.google.com%2Fdownload%3Fid%3D1MMHgJIShJHnrRxB6ANCqDEaaFAjBmquf%26export%3Ddownload&dsh=S84258311%3A1783943918328155&followup=https%3A%2F%2Fdrive.usercontent.google.com%2Fdownload%3Fid%3D1MMHgJIShJHnrRxB6ANCqDEaaFAjBmquf%26export%3Ddownload&passive=1209600&service=wise&flowName=WebLiteSignIn&flowEntry=ServiceLogin&ifkv=Ac50bxsJxHPuaN6BQ9yBy11uen3at8qL4WNTs8bLG1Um-PTIqZOhyc34WVWFVbbZ8-IIQK0T05wkrA","1MMHgJIShJHnrRxB6ANCqDEaaFAjBmquf","No likely offline artifact found; keep the manifest record and decide whether to hide the public link or rebuild the resource.","Ref Docs/Work/Public Speaking/Images/Staff/square-collage.jpg (32, artifact_candidate) | Ref Docs/Trust Signals/Client Logos/social-media-today-logo.png (29, artifact_candidate) | Ref Docs/Work/Public Speaking/Images/Event Banners/Growth Secrets - Social media amplificaiton.jfif (29, artifact_candidate) | Ref Docs/Work/Public Speaking/Images/Event Banners/Growth Secrets - Social Media.jfif (29, artifact_candidate) | Ref Docs/Trust Signals/Client Logos/InEvent-squarelogo.png (26, artifact_candidate)",""
"rpm-0367","Social / Some Work","Adaptability in a digital world | Conviction and self-belief","Landscape","google-drive","not_public_auth_required","auth_required","200","re-share from an accessible account, replace, or hide","preserve manifest row; decide hide vs recreate","missing_artifact","Ref Docs/Trust Signals/Client Logos/social-media-today-logo.png","artifact_candidate","30",".png","30454","4223eedc500197b9095eff3391621f09cb231e266a4b0c7feaedd777eeff4962","","","assets/js/some_work_data.js","9472","text-url","https://drive.google.com/file/d/1MPQLNgtmumSVOQdeEiyVxbt5EXCk_G5N/view?usp=sharing","https://accounts.google.com/v3/signin/identifier?continue=https%3A%2F%2Fdrive.usercontent.google.com%2Fdownload%3Fid%3D1MPQLNgtmumSVOQdeEiyVxbt5EXCk_G5N%26export%3Ddownload&dsh=S1258602089%3A1783943926093326&followup=https%3A%2F%2Fdrive.usercontent.google.com%2Fdownload%3Fid%3D1MPQLNgtmumSVOQdeEiyVxbt5EXCk_G5N%26export%3Ddownload&passive=1209600&service=wise&flowName=WebLiteSignIn&flowEntry=ServiceLogin&ifkv=Ac50bxt-xaWsBKYkGEJzSXTg3Levr6zTj4aFYOMrpZGTgFTT6ARC3nojugjW4fOJfDGkl9Ok5M4M","1MPQLNgtmumSVOQdeEiyVxbt5EXCk_G5N","No likely offline artifact found; keep the manifest record and decide whether to hide the public link or rebuild the resource.","Ref Docs/Trust Signals/Client Logos/social-media-today-logo.png (30, artifact_candidate) | Ref Docs/Work/Public Speaking/Images/Event Banners/Growth Secrets - Social media amplificaiton.jfif (30, artifact_candidate) | Ref Docs/Work/Public Speaking/Images/Event Banners/Growth Secrets - Social Media.jfif (30, artifact_candidate)",""
"rpm-0368","Social / Some Work","Welcome Grundfos | Grundfos innovation workshop in Aarhus","Square | Vertical","google-drive","not_public_auth_required","auth_required","200","re-share from an accessible account, replace, or hide","preserve manifest row; decide hide vs recreate","missing_artifact","Ref Docs/Trust Signals/Client Logos/social-media-today-logo.png","artifact_candidate","36",".png","30454","4223eedc500197b9095eff3391621f09cb231e266a4b0c7feaedd777eeff4962","","","assets/js/some_work_data.js","7323","text-url","https://drive.google.com/file/d/1MSd8g_hWH2R5RA_cKa_lV99MT788YB7q/view?usp=sharing","https://accounts.google.com/v3/signin/identifier?continue=https%3A%2F%2Fdrive.usercontent.google.com%2Fdownload%3Fid%3D1MSd8g_hWH2R5RA_cKa_lV99MT788YB7q%26export%3Ddownload&dsh=S1258602089%3A1783943921114578&followup=https%3A%2F%2Fdrive.usercontent.google.com%2Fdownload%3Fid%3D1MSd8g_hWH2R5RA_cKa_lV99MT788YB7q%26export%3Ddownload&passive=1209600&service=wise&flowName=WebLiteSignIn&flowEntry=ServiceLogin&ifkv=Ac50bxssPz99ivzJZKRVC1vmenKtmOmNGLVN8qz9v9rKG4ZTkCsTFQ5PKy6tKhh8hrKGFA9Zn4ui","1MSd8g_hWH2R5RA_cKa_lV99MT788YB7q","No likely offline artifact found; keep the manifest record and decide whether to hide the public link or rebuild the resource.","Ref Docs/Trust Signals/Client Logos/social-media-today-logo.png (36, artifact_candidate) | Ref Docs/Work/Public Speaking/Images/Event Banners/Growth Secrets - Social media amplificaiton.jfif (30, artifact_candidate) | Ref Docs/Work/Public Speaking/Images/Event Banners/Growth Secrets - Social Media.jfif (30, artifact_candidate) | Ref Docs/Trust Signals/Client Logos/SocialMediaManageren.png (24, artifact_candidate)",""
"rpm-0369","Social / Some Work","Meet the Team: Guna | Meet the Team: Andy Parker","Square","google-drive","not_public_auth_required","auth_required","200","re-share from an accessible account, replace, or hide","preserve manifest row; decide hide vs recreate","missing_artifact","Ref Docs/Work/Public Speaking/Images/Staff/square-collage.jpg","artifact_candidate","32",".jpg","255253","27ed996fdda1b2c944ba749e93852e39d03325feb1fac478e5bc55bdcb9210df","","","assets/js/some_work_data.js","2728","text-url","https://drive.google.com/file/d/1MURGwIJMhq_ArCW8NGALkUIx5AveURAz/view?usp=sharing","https://accounts.google.com/v3/signin/identifier?continue=https%3A%2F%2Fdrive.usercontent.google.com%2Fdownload%3Fid%3D1MURGwIJMhq_ArCW8NGALkUIx5AveURAz%26export%3Ddownload&dsh=S-217459539%3A1783943912986920&followup=https%3A%2F%2Fdrive.usercontent.google.com%2Fdownload%3Fid%3D1MURGwIJMhq_ArCW8NGALkUIx5AveURAz%26export%3Ddownload&passive=1209600&service=wise&flowName=WebLiteSignIn&flowEntry=ServiceLogin&ifkv=Ac50bxuIDc3kY-B5mFhz3hnwPj_8S6h9KBLrluFp78HzfrnZIYnqpAV1KAcrHD614N8O4ovAYYFK","1MURGwIJMhq_ArCW8NGALkUIx5AveURAz","No likely offline artifact found; keep the manifest record and decide whether to hide the public link or rebuild the resource.","Ref Docs/Work/Public Speaking/Images/Staff/square-collage.jpg (32, artifact_candidate) | Ref Docs/Trust Signals/Client Logos/social-media-today-logo.png (30, artifact_candidate) | Ref Docs/Work/Public Speaking/Images/Event Banners/Growth Secrets - Social media amplificaiton.jfif (30, artifact_candidate) | Ref Docs/Work/Public Speaking/Images/Event Banners/Growth Secrets - Social Media.jfif (30, artifact_candidate) | Ref Docs/Trust Signals/Client Logos/InEvent-squarelogo.png (26, artifact_candidate)",""
"rpm-0370","Social / Some Work","The 32 Best Newsletter Tools (2021)","Landscape","google-drive","not_public_auth_required","auth_required","200","re-share from an accessible account, replace, or hide","preserve manifest row; decide hide vs recreate","missing_artifact","Ref Docs/Trust Signals/Client Logos/social-media-today-logo.png","artifact_candidate","29",".png","30454","4223eedc500197b9095eff3391621f09cb231e266a4b0c7feaedd777eeff4962","","","assets/js/some_work_data.js","1259","text-url","https://drive.google.com/file/d/1Mxeqy0zflAU96HoQ_Tj713AwNqN5O3sR/view?usp=sharing","https://accounts.google.com/v3/signin/identifier?continue=https%3A%2F%2Fdrive.usercontent.google.com%2Fdownload%3Fid%3D1Mxeqy0zflAU96HoQ_Tj713AwNqN5O3sR%26export%3Ddownload&dsh=S1495839738%3A1783943909411238&followup=https%3A%2F%2Fdrive.usercontent.google.com%2Fdownload%3Fid%3D1Mxeqy0zflAU96HoQ_Tj713AwNqN5O3sR%26export%3Ddownload&passive=1209600&service=wise&flowName=WebLiteSignIn&flowEntry=ServiceLogin&ifkv=Ac50bxsNcLGy8X9hory4aLObYHO2OmwC3R1oNabQbutva8xlXfW-bPSlElP-moK3d45qnMG6cgrwJA","1Mxeqy0zflAU96HoQ_Tj713AwNqN5O3sR","No likely offline artifact found; keep the manifest record and decide whether to hide the public link or rebuild the resource.","Ref Docs/Trust Signals/Client Logos/social-media-today-logo.png (29, artifact_candidate) | Ref Docs/Work/Public Speaking/Images/Event Banners/Growth Secrets - Social media amplificaiton.jfif (29, artifact_candidate) | Ref Docs/Work/Public Speaking/Images/Event Banners/Growth Secrets - Social Media.jfif (29, artifact_candidate)",""
"rpm-0371","Social / Some Work","The Key Elements of Sustainable Marketing | AI in Social Media","Landscape","google-drive","not_public_auth_required","auth_required","200","re-share from an accessible account, replace, or hide","preserve manifest row; decide hide vs recreate","missing_artifact","Ref Docs/Trust Signals/Client Logos/social-media-today-logo.png","artifact_candidate","30",".png","30454","4223eedc500197b9095eff3391621f09cb231e266a4b0c7feaedd777eeff4962","","","assets/js/some_work_data.js","88","text-url","https://drive.google.com/file/d/1N1OOXTmMTwEkf7bWVAuQTaPC7NL_SO7G/view?usp=sharing","https://accounts.google.com/v3/signin/identifier?continue=https%3A%2F%2Fdrive.usercontent.google.com%2Fdownload%3Fid%3D1N1OOXTmMTwEkf7bWVAuQTaPC7NL_SO7G%26export%3Ddownload&dsh=S721579007%3A1783943907415943&followup=https%3A%2F%2Fdrive.usercontent.google.com%2Fdownload%3Fid%3D1N1OOXTmMTwEkf7bWVAuQTaPC7NL_SO7G%26export%3Ddownload&passive=1209600&service=wise&flowName=WebLiteSignIn&flowEntry=ServiceLogin&ifkv=Ac50bxvyb_spfdaI_8Is3tz3DWMOb_K6_3cyH4svBklYr9rNkF8NqrjEYQm4m29zimCCQKJvHDWcUg","1N1OOXTmMTwEkf7bWVAuQTaPC7NL_SO7G","No likely offline artifact found; keep the manifest record and decide whether to hide the public link or rebuild the resource.","Ref Docs/Trust Signals/Client Logos/social-media-today-logo.png (30, artifact_candidate) | Ref Docs/Work/Public Speaking/Images/Event Banners/Growth Secrets - Social media amplificaiton.jfif (30, artifact_candidate) | Ref Docs/Work/Public Speaking/Images/Event Banners/Growth Secrets - Social Media.jfif (30, artifact_candidate)",""
"rpm-0372","Social / Some Work","BotXO: +60% Website Traffic via Ads","Landscape","google-drive","not_public_auth_required","auth_required","200","re-share from an accessible account, replace, or hide","preserve manifest row; decide hide vs recreate","missing_artifact","Ref Docs/Trust Signals/Client Logos/social-media-today-logo.png","artifact_candidate","30",".png","30454","4223eedc500197b9095eff3391621f09cb231e266a4b0c7feaedd777eeff4962","","","assets/js/some_work_data.js","4302","text-url","https://drive.google.com/file/d/1N9Rr2lEk1LLwgBEtH-cfLxUA6xsGmn0x/view?usp=sharing","https://accounts.google.com/v3/signin/identifier?continue=https://drive.usercontent.google.com/download?id%3D1N9Rr2lEk1LLwgBEtH-cfLxUA6xsGmn0x%26export%3Ddownload&followup=https://drive.usercontent.google.com/download?id%3D1N9Rr2lEk1LLwgBEtH-cfLxUA6xsGmn0x%26export%3Ddownload&passive=1209600&service=wise&flowName=WebLiteSignIn&flowEntry=ServiceLogin&dsh=S1178242601:1783943916266601","1N9Rr2lEk1LLwgBEtH-cfLxUA6xsGmn0x","No likely offline artifact found; keep the manifest record and decide whether to hide the public link or rebuild the resource.","Ref Docs/Trust Signals/Client Logos/social-media-today-logo.png (30, artifact_candidate) | Ref Docs/Work/Public Speaking/Images/Event Banners/Growth Secrets - Social media amplificaiton.jfif (30, artifact_candidate) | Ref Docs/Work/Public Speaking/Images/Event Banners/Growth Secrets - Social Media.jfif (30, artifact_candidate)",""
"rpm-0373","Social / Some Work","Bad ideas are part of creativity","Square","google-drive","not_public_auth_required","auth_required","200","re-share from an accessible account, replace, or hide","preserve manifest row; decide hide vs recreate","missing_artifact","Ref Docs/Work/Public Speaking/Images/Staff/square-collage.jpg","artifact_candidate","32",".jpg","255253","27ed996fdda1b2c944ba749e93852e39d03325feb1fac478e5bc55bdcb9210df","","","assets/js/some_work_data.js","3944","text-url","https://drive.google.com/file/d/1nb2GAYCGSnkeKESLl9joomnky0GU4PxP/view?usp=sharing","https://accounts.google.com/v3/signin/identifier?continue=https%3A%2F%2Fdrive.usercontent.google.com%2Fdownload%3Fid%3D1nb2GAYCGSnkeKESLl9joomnky0GU4PxP%26export%3Ddownload&dsh=S721579007%3A1783943915780505&followup=https%3A%2F%2Fdrive.usercontent.google.com%2Fdownload%3Fid%3D1nb2GAYCGSnkeKESLl9joomnky0GU4PxP%26export%3Ddownload&passive=1209600&service=wise&flowName=WebLiteSignIn&flowEntry=ServiceLogin&ifkv=Ac50bxsEIMZUUppxNG_4ikfc_mUzBIFbFdC4AlSjOo0vVxu4kZEjJFEIK-jS51OJl8jjSytGIMZXeQ","1nb2GAYCGSnkeKESLl9joomnky0GU4PxP","No likely offline artifact found; keep the manifest record and decide whether to hide the public link or rebuild the resource.","Ref Docs/Work/Public Speaking/Images/Staff/square-collage.jpg (32, artifact_candidate) | Ref Docs/Trust Signals/Client Logos/social-media-today-logo.png (30, artifact_candidate) | Ref Docs/Work/Public Speaking/Images/Event Banners/Growth Secrets - Social media amplificaiton.jfif (30, artifact_candidate) | Ref Docs/Work/Public Speaking/Images/Event Banners/Growth Secrets - Social Media.jfif (30, artifact_candidate) | Ref Docs/Trust Signals/Client Logos/InEvent-squarelogo.png (26, artifact_candidate)",""
"rpm-0374","Social / Some Work","Growth Hacking Your Business in Denmark | Marketing Lab - Unlocking Growth Hacking","Square","google-drive","not_public_auth_required","auth_required","200","re-share from an accessible account, replace, or hide","preserve manifest row; decide hide vs recreate","missing_artifact","Ref Docs/Work/Public Speaking/Images/Event Banners/Growth Secrets - Social media amplificaiton.jfif","artifact_candidate","35",".jfif","36003","7e12e68e3b070870ba4d9300f2bd5220b909eacf9131237c3f41ffc00c9fbd46","","","assets/js/some_work_data.js","5080","text-url","https://drive.google.com/file/d/1nM1vGIOrPY3UF5yZ2TwHJNlfHyQjBNka/view?usp=sharing","https://accounts.google.com/v3/signin/identifier?continue=https%3A%2F%2Fdrive.usercontent.google.com%2Fdownload%3Fid%3D1nM1vGIOrPY3UF5yZ2TwHJNlfHyQjBNka%26export%3Ddownload&dsh=S1914323719%3A1783943917731910&followup=https%3A%2F%2Fdrive.usercontent.google.com%2Fdownload%3Fid%3D1nM1vGIOrPY3UF5yZ2TwHJNlfHyQjBNka%26export%3Ddownload&passive=1209600&service=wise&flowName=WebLiteSignIn&flowEntry=ServiceLogin&ifkv=Ac50bxvcCy_Bppf_7AyLOWogEQGkcMvxlokbH2gDqzDAcNaE5VcyOZazbn8IFQRbKlSLIQR7u5Fuqg","1nM1vGIOrPY3UF5yZ2TwHJNlfHyQjBNka","No likely offline artifact found; keep the manifest record and decide whether to hide the public link or rebuild the resource.","Ref Docs/Work/Public Speaking/Images/Event Banners/Growth Secrets - Social media amplificaiton.jfif (35, artifact_candidate) | Ref Docs/Work/Public Speaking/Images/Event Banners/Growth Secrets - Social Media.jfif (35, artifact_candidate) | Ref Docs/Work/Public Speaking/Images/Staff/square-collage.jpg (32, artifact_candidate) | Ref Docs/Trust Signals/Client Logos/social-media-today-logo.png (29, artifact_candidate) | Ref Docs/Trust Signals/Client Logos/InEvent-squarelogo.png (26, artifact_candidate)",""
"rpm-0375","Social / Some Work","Do not let preferences drive strategy","Square","google-drive","not_public_auth_required","auth_required","200","re-share from an accessible account, replace, or hide","preserve manifest row; decide hide vs recreate","missing_artifact","Ref Docs/Work/Public Speaking/Images/Staff/square-collage.jpg","artifact_candidate","32",".jpg","255253","27ed996fdda1b2c944ba749e93852e39d03325feb1fac478e5bc55bdcb9210df","","","assets/js/some_work_data.js","3656","text-url","https://drive.google.com/file/d/1NOGdddGkTUi8uYIooIv3O_HqMF7CZ95q/view?usp=sharing","https://accounts.google.com/v3/signin/identifier?continue=https%3A%2F%2Fdrive.usercontent.google.com%2Fdownload%3Fid%3D1NOGdddGkTUi8uYIooIv3O_HqMF7CZ95q%26export%3Ddownload&dsh=S1178242601%3A1783943915038608&followup=https%3A%2F%2Fdrive.usercontent.google.com%2Fdownload%3Fid%3D1NOGdddGkTUi8uYIooIv3O_HqMF7CZ95q%26export%3Ddownload&passive=1209600&service=wise&flowName=WebLiteSignIn&flowEntry=ServiceLogin&ifkv=Ac50bxtmuNPYkXpkAOpmqWz_xLO7y-W5ccBJsz6Qu2S39pZcZYIIeU5bv8RJM0sr9vE_OoiSDF2E","1NOGdddGkTUi8uYIooIv3O_HqMF7CZ95q","No likely offline artifact found; keep the manifest record and decide whether to hide the public link or rebuild the resource.","Ref Docs/Work/Public Speaking/Images/Staff/square-collage.jpg (32, artifact_candidate) | Ref Docs/Trust Signals/Client Logos/social-media-today-logo.png (30, artifact_candidate) | Ref Docs/Work/Public Speaking/Images/Event Banners/Growth Secrets - Social media amplificaiton.jfif (30, artifact_candidate) | Ref Docs/Work/Public Speaking/Images/Event Banners/Growth Secrets - Social Media.jfif (30, artifact_candidate) | Ref Docs/Trust Signals/Client Logos/InEvent-squarelogo.png (26, artifact_candidate)",""
"rpm-0376","Social / Some Work","Certainly: Fast Website Transition","Landscape","google-drive","not_public_auth_required","auth_required","200","re-share from an accessible account, replace, or hide","preserve manifest row; decide hide vs recreate","missing_artifact","Ref Docs/Trust Signals/Client Logos/social-media-today-logo.png","artifact_candidate","30",".png","30454","4223eedc500197b9095eff3391621f09cb231e266a4b0c7feaedd777eeff4962","","","assets/js/some_work_data.js","4487","text-url","https://drive.google.com/file/d/1NpN1_AM_4DSKSzdZB78oFjJ42iuivFH5/view?usp=sharing","https://accounts.google.com/v3/signin/identifier?continue=https%3A%2F%2Fdrive.usercontent.google.com%2Fdownload%3Fid%3D1NpN1_AM_4DSKSzdZB78oFjJ42iuivFH5%26export%3Ddownload&dsh=S1178242601%3A1783943916687382&followup=https%3A%2F%2Fdrive.usercontent.google.com%2Fdownload%3Fid%3D1NpN1_AM_4DSKSzdZB78oFjJ42iuivFH5%26export%3Ddownload&passive=1209600&service=wise&flowName=WebLiteSignIn&flowEntry=ServiceLogin&ifkv=Ac50bxsPUYVYjdoJqcYm7hi1CWFG3d67-uJDwyUwHH9GkIDTQ08fam9oarrVENHrM18RFt9yc5hmFA","1NpN1_AM_4DSKSzdZB78oFjJ42iuivFH5","No likely offline artifact found; keep the manifest record and decide whether to hide the public link or rebuild the resource.","Ref Docs/Trust Signals/Client Logos/social-media-today-logo.png (30, artifact_candidate) | Ref Docs/Work/Public Speaking/Images/Event Banners/Growth Secrets - Social media amplificaiton.jfif (30, artifact_candidate) | Ref Docs/Work/Public Speaking/Images/Event Banners/Growth Secrets - Social Media.jfif (30, artifact_candidate)",""
"rpm-0377","Social / Some Work","GoSimplo: Hyper-Personalized Email Wins","Landscape","google-drive","not_public_auth_required","auth_required","200","re-share from an accessible account, replace, or hide","preserve manifest row; decide hide vs recreate","missing_artifact","Ref Docs/Trust Signals/Client Logos/social-media-today-logo.png","artifact_candidate","29",".png","30454","4223eedc500197b9095eff3391621f09cb231e266a4b0c7feaedd777eeff4962","","","assets/js/some_work_data.js","4376","text-url","https://drive.google.com/file/d/1NUWyq2q0RnmhHonwvGMlUVGesH1epb-f/view?usp=sharing","https://accounts.google.com/v3/signin/identifier?continue=https%3A%2F%2Fdrive.usercontent.google.com%2Fdownload%3Fid%3D1NUWyq2q0RnmhHonwvGMlUVGesH1epb-f%26export%3Ddownload&dsh=S1178242601%3A1783943916374638&followup=https%3A%2F%2Fdrive.usercontent.google.com%2Fdownload%3Fid%3D1NUWyq2q0RnmhHonwvGMlUVGesH1epb-f%26export%3Ddownload&passive=1209600&service=wise&flowName=WebLiteSignIn&flowEntry=ServiceLogin&ifkv=Ac50bxselJ4a9Ll0TEVYKS6cT3ieiSLhRD4D5FuNp5vd89sNX0t_8zvpSjsOMNEoJ_a8Da_N8MW0LQ","1NUWyq2q0RnmhHonwvGMlUVGesH1epb-f","No likely offline artifact found; keep the manifest record and decide whether to hide the public link or rebuild the resource.","Ref Docs/Trust Signals/Client Logos/social-media-today-logo.png (29, artifact_candidate) | Ref Docs/Work/Public Speaking/Images/Event Banners/Growth Secrets - Social media amplificaiton.jfif (29, artifact_candidate) | Ref Docs/Work/Public Speaking/Images/Event Banners/Growth Secrets - Social Media.jfif (29, artifact_candidate)",""
"rpm-0378","Social / Some Work","Business infographics boost readership (80% stat)","Landscape","google-drive","not_public_auth_required","auth_required","200","re-share from an accessible account, replace, or hide","preserve manifest row; decide hide vs recreate","missing_artifact","Ref Docs/Trust Signals/Client Logos/social-media-today-logo.png","artifact_candidate","29",".png","30454","4223eedc500197b9095eff3391621f09cb231e266a4b0c7feaedd777eeff4962","","","assets/js/some_work_data.js","1358","text-url","https://drive.google.com/file/d/1NYLwJV-7UDhzjfPvKmERPtL_0BmpI9XO/view?usp=sharing","https://accounts.google.com/v3/signin/identifier?continue=https://drive.usercontent.google.com/download?id%3D1NYLwJV-7UDhzjfPvKmERPtL_0BmpI9XO%26export%3Ddownload&followup=https://drive.usercontent.google.com/download?id%3D1NYLwJV-7UDhzjfPvKmERPtL_0BmpI9XO%26export%3Ddownload&passive=1209600&service=wise&flowName=WebLiteSignIn&flowEntry=ServiceLogin&dsh=S-217459539:1783943910065340","1NYLwJV-7UDhzjfPvKmERPtL_0BmpI9XO","No likely offline artifact found; keep the manifest record and decide whether to hide the public link or rebuild the resource.","Ref Docs/Trust Signals/Client Logos/social-media-today-logo.png (29, artifact_candidate) | Ref Docs/Work/Public Speaking/Images/Event Banners/Growth Secrets - Social media amplificaiton.jfif (29, artifact_candidate) | Ref Docs/Work/Public Speaking/Images/Event Banners/Growth Secrets - Social Media.jfif (29, artifact_candidate)",""
"rpm-0379","Social / Some Work","GetLeap Top 100 Startups Denmark","Square | Landscape","google-drive","not_public_auth_required","auth_required","200","re-share from an accessible account, replace, or hide","review candidate offline file before changing link","possible_artifact","Ref Docs/Work/Public Speaking/Images/Event Banners/Growth Secrets - Social media amplificaiton.jfif","artifact_candidate","41",".jfif","36003","7e12e68e3b070870ba4d9300f2bd5220b909eacf9131237c3f41ffc00c9fbd46","","","assets/js/some_work_data.js","7232","text-url","https://drive.google.com/file/d/1NztPcCHQb7bKkG1JbumHbB6XPK-z5-b1/view?usp=sharing","https://accounts.google.com/v3/signin/identifier?continue=https%3A%2F%2Fdrive.usercontent.google.com%2Fdownload%3Fid%3D1NztPcCHQb7bKkG1JbumHbB6XPK-z5-b1%26export%3Ddownload&dsh=S1495839738%3A1783943920701962&followup=https%3A%2F%2Fdrive.usercontent.google.com%2Fdownload%3Fid%3D1NztPcCHQb7bKkG1JbumHbB6XPK-z5-b1%26export%3Ddownload&passive=1209600&service=wise&flowName=WebLiteSignIn&flowEntry=ServiceLogin&ifkv=Ac50bxvMRfQEYMxA7pAiW6mg8Zv0ckM6pki17VkufV82P5oWj2saVwFa4xYkpD6sOQPHmy9rOB0bNw","1NztPcCHQb7bKkG1JbumHbB6XPK-z5-b1","Open the candidate file and confirm it is the same artifact before replacing the URL.","Ref Docs/Work/Public Speaking/Images/Event Banners/Growth Secrets - Social media amplificaiton.jfif (41, artifact_candidate) | Ref Docs/Work/Public Speaking/Images/Event Banners/Growth Secrets - Social Media.jfif (41, artifact_candidate) | Ref Docs/Trust Signals/Client Logos/social-media-today-logo.png (30, artifact_candidate) | Ref Docs/Work/Public Speaking/Images/Event Banners/Growth hacking 28th.jpg (25, artifact_candidate) | Ref Docs/Work/Public Speaking/Images/Event Banners/SocialMediaManageren19.png (24, artifact_candidate)",""
"rpm-0380","Social / Some Work","Feed Your Brain - Corporate and Startup Collaboration | Feed Your Brain - The Differences Between Corporates and Startups","Square","google-drive","not_public_auth_required","auth_required","200","re-share from an accessible account, replace, or hide","preserve manifest row; decide hide vs recreate","missing_artifact","Ref Docs/Work/Public Speaking/Images/Staff/square-collage.jpg","artifact_candidate","32",".jpg","255253","27ed996fdda1b2c944ba749e93852e39d03325feb1fac478e5bc55bdcb9210df","","","assets/js/some_work_data.js","5192","text-url","https://drive.google.com/file/d/1Oakxl7hJFYWEdPwEkESX1esXJZAlBAIo/view?usp=sharing","https://accounts.google.com/v3/signin/identifier?continue=https%3A%2F%2Fdrive.usercontent.google.com%2Fdownload%3Fid%3D1Oakxl7hJFYWEdPwEkESX1esXJZAlBAIo%26export%3Ddownload&dsh=S1914323719%3A1783943917931070&followup=https%3A%2F%2Fdrive.usercontent.google.com%2Fdownload%3Fid%3D1Oakxl7hJFYWEdPwEkESX1esXJZAlBAIo%26export%3Ddownload&passive=1209600&service=wise&flowName=WebLiteSignIn&flowEntry=ServiceLogin&ifkv=Ac50bxvcV8esqnqXQCEVgyeEKMjrrEFmJuVplnVzDbjF7-b1SmqKFd3NP9lC4yJfGgKy5Cvw4CEIgg","1Oakxl7hJFYWEdPwEkESX1esXJZAlBAIo","No likely offline artifact found; keep the manifest record and decide whether to hide the public link or rebuild the resource.","Ref Docs/Work/Public Speaking/Images/Staff/square-collage.jpg (32, artifact_candidate) | Ref Docs/Trust Signals/Client Logos/social-media-today-logo.png (29, artifact_candidate) | Ref Docs/Work/Public Speaking/Images/Event Banners/Growth Secrets - Social media amplificaiton.jfif (29, artifact_candidate) | Ref Docs/Work/Public Speaking/Images/Event Banners/Growth Secrets - Social Media.jfif (29, artifact_candidate) | Ref Docs/Trust Signals/Client Logos/InEvent-squarelogo.png (26, artifact_candidate)",""
"rpm-0381","Social / Some Work","Guerrilla marketing, interact differently | Word of the week, Decuple","Landscape","google-drive","not_public_auth_required","auth_required","200","re-share from an accessible account, replace, or hide","preserve manifest row; decide hide vs recreate","missing_artifact","Ref Docs/Trust Signals/Client Logos/social-media-today-logo.png","artifact_candidate","30",".png","30454","4223eedc500197b9095eff3391621f09cb231e266a4b0c7feaedd777eeff4962","","","assets/js/some_work_data.js","3444","text-url","https://drive.google.com/file/d/1ObPzlOIlIy3jw4DQZxURINF9f7EphQtG/view?usp=sharing","https://accounts.google.com/v3/signin/identifier?continue=https%3A%2F%2Fdrive.usercontent.google.com%2Fdownload%3Fid%3D1ObPzlOIlIy3jw4DQZxURINF9f7EphQtG%26export%3Ddownload&dsh=S1914323719%3A1783943914550430&followup=https%3A%2F%2Fdrive.usercontent.google.com%2Fdownload%3Fid%3D1ObPzlOIlIy3jw4DQZxURINF9f7EphQtG%26export%3Ddownload&passive=1209600&service=wise&flowName=WebLiteSignIn&flowEntry=ServiceLogin&ifkv=Ac50bxvnSK4pdR2ecN_5sDNMUzYtcIDAxVigoLB72e5zIfxEQYkxLz7LQhow8FjdWbNnZgWIENiGIA","1ObPzlOIlIy3jw4DQZxURINF9f7EphQtG","No likely offline artifact found; keep the manifest record and decide whether to hide the public link or rebuild the resource.","Ref Docs/Trust Signals/Client Logos/social-media-today-logo.png (30, artifact_candidate) | Ref Docs/Work/Public Speaking/Images/Event Banners/Growth Secrets - Social media amplificaiton.jfif (30, artifact_candidate) | Ref Docs/Work/Public Speaking/Images/Event Banners/Growth Secrets - Social Media.jfif (30, artifact_candidate)",""
"rpm-0382","Social / Some Work","Conviction and self-belief","Square | Landscape","google-drive","not_public_auth_required","auth_required","200","re-share from an accessible account, replace, or hide","preserve manifest row; decide hide vs recreate","missing_artifact","Ref Docs/Trust Signals/Client Logos/social-media-today-logo.png","artifact_candidate","30",".png","30454","4223eedc500197b9095eff3391621f09cb231e266a4b0c7feaedd777eeff4962","","","assets/js/some_work_data.js","9451","text-url","https://drive.google.com/file/d/1OeL3ZTow3RXycROnI6vVGYsuAi0rHxOi/view?usp=sharing","https://accounts.google.com/v3/signin/identifier?continue=https://drive.usercontent.google.com/download?id%3D1OeL3ZTow3RXycROnI6vVGYsuAi0rHxOi%26export%3Ddownload&followup=https://drive.usercontent.google.com/download?id%3D1OeL3ZTow3RXycROnI6vVGYsuAi0rHxOi%26export%3Ddownload&passive=1209600&service=wise&flowName=WebLiteSignIn&flowEntry=ServiceLogin&dsh=S1914323719:1783943926005554","1OeL3ZTow3RXycROnI6vVGYsuAi0rHxOi","No likely offline artifact found; keep the manifest record and decide whether to hide the public link or rebuild the resource.","Ref Docs/Trust Signals/Client Logos/social-media-today-logo.png (30, artifact_candidate) | Ref Docs/Work/Public Speaking/Images/Event Banners/Growth Secrets - Social media amplificaiton.jfif (30, artifact_candidate) | Ref Docs/Work/Public Speaking/Images/Event Banners/Growth Secrets - Social Media.jfif (30, artifact_candidate)",""
"rpm-0383","Social / Some Work","39 Best SaaS Business Podcasts","Landscape","google-drive","not_public_auth_required","auth_required","200","re-share from an accessible account, replace, or hide","preserve manifest row; decide hide vs recreate","missing_artifact","Ref Docs/Work/Public Speaking/Images/Event Banners/Growth Secrets - Social media amplificaiton.jfif","artifact_candidate","34",".jfif","36003","7e12e68e3b070870ba4d9300f2bd5220b909eacf9131237c3f41ffc00c9fbd46","","","assets/js/some_work_data.js","1391","text-url","https://drive.google.com/file/d/1OFQ-L6KEzlFuPP6oqpTViu7i7ApcfEiD/view?usp=sharing","https://accounts.google.com/v3/signin/identifier?continue=https%3A%2F%2Fdrive.usercontent.google.com%2Fdownload%3Fid%3D1OFQ-L6KEzlFuPP6oqpTViu7i7ApcfEiD%26export%3Ddownload&dsh=S84258311%3A1783943910244187&followup=https%3A%2F%2Fdrive.usercontent.google.com%2Fdownload%3Fid%3D1OFQ-L6KEzlFuPP6oqpTViu7i7ApcfEiD%26export%3Ddownload&passive=1209600&service=wise&flowName=WebLiteSignIn&flowEntry=ServiceLogin&ifkv=Ac50bxu_5pD4a37tUuWPMoi6aW2Y9jpZBGYcS-CEXhv_uOX4UueOVVXdCS7DDpwfLz4fRA05pofd4w","1OFQ-L6KEzlFuPP6oqpTViu7i7ApcfEiD","No likely offline artifact found; keep the manifest record and decide whether to hide the public link or rebuild the resource.","Ref Docs/Work/Public Speaking/Images/Event Banners/Growth Secrets - Social media amplificaiton.jfif (34, artifact_candidate) | Ref Docs/Work/Public Speaking/Images/Event Banners/Growth Secrets - Social Media.jfif (34, artifact_candidate) | Ref Docs/Trust Signals/Client Logos/social-media-today-logo.png (29, artifact_candidate)",""
"rpm-0384","Social / Some Work","Social Media Ads: What to Optimize","Square | Vertical","google-drive","not_public_auth_required","auth_required","200","re-share from an accessible account, replace, or hide","preserve manifest row; decide hide vs recreate","missing_artifact","Ref Docs/Trust Signals/Client Logos/social-media-today-logo.png","artifact_candidate","30",".png","30454","4223eedc500197b9095eff3391621f09cb231e266a4b0c7feaedd777eeff4962","","","assets/js/some_work_data.js","4643","text-url","https://drive.google.com/file/d/1OFTmoESFY_m1sutbgNzp7vJ2TlCF9aoE/view?usp=sharing","https://accounts.google.com/v3/signin/identifier?continue=https%3A%2F%2Fdrive.usercontent.google.com%2Fdownload%3Fid%3D1OFTmoESFY_m1sutbgNzp7vJ2TlCF9aoE%26export%3Ddownload&dsh=S-667281586%3A1783943917059970&followup=https%3A%2F%2Fdrive.usercontent.google.com%2Fdownload%3Fid%3D1OFTmoESFY_m1sutbgNzp7vJ2TlCF9aoE%26export%3Ddownload&passive=1209600&service=wise&flowName=WebLiteSignIn&flowEntry=ServiceLogin&ifkv=Ac50bxvNWA9UHNmplum4njXXjdk9MtmQ4jDqfTg6Bsnlz0A_eq1C9em5jj-Nr0AZXFKXSnLeHsLj","1OFTmoESFY_m1sutbgNzp7vJ2TlCF9aoE","No likely offline artifact found; keep the manifest record and decide whether to hide the public link or rebuild the resource.","Ref Docs/Trust Signals/Client Logos/social-media-today-logo.png (30, artifact_candidate) | Ref Docs/Work/Public Speaking/Images/Event Banners/Growth Secrets - Social media amplificaiton.jfif (30, artifact_candidate) | Ref Docs/Work/Public Speaking/Images/Event Banners/Growth Secrets - Social Media.jfif (30, artifact_candidate)",""
"rpm-0385","Social / Some Work","Branded Content: Branded Content Marketing for Any Business [2021]","Square","google-drive","not_public_auth_required","auth_required","200","re-share from an accessible account, replace, or hide","preserve manifest row; decide hide vs recreate","missing_artifact","Ref Docs/Work/Public Speaking/Images/Staff/square-collage.jpg","artifact_candidate","32",".jpg","255253","27ed996fdda1b2c944ba749e93852e39d03325feb1fac478e5bc55bdcb9210df","","","assets/js/some_work_data.js","692","text-url","https://drive.google.com/file/d/1OimmTcgk2DNYy7DEwvi4oBbmr4Gmbu18/view?usp=sharing","https://accounts.google.com/v3/signin/identifier?continue=https%3A%2F%2Fdrive.usercontent.google.com%2Fdownload%3Fid%3D1OimmTcgk2DNYy7DEwvi4oBbmr4Gmbu18%26export%3Ddownload&dsh=S-217459539%3A1783943908562814&followup=https%3A%2F%2Fdrive.usercontent.google.com%2Fdownload%3Fid%3D1OimmTcgk2DNYy7DEwvi4oBbmr4Gmbu18%26export%3Ddownload&passive=1209600&service=wise&flowName=WebLiteSignIn&flowEntry=ServiceLogin&ifkv=Ac50bxvBd8X6_93YleEu6kPMk2F0Pne8ppgzWxoY3wFsrLZ89r0YIXwqGtFlDWI8GD7u3eq9tOpmhg","1OimmTcgk2DNYy7DEwvi4oBbmr4Gmbu18","No likely offline artifact found; keep the manifest record and decide whether to hide the public link or rebuild the resource.","Ref Docs/Work/Public Speaking/Images/Staff/square-collage.jpg (32, artifact_candidate) | Ref Docs/Trust Signals/Client Logos/social-media-today-logo.png (30, artifact_candidate) | Ref Docs/Work/Public Speaking/Images/Event Banners/Growth Secrets - Social media amplificaiton.jfif (30, artifact_candidate) | Ref Docs/Work/Public Speaking/Images/Event Banners/Growth Secrets - Social Media.jfif (30, artifact_candidate) | Ref Docs/Trust Signals/Client Logos/InEvent-squarelogo.png (26, artifact_candidate)",""
"rpm-0386","Social / Some Work","GetLeap Top 100 Startups Denmark","Vertical | Article","google-drive","not_public_auth_required","auth_required","200","re-share from an accessible account, replace, or hide","review candidate offline file before changing link","possible_artifact","Ref Docs/Work/Public Speaking/Images/Event Banners/Growth Secrets - Social media amplificaiton.jfif","artifact_candidate","41",".jfif","36003","7e12e68e3b070870ba4d9300f2bd5220b909eacf9131237c3f41ffc00c9fbd46","","","assets/js/some_work_data.js","7236","text-url","https://drive.google.com/file/d/1OllL-O370oW3ZCc6OmurXmb7iw1dNLGX/view?usp=sharing","https://accounts.google.com/v3/signin/identifier?continue=https://drive.usercontent.google.com/download?id%3D1OllL-O370oW3ZCc6OmurXmb7iw1dNLGX%26export%3Ddownload&followup=https://drive.usercontent.google.com/download?id%3D1OllL-O370oW3ZCc6OmurXmb7iw1dNLGX%26export%3Ddownload&passive=1209600&service=wise&flowName=WebLiteSignIn&flowEntry=ServiceLogin&dsh=S1258602089:1783943920698296","1OllL-O370oW3ZCc6OmurXmb7iw1dNLGX","Open the candidate file and confirm it is the same artifact before replacing the URL.","Ref Docs/Work/Public Speaking/Images/Event Banners/Growth Secrets - Social media amplificaiton.jfif (41, artifact_candidate) | Ref Docs/Work/Public Speaking/Images/Event Banners/Growth Secrets - Social Media.jfif (41, artifact_candidate) | Ref Docs/Trust Signals/Client Logos/social-media-today-logo.png (30, artifact_candidate) | Ref Docs/Work/Public Speaking/Images/Event Banners/Growth hacking 28th.jpg (25, artifact_candidate) | Ref Docs/Work/Public Speaking/Images/Event Banners/SocialMediaManageren19.png (24, artifact_candidate)",""
"rpm-0387","Social / Some Work","Strategies for Website Traffic Growth | Growth Marketing Toolbox","Square","google-drive","not_public_auth_required","auth_required","200","re-share from an accessible account, replace, or hide","preserve manifest row; decide hide vs recreate","missing_artifact","Ref Docs/Work/Public Speaking/Images/Event Banners/Growth Secrets - Social media amplificaiton.jfif","artifact_candidate","35",".jfif","36003","7e12e68e3b070870ba4d9300f2bd5220b909eacf9131237c3f41ffc00c9fbd46","","","assets/js/some_work_data.js","5612","text-url","https://drive.google.com/file/d/1Orimup5ctFnmfsDxvqi4gDerCXK5muPd/view?usp=sharing","https://accounts.google.com/v3/signin/identifier?continue=https%3A%2F%2Fdrive.usercontent.google.com%2Fdownload%3Fid%3D1Orimup5ctFnmfsDxvqi4gDerCXK5muPd%26export%3Ddownload&dsh=S-1962494319%3A1783943918672177&followup=https%3A%2F%2Fdrive.usercontent.google.com%2Fdownload%3Fid%3D1Orimup5ctFnmfsDxvqi4gDerCXK5muPd%26export%3Ddownload&passive=1209600&service=wise&flowName=WebLiteSignIn&flowEntry=ServiceLogin&ifkv=Ac50bxsAvsdUsC9cckvGZQXNA0NreA5DllVZcPKx857keBqLYgtJYID4A5HWU9naZ7YNmBfKkr8JHw","1Orimup5ctFnmfsDxvqi4gDerCXK5muPd","No likely offline artifact found; keep the manifest record and decide whether to hide the public link or rebuild the resource.","Ref Docs/Work/Public Speaking/Images/Event Banners/Growth Secrets - Social media amplificaiton.jfif (35, artifact_candidate) | Ref Docs/Work/Public Speaking/Images/Event Banners/Growth Secrets - Social Media.jfif (35, artifact_candidate) | Ref Docs/Work/Public Speaking/Images/Staff/square-collage.jpg (32, artifact_candidate) | Ref Docs/Trust Signals/Client Logos/social-media-today-logo.png (29, artifact_candidate) | Ref Docs/Trust Signals/Client Logos/InEvent-squarelogo.png (26, artifact_candidate)",""
"rpm-0388","Social / Some Work","UI/UX Global Summit speaker announcement | Top 40 growth hacking agencies 2021","Article","google-drive","not_public_auth_required","auth_required","200","re-share from an accessible account, replace, or hide","review candidate offline file before changing link","possible_artifact","Ref Docs/Work/Public Speaking/Images/Event Banners/Growth Secrets - Social media amplificaiton.jfif","artifact_candidate","41",".jfif","36003","7e12e68e3b070870ba4d9300f2bd5220b909eacf9131237c3f41ffc00c9fbd46","","","assets/js/some_work_data.js","7718","text-url","https://drive.google.com/file/d/1Os2Dhv8rZ73ycJmPmLgDrfqGzJCRKscV/view?usp=sharing","https://accounts.google.com/v3/signin/identifier?continue=https%3A%2F%2Fdrive.usercontent.google.com%2Fdownload%3Fid%3D1Os2Dhv8rZ73ycJmPmLgDrfqGzJCRKscV%26export%3Ddownload&dsh=S721579007%3A1783943921818353&followup=https%3A%2F%2Fdrive.usercontent.google.com%2Fdownload%3Fid%3D1Os2Dhv8rZ73ycJmPmLgDrfqGzJCRKscV%26export%3Ddownload&passive=1209600&service=wise&flowName=WebLiteSignIn&flowEntry=ServiceLogin&ifkv=Ac50bxuduLan16q_IUVaHytGEdIyDRg2ykNBHKSdDWFLupOv1MfaxA9VUjZH2t0ihkUUUmP4ymG6og","1Os2Dhv8rZ73ycJmPmLgDrfqGzJCRKscV","Open the candidate file and confirm it is the same artifact before replacing the URL.","Ref Docs/Work/Public Speaking/Images/Event Banners/Growth Secrets - Social media amplificaiton.jfif (41, artifact_candidate) | Ref Docs/Work/Public Speaking/Images/Event Banners/Growth Secrets - Social Media.jfif (41, artifact_candidate) | Ref Docs/Trust Signals/Client Logos/social-media-today-logo.png (30, artifact_candidate) | Ref Docs/Work/Writing/Archived_PDFs/AI in Social Media - Taylor [PDF].pdf (30, artifact_candidate) | Ref Docs/Work/Writing/Archived_PDFs/Social Media Trends for 2020 (Marketing Edition) - Taylor [PDF].pdf (30, artifact_candidate)",""
"rpm-0389","Social / Some Work","Customer Perception Metrics (NPS)","Landscape","google-drive","not_public_auth_required","auth_required","200","re-share from an accessible account, replace, or hide","preserve manifest row; decide hide vs recreate","missing_artifact","Ref Docs/Trust Signals/Client Logos/social-media-today-logo.png","artifact_candidate","30",".png","30454","4223eedc500197b9095eff3391621f09cb231e266a4b0c7feaedd777eeff4962","","","assets/js/some_work_data.js","4080","text-url","https://drive.google.com/file/d/1oTaoHtPdPpTZqL8xd69wfLn05a_F9PEy/view?usp=sharing","https://accounts.google.com/v3/signin/identifier?continue=https%3A%2F%2Fdrive.usercontent.google.com%2Fdownload%3Fid%3D1oTaoHtPdPpTZqL8xd69wfLn05a_F9PEy%26export%3Ddownload&dsh=S1914323719%3A1783943915957589&followup=https%3A%2F%2Fdrive.usercontent.google.com%2Fdownload%3Fid%3D1oTaoHtPdPpTZqL8xd69wfLn05a_F9PEy%26export%3Ddownload&passive=1209600&service=wise&flowName=WebLiteSignIn&flowEntry=ServiceLogin&ifkv=Ac50bxutBBJj8SHo6K0QYrFMtz7FSVeZ8P0tqiGcWL-zrUaQsL-RiMl2eRWYIOYXBxXjkGYkKtOH","1oTaoHtPdPpTZqL8xd69wfLn05a_F9PEy","No likely offline artifact found; keep the manifest record and decide whether to hide the public link or rebuild the resource.","Ref Docs/Trust Signals/Client Logos/social-media-today-logo.png (30, artifact_candidate) | Ref Docs/Work/Public Speaking/Images/Event Banners/Growth Secrets - Social media amplificaiton.jfif (30, artifact_candidate) | Ref Docs/Work/Public Speaking/Images/Event Banners/Growth Secrets - Social Media.jfif (30, artifact_candidate)",""
"rpm-0390","Social / Some Work","Grassroots Marketing: Find Out How to Quickly Scale Your Business | eCommerce Analytics Tools: Best Tools to Analyze Website Data [2021]","Landscape","google-drive","not_public_auth_required","auth_required","200","re-share from an accessible account, replace, or hide","preserve manifest row; decide hide vs recreate","missing_artifact","Ref Docs/Trust Signals/Client Logos/social-media-today-logo.png","artifact_candidate","29",".png","30454","4223eedc500197b9095eff3391621f09cb231e266a4b0c7feaedd777eeff4962","","","assets/js/some_work_data.js","773","text-url","https://drive.google.com/file/d/1OWdKF2ZXqS4MXhX2W64UIGqfYkr7BBm1/view?usp=sharing","https://accounts.google.com/v3/signin/identifier?continue=https%3A%2F%2Fdrive.usercontent.google.com%2Fdownload%3Fid%3D1OWdKF2ZXqS4MXhX2W64UIGqfYkr7BBm1%26export%3Ddownload&dsh=S-217459539%3A1783943908958315&followup=https%3A%2F%2Fdrive.usercontent.google.com%2Fdownload%3Fid%3D1OWdKF2ZXqS4MXhX2W64UIGqfYkr7BBm1%26export%3Ddownload&passive=1209600&service=wise&flowName=WebLiteSignIn&flowEntry=ServiceLogin&ifkv=Ac50bxsJFdwD-w2aVN2Xvr40o1y1tqROoGZ18qYsH-b2_CLNE53Aq-r9hVmWoJN262rLpiAHiPuv","1OWdKF2ZXqS4MXhX2W64UIGqfYkr7BBm1","No likely offline artifact found; keep the manifest record and decide whether to hide the public link or rebuild the resource.","Ref Docs/Trust Signals/Client Logos/social-media-today-logo.png (29, artifact_candidate) | Ref Docs/Work/Public Speaking/Images/Event Banners/Growth Secrets - Social media amplificaiton.jfif (29, artifact_candidate) | Ref Docs/Work/Public Speaking/Images/Event Banners/Growth Secrets - Social Media.jfif (29, artifact_candidate)",""
"rpm-0391","Social / Some Work","Do not let preferences drive strategy | Innovation needs diverse viewpoints","Landscape","google-drive","not_public_auth_required","auth_required","200","re-share from an accessible account, replace, or hide","preserve manifest row; decide hide vs recreate","missing_artifact","Ref Docs/Trust Signals/Client Logos/social-media-today-logo.png","artifact_candidate","30",".png","30454","4223eedc500197b9095eff3391621f09cb231e266a4b0c7feaedd777eeff4962","","","assets/js/some_work_data.js","3648","text-url","https://drive.google.com/file/d/1ozZ-OkKUx64mHZAUKjy4sgxPO9ZOoH4v/view?usp=sharing","https://accounts.google.com/v3/signin/identifier?continue=https%3A%2F%2Fdrive.usercontent.google.com%2Fdownload%3Fid%3D1ozZ-OkKUx64mHZAUKjy4sgxPO9ZOoH4v%26export%3Ddownload&dsh=S1495839738%3A1783943915063492&followup=https%3A%2F%2Fdrive.usercontent.google.com%2Fdownload%3Fid%3D1ozZ-OkKUx64mHZAUKjy4sgxPO9ZOoH4v%26export%3Ddownload&passive=1209600&service=wise&flowName=WebLiteSignIn&flowEntry=ServiceLogin&ifkv=Ac50bxvXnSNkbbvx5BbvKd_pTWLH1kMXAbHae8pdy16F97kZlP2zXUpde6ih0FTEXIH7ZaIlJ8p7","1ozZ-OkKUx64mHZAUKjy4sgxPO9ZOoH4v","No likely offline artifact found; keep the manifest record and decide whether to hide the public link or rebuild the resource.","Ref Docs/Trust Signals/Client Logos/social-media-today-logo.png (30, artifact_candidate) | Ref Docs/Work/Public Speaking/Images/Event Banners/Growth Secrets - Social media amplificaiton.jfif (30, artifact_candidate) | Ref Docs/Work/Public Speaking/Images/Event Banners/Growth Secrets - Social Media.jfif (30, artifact_candidate)",""
"rpm-0392","Social / Some Work","Meet Pavel, Marketing Intern | Meet Simone, Web Design Intern","Landscape","google-drive","not_public_auth_required","auth_required","200","re-share from an accessible account, replace, or hide","preserve manifest row; decide hide vs recreate","missing_artifact","Ref Docs/Trust Signals/Client Logos/social-media-today-logo.png","artifact_candidate","30",".png","30454","4223eedc500197b9095eff3391621f09cb231e266a4b0c7feaedd777eeff4962","","","assets/js/some_work_data.js","2279","text-url","https://drive.google.com/file/d/1PGVROJCbmlxjIuEMMbLxHhD0887xi-Nb/view?usp=sharing","https://accounts.google.com/v3/signin/identifier?continue=https%3A%2F%2Fdrive.usercontent.google.com%2Fdownload%3Fid%3D1PGVROJCbmlxjIuEMMbLxHhD0887xi-Nb%26export%3Ddownload&dsh=S-2061722868%3A1783943911741887&followup=https%3A%2F%2Fdrive.usercontent.google.com%2Fdownload%3Fid%3D1PGVROJCbmlxjIuEMMbLxHhD0887xi-Nb%26export%3Ddownload&passive=1209600&service=wise&flowName=WebLiteSignIn&flowEntry=ServiceLogin&ifkv=Ac50bxtmJQCNMWKCrtVQZiCRUub3xw8_nCv3io5-e7_rD_dREZVZmSF1BbIdYaX4mdRunFONL-hJjw","1PGVROJCbmlxjIuEMMbLxHhD0887xi-Nb","No likely offline artifact found; keep the manifest record and decide whether to hide the public link or rebuild the resource.","Ref Docs/Trust Signals/Client Logos/social-media-today-logo.png (30, artifact_candidate) | Ref Docs/Work/Public Speaking/Images/Event Banners/Growth Secrets - Social media amplificaiton.jfif (30, artifact_candidate) | Ref Docs/Work/Public Speaking/Images/Event Banners/Growth Secrets - Social Media.jfif (30, artifact_candidate)",""
"rpm-0393","Social / Some Work","Sales Funnel Template: Drive Conversions and Sales [2021] | Best Advertising Campaigns of All Time: Get Inspired","Landscape","google-drive","not_public_auth_required","auth_required","200","re-share from an accessible account, replace, or hide","preserve manifest row; decide hide vs recreate","missing_artifact","Ref Docs/Trust Signals/Client Logos/social-media-today-logo.png","artifact_candidate","29",".png","30454","4223eedc500197b9095eff3391621f09cb231e266a4b0c7feaedd777eeff4962","","","assets/js/some_work_data.js","502","text-url","https://drive.google.com/file/d/1pkSuGsxwHkNtJ6ghqVWx-hv_jAhsTJxt/view?usp=sharing","https://accounts.google.com/v3/signin/identifier?continue=https%3A%2F%2Fdrive.usercontent.google.com%2Fdownload%3Fid%3D1pkSuGsxwHkNtJ6ghqVWx-hv_jAhsTJxt%26export%3Ddownload&dsh=S-1962494319%3A1783943908307748&followup=https%3A%2F%2Fdrive.usercontent.google.com%2Fdownload%3Fid%3D1pkSuGsxwHkNtJ6ghqVWx-hv_jAhsTJxt%26export%3Ddownload&passive=1209600&service=wise&flowName=WebLiteSignIn&flowEntry=ServiceLogin&ifkv=Ac50bxth8eucXYoFJ2Fs8OurErmTD_uOi5YJ1K7927_JDaF6p7UcaQTvfYOaAmrsdl1XWLLxKPBhhA","1pkSuGsxwHkNtJ6ghqVWx-hv_jAhsTJxt","No likely offline artifact found; keep the manifest record and decide whether to hide the public link or rebuild the resource.","Ref Docs/Trust Signals/Client Logos/social-media-today-logo.png (29, artifact_candidate) | Ref Docs/Work/Public Speaking/Images/Event Banners/Growth Secrets - Social media amplificaiton.jfif (29, artifact_candidate) | Ref Docs/Work/Public Speaking/Images/Event Banners/Growth Secrets - Social Media.jfif (29, artifact_candidate)",""
"rpm-0394","Social / Some Work","Welcome Grundfos | Grundfos innovation workshop in Aarhus","Vertical","google-drive","not_public_auth_required","auth_required","200","re-share from an accessible account, replace, or hide","preserve manifest row; decide hide vs recreate","missing_artifact","Ref Docs/Trust Signals/Client Logos/social-media-today-logo.png","artifact_candidate","36",".png","30454","4223eedc500197b9095eff3391621f09cb231e266a4b0c7feaedd777eeff4962","","","assets/js/some_work_data.js","7315","text-url","https://drive.google.com/file/d/1PTOa7TCR-GQ5KQedldmOxNtuOZVfZqyS/view","https://accounts.google.com/v3/signin/identifier?continue=https%3A%2F%2Fdrive.usercontent.google.com%2Fdownload%3Fid%3D1PTOa7TCR-GQ5KQedldmOxNtuOZVfZqyS%26export%3Ddownload&dsh=S-1693982783%3A1783943920898803&followup=https%3A%2F%2Fdrive.usercontent.google.com%2Fdownload%3Fid%3D1PTOa7TCR-GQ5KQedldmOxNtuOZVfZqyS%26export%3Ddownload&passive=1209600&service=wise&flowName=WebLiteSignIn&flowEntry=ServiceLogin&ifkv=Ac50bxtfubGXC7bJdkMrLzTZyrWPSJ2wFDkv2oFsGTNxMAZsRpv9JuFELPfEbhnW25K-41cB5yPqEQ","1PTOa7TCR-GQ5KQedldmOxNtuOZVfZqyS","No likely offline artifact found; keep the manifest record and decide whether to hide the public link or rebuild the resource.","Ref Docs/Trust Signals/Client Logos/social-media-today-logo.png (36, artifact_candidate) | Ref Docs/Work/Public Speaking/Images/Event Banners/Growth Secrets - Social media amplificaiton.jfif (30, artifact_candidate) | Ref Docs/Work/Public Speaking/Images/Event Banners/Growth Secrets - Social Media.jfif (30, artifact_candidate) | Ref Docs/Trust Signals/Client Logos/SocialMediaManageren.png (24, artifact_candidate)",""
"rpm-0395","Social / Some Work","Time builds trust at work","Landscape","google-drive","not_public_auth_required","auth_required","200","re-share from an accessible account, replace, or hide","preserve manifest row; decide hide vs recreate","missing_artifact","Ref Docs/Trust Signals/Client Logos/social-media-today-logo.png","artifact_candidate","36",".png","30454","4223eedc500197b9095eff3391621f09cb231e266a4b0c7feaedd777eeff4962","","","assets/js/some_work_data.js","3833","text-url","https://drive.google.com/file/d/1pvvi540Uthz7vs2h3VCy6OLH3oQXRiig/view?usp=sharing","https://accounts.google.com/v3/signin/identifier?continue=https%3A%2F%2Fdrive.usercontent.google.com%2Fdownload%3Fid%3D1pvvi540Uthz7vs2h3VCy6OLH3oQXRiig%26export%3Ddownload&dsh=S84258311%3A1783943915440032&followup=https%3A%2F%2Fdrive.usercontent.google.com%2Fdownload%3Fid%3D1pvvi540Uthz7vs2h3VCy6OLH3oQXRiig%26export%3Ddownload&passive=1209600&service=wise&flowName=WebLiteSignIn&flowEntry=ServiceLogin&ifkv=Ac50bxtIbG_WacDdtONlIDcdZIKdTLAObOHiLkQgfB2B00rZfQb3_tFYh8G4MQcPTCagti6YSEYH0Q","1pvvi540Uthz7vs2h3VCy6OLH3oQXRiig","No likely offline artifact found; keep the manifest record and decide whether to hide the public link or rebuild the resource.","Ref Docs/Trust Signals/Client Logos/social-media-today-logo.png (36, artifact_candidate) | Ref Docs/Work/Public Speaking/Images/Event Banners/Growth Secrets - Social media amplificaiton.jfif (30, artifact_candidate) | Ref Docs/Work/Public Speaking/Images/Event Banners/Growth Secrets - Social Media.jfif (30, artifact_candidate) | Ref Docs/Trust Signals/Client Logos/SocialMediaManageren.png (24, artifact_candidate)",""
"rpm-0396","Social / Some Work","Podcast: The Art of Persistence (Jeff Bullas) | New Client Alert: Marda Swimwear","Landscape","google-drive","not_public_auth_required","auth_required","200","re-share from an accessible account, replace, or hide","preserve manifest row; decide hide vs recreate","missing_artifact","Ref Docs/Trust Signals/Client Logos/social-media-today-logo.png","artifact_candidate","35",".png","30454","4223eedc500197b9095eff3391621f09cb231e266a4b0c7feaedd777eeff4962","","","assets/js/some_work_data.js","6483","text-url","https://drive.google.com/file/d/1qC1nDfAU96Nu2cxoX0ZK_85GwMKdWuOl/view?usp=sharing","https://accounts.google.com/v3/signin/identifier?continue=https%3A%2F%2Fdrive.usercontent.google.com%2Fdownload%3Fid%3D1qC1nDfAU96Nu2cxoX0ZK_85GwMKdWuOl%26export%3Ddownload&dsh=S-1962494319%3A1783943919928583&followup=https%3A%2F%2Fdrive.usercontent.google.com%2Fdownload%3Fid%3D1qC1nDfAU96Nu2cxoX0ZK_85GwMKdWuOl%26export%3Ddownload&passive=1209600&service=wise&flowName=WebLiteSignIn&flowEntry=ServiceLogin&ifkv=Ac50bxsjpyeWOUv-p8ftB2cnG0-cHlnemVnO44ivXpz14g0r6LUIsB7pDM-LVLWFTU3u3sXAjXdyww","1qC1nDfAU96Nu2cxoX0ZK_85GwMKdWuOl","No likely offline artifact found; keep the manifest record and decide whether to hide the public link or rebuild the resource.","Ref Docs/Trust Signals/Client Logos/social-media-today-logo.png (35, artifact_candidate) | Ref Docs/Work/Public Speaking/Images/Event Banners/Growth Secrets - Social media amplificaiton.jfif (29, artifact_candidate) | Ref Docs/Work/Public Speaking/Images/Event Banners/Growth Secrets - Social Media.jfif (29, artifact_candidate) | Ref Docs/Trust Signals/Client Logos/SocialMediaManageren.png (24, artifact_candidate)",""
"rpm-0397","Social / Some Work","Consistency is common, quality is rare","Square","google-drive","not_public_auth_required","auth_required","200","re-share from an accessible account, replace, or hide","preserve manifest row; decide hide vs recreate","missing_artifact","Ref Docs/Work/Public Speaking/Images/Staff/square-collage.jpg","artifact_candidate","32",".jpg","255253","27ed996fdda1b2c944ba749e93852e39d03325feb1fac478e5bc55bdcb9210df","","","assets/js/some_work_data.js","8947","text-url","https://drive.google.com/file/d/1QcHzQoPAZk6_lWPiSTkFFp5SJLxXUl0n/view?usp=sharing","https://accounts.google.com/v3/signin/identifier?continue=https%3A%2F%2Fdrive.usercontent.google.com%2Fdownload%3Fid%3D1QcHzQoPAZk6_lWPiSTkFFp5SJLxXUl0n%26export%3Ddownload&dsh=S-1693982783%3A1783943924315060&followup=https%3A%2F%2Fdrive.usercontent.google.com%2Fdownload%3Fid%3D1QcHzQoPAZk6_lWPiSTkFFp5SJLxXUl0n%26export%3Ddownload&passive=1209600&service=wise&flowName=WebLiteSignIn&flowEntry=ServiceLogin&ifkv=Ac50bxt8VW8fmaGhRLEWOcO7ptQRIEGEB37v_6QgpBvr1QTqXVSc8Eo66-yVLoPahQXjqI6todfkwg","1QcHzQoPAZk6_lWPiSTkFFp5SJLxXUl0n","No likely offline artifact found; keep the manifest record and decide whether to hide the public link or rebuild the resource.","Ref Docs/Work/Public Speaking/Images/Staff/square-collage.jpg (32, artifact_candidate) | Ref Docs/Trust Signals/Client Logos/social-media-today-logo.png (29, artifact_candidate) | Ref Docs/Work/Public Speaking/Images/Event Banners/Growth Secrets - Social media amplificaiton.jfif (29, artifact_candidate) | Ref Docs/Work/Public Speaking/Images/Event Banners/Growth Secrets - Social Media.jfif (29, artifact_candidate) | Ref Docs/Trust Signals/Client Logos/InEvent-squarelogo.png (26, artifact_candidate)",""
"rpm-0398","Social / Some Work","25 Best Articles to Boost Your Digital Marketing Strategy | 20+ Examples of Content Creators in Any Organization","Landscape","google-drive","not_public_auth_required","auth_required","200","re-share from an accessible account, replace, or hide","preserve manifest row; decide hide vs recreate","missing_artifact","Ref Docs/Trust Signals/Client Logos/social-media-today-logo.png","artifact_candidate","29",".png","30454","4223eedc500197b9095eff3391621f09cb231e266a4b0c7feaedd777eeff4962","","","assets/js/some_work_data.js","224","text-url","https://drive.google.com/file/d/1Qn_ucDUEOkT6wreVaG4hjgSzSmOB_JpD/view?usp=sharing","https://accounts.google.com/v3/signin/identifier?continue=https%3A%2F%2Fdrive.usercontent.google.com%2Fdownload%3Fid%3D1Qn_ucDUEOkT6wreVaG4hjgSzSmOB_JpD%26export%3Ddownload&dsh=S-1962494319%3A1783943907427354&followup=https%3A%2F%2Fdrive.usercontent.google.com%2Fdownload%3Fid%3D1Qn_ucDUEOkT6wreVaG4hjgSzSmOB_JpD%26export%3Ddownload&passive=1209600&service=wise&flowName=WebLiteSignIn&flowEntry=ServiceLogin&ifkv=Ac50bxvd0pEteceZvIQK2yED9OHlTVTdSaiFBuwEWcBFbhgzdBPghn1wN8i09960OqDuMVB-5M6OPw","1Qn_ucDUEOkT6wreVaG4hjgSzSmOB_JpD","No likely offline artifact found; keep the manifest record and decide whether to hide the public link or rebuild the resource.","Ref Docs/Trust Signals/Client Logos/social-media-today-logo.png (29, artifact_candidate) | Ref Docs/Work/Public Speaking/Images/Event Banners/Growth Secrets - Social media amplificaiton.jfif (29, artifact_candidate) | Ref Docs/Work/Public Speaking/Images/Event Banners/Growth Secrets - Social Media.jfif (29, artifact_candidate)",""
"rpm-0399","Social / Some Work","Get noticed with creative content | TikTok help for brands","Landscape","google-drive","not_public_auth_required","auth_required","200","re-share from an accessible account, replace, or hide","preserve manifest row; decide hide vs recreate","missing_artifact","Ref Docs/Trust Signals/Client Logos/social-media-today-logo.png","artifact_candidate","30",".png","30454","4223eedc500197b9095eff3391621f09cb231e266a4b0c7feaedd777eeff4962","","","assets/js/some_work_data.js","3268","text-url","https://drive.google.com/file/d/1qNNaRfmyKGyfbTiIQg_-8t2K_JCoxLZA/view?usp=sharing","https://accounts.google.com/v3/signin/identifier?continue=https%3A%2F%2Fdrive.usercontent.google.com%2Fdownload%3Fid%3D1qNNaRfmyKGyfbTiIQg_-8t2K_JCoxLZA%26export%3Ddownload&dsh=S721579007%3A1783943914175010&followup=https%3A%2F%2Fdrive.usercontent.google.com%2Fdownload%3Fid%3D1qNNaRfmyKGyfbTiIQg_-8t2K_JCoxLZA%26export%3Ddownload&passive=1209600&service=wise&flowName=WebLiteSignIn&flowEntry=ServiceLogin&ifkv=Ac50bxtGqWLjuoJzBtx6d69ESpqO7EHx69jlHMEDgwbx1VjLgt0Jz8zfyeKToBNB5JE5I1GFCkg7","1qNNaRfmyKGyfbTiIQg_-8t2K_JCoxLZA","No likely offline artifact found; keep the manifest record and decide whether to hide the public link or rebuild the resource.","Ref Docs/Trust Signals/Client Logos/social-media-today-logo.png (30, artifact_candidate) | Ref Docs/Work/Public Speaking/Images/Event Banners/Growth Secrets - Social media amplificaiton.jfif (30, artifact_candidate) | Ref Docs/Work/Public Speaking/Images/Event Banners/Growth Secrets - Social Media.jfif (30, artifact_candidate)",""
"rpm-0400","Social / Some Work","The Social Media Marketing Podcast List For Every Business [2021] | What is Facebook Jail? 11 Tips to Save Your Business From Facebook Jail","Article","google-drive","not_public_auth_required","auth_required","200","re-share from an accessible account, replace, or hide","preserve manifest row; decide hide vs recreate","missing_artifact","Ref Docs/Trust Signals/Client Logos/social-media-today-logo.png","artifact_candidate","29",".png","30454","4223eedc500197b9095eff3391621f09cb231e266a4b0c7feaedd777eeff4962","","","assets/js/some_work_data.js","1138","text-url","https://drive.google.com/file/d/1qRjablB4f7N5eZqxrCFYJUjpkm6VSIb9/view?usp=sharing","https://accounts.google.com/v3/signin/identifier?continue=https%3A%2F%2Fdrive.usercontent.google.com%2Fdownload%3Fid%3D1qRjablB4f7N5eZqxrCFYJUjpkm6VSIb9%26export%3Ddownload&dsh=S-1693982783%3A1783943909331071&followup=https%3A%2F%2Fdrive.usercontent.google.com%2Fdownload%3Fid%3D1qRjablB4f7N5eZqxrCFYJUjpkm6VSIb9%26export%3Ddownload&passive=1209600&service=wise&flowName=WebLiteSignIn&flowEntry=ServiceLogin&ifkv=Ac50bxthendrlT7pr8bIFPybGZ2hr_gKrwi37YRBovnizl_GYxB1f8ZOf8Zm0rSBCglkzmmQ0xM75A","1qRjablB4f7N5eZqxrCFYJUjpkm6VSIb9","No likely offline artifact found; keep the manifest record and decide whether to hide the public link or rebuild the resource.","Ref Docs/Trust Signals/Client Logos/social-media-today-logo.png (29, artifact_candidate) | Ref Docs/Work/Public Speaking/Images/Event Banners/Growth Secrets - Social media amplificaiton.jfif (29, artifact_candidate) | Ref Docs/Work/Public Speaking/Images/Event Banners/Growth Secrets - Social Media.jfif (29, artifact_candidate) | Ref Docs/Work/Writing/Archived_PDFs/AI in Social Media - Taylor [PDF].pdf (29, artifact_candidate) | Ref Docs/Work/Writing/Archived_PDFs/Social Media Trends for 2020 (Marketing Edition) - Taylor [PDF].pdf (29, artifact_candidate)",""
"rpm-0401","Social / Some Work","Meet Yelizaveta, Marketing Intern","Square | Landscape","google-drive","not_public_auth_required","auth_required","200","re-share from an accessible account, replace, or hide","preserve manifest row; decide hide vs recreate","missing_artifact","Ref Docs/Trust Signals/Client Logos/social-media-today-logo.png","artifact_candidate","30",".png","30454","4223eedc500197b9095eff3391621f09cb231e266a4b0c7feaedd777eeff4962","","","assets/js/some_work_data.js","2229","text-url","https://drive.google.com/file/d/1qS7pBf3p0igWLF0RrjuYcooZ__2OxWDn/view?usp=sharing","https://accounts.google.com/v3/signin/identifier?continue=https://drive.usercontent.google.com/download?id%3D1qS7pBf3p0igWLF0RrjuYcooZ__2OxWDn%26export%3Ddownload&followup=https://drive.usercontent.google.com/download?id%3D1qS7pBf3p0igWLF0RrjuYcooZ__2OxWDn%26export%3Ddownload&passive=1209600&service=wise&flowName=WebLiteSignIn&flowEntry=ServiceLogin&dsh=S-217459539:1783943911642879","1qS7pBf3p0igWLF0RrjuYcooZ__2OxWDn","No likely offline artifact found; keep the manifest record and decide whether to hide the public link or rebuild the resource.","Ref Docs/Trust Signals/Client Logos/social-media-today-logo.png (30, artifact_candidate) | Ref Docs/Work/Public Speaking/Images/Event Banners/Growth Secrets - Social media amplificaiton.jfif (30, artifact_candidate) | Ref Docs/Work/Public Speaking/Images/Event Banners/Growth Secrets - Social Media.jfif (30, artifact_candidate)",""
"rpm-0402","Social / Some Work","20+ Examples of Content Creators in Any Organization | What Can You Learn About Marketing From Gen Z","Landscape","google-drive","not_public_auth_required","auth_required","200","re-share from an accessible account, replace, or hide","preserve manifest row; decide hide vs recreate","missing_artifact","Ref Docs/Trust Signals/Client Logos/social-media-today-logo.png","artifact_candidate","29",".png","30454","4223eedc500197b9095eff3391621f09cb231e266a4b0c7feaedd777eeff4962","","","assets/js/some_work_data.js","196","text-url","https://drive.google.com/file/d/1QSFJ_S7Sbf4aaqhp5ZRJYgS6O-vKr7TX/view?usp=sharing","https://accounts.google.com/v3/signin/identifier?continue=https://drive.usercontent.google.com/download?id%3D1QSFJ_S7Sbf4aaqhp5ZRJYgS6O-vKr7TX%26export%3Ddownload&followup=https://drive.usercontent.google.com/download?id%3D1QSFJ_S7Sbf4aaqhp5ZRJYgS6O-vKr7TX%26export%3Ddownload&passive=1209600&service=wise&flowName=WebLiteSignIn&flowEntry=ServiceLogin&dsh=S-1962494319:1783943907472263","1QSFJ_S7Sbf4aaqhp5ZRJYgS6O-vKr7TX","No likely offline artifact found; keep the manifest record and decide whether to hide the public link or rebuild the resource.","Ref Docs/Trust Signals/Client Logos/social-media-today-logo.png (29, artifact_candidate) | Ref Docs/Work/Public Speaking/Images/Event Banners/Growth Secrets - Social media amplificaiton.jfif (29, artifact_candidate) | Ref Docs/Work/Public Speaking/Images/Event Banners/Growth Secrets - Social Media.jfif (29, artifact_candidate)",""
"rpm-0403","Social / Some Work","Best Data Visualization Tools for your Business","Landscape","google-drive","not_public_auth_required","auth_required","200","re-share from an accessible account, replace, or hide","preserve manifest row; decide hide vs recreate","missing_artifact","Ref Docs/Trust Signals/Client Logos/social-media-today-logo.png","artifact_candidate","29",".png","30454","4223eedc500197b9095eff3391621f09cb231e266a4b0c7feaedd777eeff4962","","","assets/js/some_work_data.js","1523","text-url","https://drive.google.com/file/d/1qXeUz6eWQvre36kvqlZbsMdED9nYSpUs/view?usp=sharing","https://accounts.google.com/v3/signin/identifier?continue=https%3A%2F%2Fdrive.usercontent.google.com%2Fdownload%3Fid%3D1qXeUz6eWQvre36kvqlZbsMdED9nYSpUs%26export%3Ddownload&dsh=S721579007%3A1783943910905581&followup=https%3A%2F%2Fdrive.usercontent.google.com%2Fdownload%3Fid%3D1qXeUz6eWQvre36kvqlZbsMdED9nYSpUs%26export%3Ddownload&passive=1209600&service=wise&flowName=WebLiteSignIn&flowEntry=ServiceLogin&ifkv=Ac50bxsRm5N_heYMtLQjjpgpEgHYES4ZlhEdeUMrjT3ntkVV9SzFHWIN4SnLcD7pKAnlTvOktp_2ng","1qXeUz6eWQvre36kvqlZbsMdED9nYSpUs","No likely offline artifact found; keep the manifest record and decide whether to hide the public link or rebuild the resource.","Ref Docs/Trust Signals/Client Logos/social-media-today-logo.png (29, artifact_candidate) | Ref Docs/Work/Public Speaking/Images/Event Banners/Growth Secrets - Social media amplificaiton.jfif (29, artifact_candidate) | Ref Docs/Work/Public Speaking/Images/Event Banners/Growth Secrets - Social Media.jfif (29, artifact_candidate)",""
"rpm-0404","Social / Some Work","GoSimplo: Segmented Email Targeting Strategy","Landscape","google-drive","not_public_auth_required","auth_required","200","re-share from an accessible account, replace, or hide","preserve manifest row; decide hide vs recreate","missing_artifact","Ref Docs/Trust Signals/Client Logos/social-media-today-logo.png","artifact_candidate","29",".png","30454","4223eedc500197b9095eff3391621f09cb231e266a4b0c7feaedd777eeff4962","","","assets/js/some_work_data.js","4339","text-url","https://drive.google.com/file/d/1qxfnhBtvx_hZeRa0tbprAQELGcAQqT6q/view?usp=sharing","https://accounts.google.com/v3/signin/identifier?continue=https%3A%2F%2Fdrive.usercontent.google.com%2Fdownload%3Fid%3D1qxfnhBtvx_hZeRa0tbprAQELGcAQqT6q%26export%3Ddownload&dsh=S84258311%3A1783943916372286&followup=https%3A%2F%2Fdrive.usercontent.google.com%2Fdownload%3Fid%3D1qxfnhBtvx_hZeRa0tbprAQELGcAQqT6q%26export%3Ddownload&passive=1209600&service=wise&flowName=WebLiteSignIn&flowEntry=ServiceLogin&ifkv=Ac50bxu4e2LFnS_5X30lMXxmz6zQvxlJ7cuseJRK2kLP8vuAaD22vgpDHbYqRUdDDpr1OLzoiVx5Xw","1qxfnhBtvx_hZeRa0tbprAQELGcAQqT6q","No likely offline artifact found; keep the manifest record and decide whether to hide the public link or rebuild the resource.","Ref Docs/Trust Signals/Client Logos/social-media-today-logo.png (29, artifact_candidate) | Ref Docs/Work/Public Speaking/Images/Event Banners/Growth Secrets - Social media amplificaiton.jfif (29, artifact_candidate) | Ref Docs/Work/Public Speaking/Images/Event Banners/Growth Secrets - Social Media.jfif (29, artifact_candidate)",""
"rpm-0405","Social / Some Work","BotXO: +108% Lead Generation via PPC","Square | Vertical","google-drive","not_public_auth_required","auth_required","200","re-share from an accessible account, replace, or hide","preserve manifest row; decide hide vs recreate","missing_artifact","Ref Docs/Trust Signals/Client Logos/social-media-today-logo.png","artifact_candidate","29",".png","30454","4223eedc500197b9095eff3391621f09cb231e266a4b0c7feaedd777eeff4962","","","assets/js/some_work_data.js","4236","text-url","https://drive.google.com/file/d/1QxSBUL6xOSpgyOQPQAdTIUpT5tr9VffI/view?usp=sharing","https://accounts.google.com/v3/signin/identifier?continue=https%3A%2F%2Fdrive.usercontent.google.com%2Fdownload%3Fid%3D1QxSBUL6xOSpgyOQPQAdTIUpT5tr9VffI%26export%3Ddownload&dsh=S-2061722868%3A1783943916217732&followup=https%3A%2F%2Fdrive.usercontent.google.com%2Fdownload%3Fid%3D1QxSBUL6xOSpgyOQPQAdTIUpT5tr9VffI%26export%3Ddownload&passive=1209600&service=wise&flowName=WebLiteSignIn&flowEntry=ServiceLogin&ifkv=Ac50bxuhzoAj0x1RAU2jTbfWLYuLXusZhrvV4E7Brviyu2FzRIwXhK-8ZLk3FKoLNbz7KOQIBj-ldQ","1QxSBUL6xOSpgyOQPQAdTIUpT5tr9VffI","No likely offline artifact found; keep the manifest record and decide whether to hide the public link or rebuild the resource.","Ref Docs/Trust Signals/Client Logos/social-media-today-logo.png (29, artifact_candidate) | Ref Docs/Work/Public Speaking/Images/Event Banners/Growth Secrets - Social media amplificaiton.jfif (29, artifact_candidate) | Ref Docs/Work/Public Speaking/Images/Event Banners/Growth Secrets - Social Media.jfif (29, artifact_candidate)",""
"rpm-0406","Social / Some Work","Focus on customer needs","Landscape","google-drive","not_public_auth_required","auth_required","200","re-share from an accessible account, replace, or hide","preserve manifest row; decide hide vs recreate","missing_artifact","Ref Docs/Trust Signals/Client Logos/social-media-today-logo.png","artifact_candidate","30",".png","30454","4223eedc500197b9095eff3391621f09cb231e266a4b0c7feaedd777eeff4962","","","assets/js/some_work_data.js","3759","text-url","https://drive.google.com/file/d/1R8emGO-XV_gWrF_NfUsxiJ6D5c4AKN-f/view?usp=sharing","https://accounts.google.com/v3/signin/identifier?continue=https%3A%2F%2Fdrive.usercontent.google.com%2Fdownload%3Fid%3D1R8emGO-XV_gWrF_NfUsxiJ6D5c4AKN-f%26export%3Ddownload&dsh=S1495839738%3A1783943915282436&followup=https%3A%2F%2Fdrive.usercontent.google.com%2Fdownload%3Fid%3D1R8emGO-XV_gWrF_NfUsxiJ6D5c4AKN-f%26export%3Ddownload&passive=1209600&service=wise&flowName=WebLiteSignIn&flowEntry=ServiceLogin&ifkv=Ac50bxseyCiF7mYAfvtBUfCReAVXhvBIrDMdU_jfUsq-foK2DAnub8pV8hEpQpBH-_b_2qlNe5NZmw","1R8emGO-XV_gWrF_NfUsxiJ6D5c4AKN-f","No likely offline artifact found; keep the manifest record and decide whether to hide the public link or rebuild the resource.","Ref Docs/Trust Signals/Client Logos/social-media-today-logo.png (30, artifact_candidate) | Ref Docs/Work/Public Speaking/Images/Event Banners/Growth Secrets - Social media amplificaiton.jfif (30, artifact_candidate) | Ref Docs/Work/Public Speaking/Images/Event Banners/Growth Secrets - Social Media.jfif (30, artifact_candidate)",""
"rpm-0407","Social / Some Work","Business infographic tools roundup (stat hook)","Square","google-drive","not_public_auth_required","auth_required","200","re-share from an accessible account, replace, or hide","preserve manifest row; decide hide vs recreate","missing_artifact","Ref Docs/Work/Public Speaking/Images/Staff/square-collage.jpg","artifact_candidate","31",".jpg","255253","27ed996fdda1b2c944ba749e93852e39d03325feb1fac478e5bc55bdcb9210df","","","assets/js/some_work_data.js","1317","text-url","https://drive.google.com/file/d/1RcpN0SxMXghnwNsTSxHtaLxtPDbGE_Lt/view?usp=sharing","https://accounts.google.com/v3/signin/identifier?continue=https%3A%2F%2Fdrive.usercontent.google.com%2Fdownload%3Fid%3D1RcpN0SxMXghnwNsTSxHtaLxtPDbGE_Lt%26export%3Ddownload&dsh=S84258311%3A1783943909981944&followup=https%3A%2F%2Fdrive.usercontent.google.com%2Fdownload%3Fid%3D1RcpN0SxMXghnwNsTSxHtaLxtPDbGE_Lt%26export%3Ddownload&passive=1209600&service=wise&flowName=WebLiteSignIn&flowEntry=ServiceLogin&ifkv=Ac50bxttMItbSM9Bf3xYDSZn-p4kfIhZWzzU1kaPeGqBY9Lko0etRwTxiza-VEeS-gdRv048LnOa","1RcpN0SxMXghnwNsTSxHtaLxtPDbGE_Lt","No likely offline artifact found; keep the manifest record and decide whether to hide the public link or rebuild the resource.","Ref Docs/Work/Public Speaking/Images/Staff/square-collage.jpg (31, artifact_candidate) | Ref Docs/Trust Signals/Client Logos/social-media-today-logo.png (29, artifact_candidate) | Ref Docs/Work/Public Speaking/Images/Event Banners/Growth Secrets - Social media amplificaiton.jfif (29, artifact_candidate) | Ref Docs/Work/Public Speaking/Images/Event Banners/Growth Secrets - Social Media.jfif (29, artifact_candidate) | Ref Docs/Trust Signals/Client Logos/InEvent-squarelogo.png (26, artifact_candidate)",""
"rpm-0408","Social / Some Work","32 data analysis tools list | Best B2B Podcasts","Landscape","google-drive","not_public_auth_required","auth_required","200","re-share from an accessible account, replace, or hide","preserve manifest row; decide hide vs recreate","missing_artifact","Ref Docs/Work/Public Speaking/Images/Event Banners/Growth Secrets - Social media amplificaiton.jfif","artifact_candidate","36",".jfif","36003","7e12e68e3b070870ba4d9300f2bd5220b909eacf9131237c3f41ffc00c9fbd46","","","assets/js/some_work_data.js","1672","text-url","https://drive.google.com/file/d/1rDeeE4TxTXOp0XdRvid4cIJaVtpcpVON/view?usp=sharing","https://accounts.google.com/v3/signin/identifier?continue=https%3A%2F%2Fdrive.usercontent.google.com%2Fdownload%3Fid%3D1rDeeE4TxTXOp0XdRvid4cIJaVtpcpVON%26export%3Ddownload&dsh=S1178242601%3A1783943911151011&followup=https%3A%2F%2Fdrive.usercontent.google.com%2Fdownload%3Fid%3D1rDeeE4TxTXOp0XdRvid4cIJaVtpcpVON%26export%3Ddownload&passive=1209600&service=wise&flowName=WebLiteSignIn&flowEntry=ServiceLogin&ifkv=Ac50bxsJs-q1BeUhzDozi5swCfnqWGXZ6ees7TRMrwmB1XLVW9uBDyGfaFVCH5AHEM1tdocRQa-s","1rDeeE4TxTXOp0XdRvid4cIJaVtpcpVON","No likely offline artifact found; keep the manifest record and decide whether to hide the public link or rebuild the resource.","Ref Docs/Work/Public Speaking/Images/Event Banners/Growth Secrets - Social media amplificaiton.jfif (36, artifact_candidate) | Ref Docs/Work/Public Speaking/Images/Event Banners/Growth Secrets - Social Media.jfif (36, artifact_candidate) | Ref Docs/Trust Signals/Client Logos/social-media-today-logo.png (30, artifact_candidate)",""
"rpm-0409","Social / Some Work","Values matter more than brands admit | Google Ads is mobile-first now","Landscape","google-drive","not_public_auth_required","auth_required","200","re-share from an accessible account, replace, or hide","preserve manifest row; decide hide vs recreate","missing_artifact","Ref Docs/Trust Signals/Client Logos/social-media-today-logo.png","artifact_candidate","29",".png","30454","4223eedc500197b9095eff3391621f09cb231e266a4b0c7feaedd777eeff4962","","","assets/js/some_work_data.js","9003","text-url","https://drive.google.com/file/d/1reuz_2hME_6Zhc6M02X4_gjneLVcIQmR/view?usp=sharing","https://accounts.google.com/v3/signin/identifier?continue=https://drive.usercontent.google.com/download?id%3D1reuz_2hME_6Zhc6M02X4_gjneLVcIQmR%26export%3Ddownload&followup=https://drive.usercontent.google.com/download?id%3D1reuz_2hME_6Zhc6M02X4_gjneLVcIQmR%26export%3Ddownload&passive=1209600&service=wise&flowName=WebLiteSignIn&flowEntry=ServiceLogin&dsh=S570785647:1783943924482276","1reuz_2hME_6Zhc6M02X4_gjneLVcIQmR","No likely offline artifact found; keep the manifest record and decide whether to hide the public link or rebuild the resource.","Ref Docs/Trust Signals/Client Logos/social-media-today-logo.png (29, artifact_candidate) | Ref Docs/Work/Public Speaking/Images/Event Banners/Growth Secrets - Social media amplificaiton.jfif (29, artifact_candidate) | Ref Docs/Work/Public Speaking/Images/Event Banners/Growth Secrets - Social Media.jfif (29, artifact_candidate)",""
"rpm-0410","Social / Some Work","Page 2 might as well not exist | Social proof pays","Landscape","google-drive","not_public_auth_required","auth_required","200","re-share from an accessible account, replace, or hide","preserve manifest row; decide hide vs recreate","missing_artifact","Ref Docs/Trust Signals/Client Logos/social-media-today-logo.png","artifact_candidate","29",".png","30454","4223eedc500197b9095eff3391621f09cb231e266a4b0c7feaedd777eeff4962","","","assets/js/some_work_data.js","9162","text-url","https://drive.google.com/file/d/1rh7HzrSgsQVzsQY5YQZqGd015bdwR1Dg/view?usp=sharing","https://accounts.google.com/v3/signin/identifier?continue=https%3A%2F%2Fdrive.usercontent.google.com%2Fdownload%3Fid%3D1rh7HzrSgsQVzsQY5YQZqGd015bdwR1Dg%26export%3Ddownload&dsh=S-1693982783%3A1783943925099228&followup=https%3A%2F%2Fdrive.usercontent.google.com%2Fdownload%3Fid%3D1rh7HzrSgsQVzsQY5YQZqGd015bdwR1Dg%26export%3Ddownload&passive=1209600&service=wise&flowName=WebLiteSignIn&flowEntry=ServiceLogin&ifkv=Ac50bxuqr6_kE88gq0oHuzuBmWi5V-V-kgcTjQ3XOmoLkj9cDjAdchp7jM8ffHD7fjxcO7pi5CNZ","1rh7HzrSgsQVzsQY5YQZqGd015bdwR1Dg","No likely offline artifact found; keep the manifest record and decide whether to hide the public link or rebuild the resource.","Ref Docs/Trust Signals/Client Logos/social-media-today-logo.png (29, artifact_candidate) | Ref Docs/Work/Public Speaking/Images/Event Banners/Growth Secrets - Social media amplificaiton.jfif (29, artifact_candidate) | Ref Docs/Work/Public Speaking/Images/Event Banners/Growth Secrets - Social Media.jfif (29, artifact_candidate)",""
"rpm-0411","Social / Some Work","Time builds trust at work","Square | Vertical","google-drive","not_public_auth_required","auth_required","200","re-share from an accessible account, replace, or hide","preserve manifest row; decide hide vs recreate","missing_artifact","Ref Docs/Trust Signals/Client Logos/social-media-today-logo.png","artifact_candidate","36",".png","30454","4223eedc500197b9095eff3391621f09cb231e266a4b0c7feaedd777eeff4962","","","assets/js/some_work_data.js","3841","text-url","https://drive.google.com/file/d/1Ri2ZdU62ESjeuKHIcyOLLDaDpYvHUmLH/view?usp=sharing","https://accounts.google.com/v3/signin/identifier?continue=https%3A%2F%2Fdrive.usercontent.google.com%2Fdownload%3Fid%3D1Ri2ZdU62ESjeuKHIcyOLLDaDpYvHUmLH%26export%3Ddownload&dsh=S1258602089%3A1783943915511999&followup=https%3A%2F%2Fdrive.usercontent.google.com%2Fdownload%3Fid%3D1Ri2ZdU62ESjeuKHIcyOLLDaDpYvHUmLH%26export%3Ddownload&passive=1209600&service=wise&flowName=WebLiteSignIn&flowEntry=ServiceLogin&ifkv=Ac50bxtBANwU2_Pw1Dw6cz4bFpt6pI2COlqJnzdmvvCTTse6PEeQeCc1FC5SUG9oBhlW_oeutDks2w","1Ri2ZdU62ESjeuKHIcyOLLDaDpYvHUmLH","No likely offline artifact found; keep the manifest record and decide whether to hide the public link or rebuild the resource.","Ref Docs/Trust Signals/Client Logos/social-media-today-logo.png (36, artifact_candidate) | Ref Docs/Work/Public Speaking/Images/Event Banners/Growth Secrets - Social media amplificaiton.jfif (30, artifact_candidate) | Ref Docs/Work/Public Speaking/Images/Event Banners/Growth Secrets - Social Media.jfif (30, artifact_candidate) | Ref Docs/Trust Signals/Client Logos/SocialMediaManageren.png (24, artifact_candidate)",""
"rpm-0412","Social / Some Work","Meet the Team: Alice | Meet the Team: Pauline","Landscape","google-drive","not_public_auth_required","auth_required","200","re-share from an accessible account, replace, or hide","preserve manifest row; decide hide vs recreate","missing_artifact","Ref Docs/Trust Signals/Client Logos/social-media-today-logo.png","artifact_candidate","29",".png","30454","4223eedc500197b9095eff3391621f09cb231e266a4b0c7feaedd777eeff4962","","","assets/js/some_work_data.js","2890","text-url","https://drive.google.com/file/d/1RjDtLCMAAhkzpM4rUZnx6d3nj5TBfJEc/view?usp=sharing","https://accounts.google.com/v3/signin/identifier?continue=https%3A%2F%2Fdrive.usercontent.google.com%2Fdownload%3Fid%3D1RjDtLCMAAhkzpM4rUZnx6d3nj5TBfJEc%26export%3Ddownload&dsh=S-1962494319%3A1783943913565177&followup=https%3A%2F%2Fdrive.usercontent.google.com%2Fdownload%3Fid%3D1RjDtLCMAAhkzpM4rUZnx6d3nj5TBfJEc%26export%3Ddownload&passive=1209600&service=wise&flowName=WebLiteSignIn&flowEntry=ServiceLogin&ifkv=Ac50bxvbv8uB6AVwze43KuhgPDQ-PKylmKrIbTzgCP0lIHkqU3_de6arAnUl54dlg-7VGH0SI5QgnA","1RjDtLCMAAhkzpM4rUZnx6d3nj5TBfJEc","No likely offline artifact found; keep the manifest record and decide whether to hide the public link or rebuild the resource.","Ref Docs/Trust Signals/Client Logos/social-media-today-logo.png (29, artifact_candidate) | Ref Docs/Work/Public Speaking/Images/Event Banners/Growth Secrets - Social media amplificaiton.jfif (29, artifact_candidate) | Ref Docs/Work/Public Speaking/Images/Event Banners/Growth Secrets - Social Media.jfif (29, artifact_candidate)",""
"rpm-0413","Social / Some Work","What Is Buzz Marketing: Explainers, Strategies, and Examples | Best Startup Podcast List: Discover Podcasts for Entrepreneurs [2021]","Landscape","google-drive","not_public_auth_required","auth_required","200","re-share from an accessible account, replace, or hide","preserve manifest row; decide hide vs recreate","missing_artifact","Ref Docs/Trust Signals/Client Logos/social-media-today-logo.png","artifact_candidate","29",".png","30454","4223eedc500197b9095eff3391621f09cb231e266a4b0c7feaedd777eeff4962","","","assets/js/some_work_data.js","915","text-url","https://drive.google.com/file/d/1rMD9L4bo6z7OHCXnoaVAwmtGP0_DMT6K/view?usp=sharing","https://accounts.google.com/v3/signin/identifier?continue=https://drive.usercontent.google.com/download?id%3D1rMD9L4bo6z7OHCXnoaVAwmtGP0_DMT6K%26export%3Ddownload&followup=https://drive.usercontent.google.com/download?id%3D1rMD9L4bo6z7OHCXnoaVAwmtGP0_DMT6K%26export%3Ddownload&passive=1209600&service=wise&flowName=WebLiteSignIn&flowEntry=ServiceLogin&dsh=S570785647:1783943909343231","1rMD9L4bo6z7OHCXnoaVAwmtGP0_DMT6K","No likely offline artifact found; keep the manifest record and decide whether to hide the public link or rebuild the resource.","Ref Docs/Trust Signals/Client Logos/social-media-today-logo.png (29, artifact_candidate) | Ref Docs/Work/Public Speaking/Images/Event Banners/Growth Secrets - Social media amplificaiton.jfif (29, artifact_candidate) | Ref Docs/Work/Public Speaking/Images/Event Banners/Growth Secrets - Social Media.jfif (29, artifact_candidate)",""
"rpm-0414","Social / Some Work","Meet Pavel, Marketing Intern","Vertical | Square","google-drive","not_public_auth_required","auth_required","200","re-share from an accessible account, replace, or hide","preserve manifest row; decide hide vs recreate","missing_artifact","Ref Docs/Trust Signals/Client Logos/social-media-today-logo.png","artifact_candidate","30",".png","30454","4223eedc500197b9095eff3391621f09cb231e266a4b0c7feaedd777eeff4962","","","assets/js/some_work_data.js","2291","text-url","https://drive.google.com/file/d/1RmwmKf8V8PlajH7tPw8RHmKl8jFOwC4W/view?usp=sharing","https://accounts.google.com/v3/signin/identifier?continue=https%3A%2F%2Fdrive.usercontent.google.com%2Fdownload%3Fid%3D1RmwmKf8V8PlajH7tPw8RHmKl8jFOwC4W%26export%3Ddownload&dsh=S1258602089%3A1783943911840155&followup=https%3A%2F%2Fdrive.usercontent.google.com%2Fdownload%3Fid%3D1RmwmKf8V8PlajH7tPw8RHmKl8jFOwC4W%26export%3Ddownload&passive=1209600&service=wise&flowName=WebLiteSignIn&flowEntry=ServiceLogin&ifkv=Ac50bxu42vLgI_rsRp0NZDdjtgZHCelxkcR3gcI5-jAcSW0-5Dxe0qKuexE0-uro61J3yEpH-Q-x9A","1RmwmKf8V8PlajH7tPw8RHmKl8jFOwC4W","No likely offline artifact found; keep the manifest record and decide whether to hide the public link or rebuild the resource.","Ref Docs/Trust Signals/Client Logos/social-media-today-logo.png (30, artifact_candidate) | Ref Docs/Work/Public Speaking/Images/Event Banners/Growth Secrets - Social media amplificaiton.jfif (30, artifact_candidate) | Ref Docs/Work/Public Speaking/Images/Event Banners/Growth Secrets - Social Media.jfif (30, artifact_candidate)",""
"rpm-0415","Social / Some Work","Top 10 digital marketing agencies Denmark | Top performance marketing agencies recognition","Vertical","google-drive","not_public_auth_required","auth_required","200","re-share from an accessible account, replace, or hide","preserve manifest row; decide hide vs recreate","missing_artifact","Ref Docs/Trust Signals/Client Logos/social-media-today-logo.png","artifact_candidate","30",".png","30454","4223eedc500197b9095eff3391621f09cb231e266a4b0c7feaedd777eeff4962","","","assets/js/some_work_data.js","7557","text-url","https://drive.google.com/file/d/1rUkuU13r8qj06DVRDf7hLcEEWnjuFjuJ/view?usp=sharing","https://accounts.google.com/v3/signin/identifier?continue=https%3A%2F%2Fdrive.usercontent.google.com%2Fdownload%3Fid%3D1rUkuU13r8qj06DVRDf7hLcEEWnjuFjuJ%26export%3Ddownload&dsh=S84258311%3A1783943921623427&followup=https%3A%2F%2Fdrive.usercontent.google.com%2Fdownload%3Fid%3D1rUkuU13r8qj06DVRDf7hLcEEWnjuFjuJ%26export%3Ddownload&passive=1209600&service=wise&flowName=WebLiteSignIn&flowEntry=ServiceLogin&ifkv=Ac50bxtNGaEyvie9_5W69EgKACGjd89ZLzDm8usFw2lzKDYANn_V0h72AA_GVfZaHKd_FX9P2R2Iuw","1rUkuU13r8qj06DVRDf7hLcEEWnjuFjuJ","No likely offline artifact found; keep the manifest record and decide whether to hide the public link or rebuild the resource.","Ref Docs/Trust Signals/Client Logos/social-media-today-logo.png (30, artifact_candidate) | Ref Docs/Work/Public Speaking/Images/Event Banners/Growth Secrets - Social media amplificaiton.jfif (30, artifact_candidate) | Ref Docs/Work/Public Speaking/Images/Event Banners/Growth Secrets - Social Media.jfif (30, artifact_candidate)",""
"rpm-0416","Social / Some Work","It is not all about you","Square | Vertical","google-drive","not_public_auth_required","auth_required","200","re-share from an accessible account, replace, or hide","preserve manifest row; decide hide vs recreate","missing_artifact","Ref Docs/Trust Signals/Client Logos/social-media-today-logo.png","artifact_candidate","30",".png","30454","4223eedc500197b9095eff3391621f09cb231e266a4b0c7feaedd777eeff4962","","","assets/js/some_work_data.js","3693","text-url","https://drive.google.com/file/d/1RwW9ZjIphgxX_4tpKfv-tAfd0r_v8ZLx/view?usp=sharing","https://accounts.google.com/v3/signin/identifier?continue=https%3A%2F%2Fdrive.usercontent.google.com%2Fdownload%3Fid%3D1RwW9ZjIphgxX_4tpKfv-tAfd0r_v8ZLx%26export%3Ddownload&dsh=S1495839738%3A1783943915139507&followup=https%3A%2F%2Fdrive.usercontent.google.com%2Fdownload%3Fid%3D1RwW9ZjIphgxX_4tpKfv-tAfd0r_v8ZLx%26export%3Ddownload&passive=1209600&service=wise&flowName=WebLiteSignIn&flowEntry=ServiceLogin&ifkv=Ac50bxtJ2vJCVRjSJZrkoGraeoKcuJwkCOe853uitdhsQUx8TvxmVv2qBXvVi1o8fehHDXqqVD19","1RwW9ZjIphgxX_4tpKfv-tAfd0r_v8ZLx","No likely offline artifact found; keep the manifest record and decide whether to hide the public link or rebuild the resource.","Ref Docs/Trust Signals/Client Logos/social-media-today-logo.png (30, artifact_candidate) | Ref Docs/Work/Public Speaking/Images/Event Banners/Growth Secrets - Social media amplificaiton.jfif (30, artifact_candidate) | Ref Docs/Work/Public Speaking/Images/Event Banners/Growth Secrets - Social Media.jfif (30, artifact_candidate)",""
"rpm-0417","Social / Some Work","Best B2B Podcasts","Square","google-drive","not_public_auth_required","auth_required","200","re-share from an accessible account, replace, or hide","preserve manifest row; decide hide vs recreate","missing_artifact","Ref Docs/Work/Public Speaking/Images/Event Banners/Growth Secrets - Social media amplificaiton.jfif","artifact_candidate","36",".jfif","36003","7e12e68e3b070870ba4d9300f2bd5220b909eacf9131237c3f41ffc00c9fbd46","","","assets/js/some_work_data.js","1647","text-url","https://drive.google.com/file/d/1S8DdZBitM7YBnQrUIbfPZMdwNEvMfiS3/view?usp=sharing","https://accounts.google.com/v3/signin/identifier?continue=https%3A%2F%2Fdrive.usercontent.google.com%2Fdownload%3Fid%3D1S8DdZBitM7YBnQrUIbfPZMdwNEvMfiS3%26export%3Ddownload&dsh=S-667281586%3A1783943911079937&followup=https%3A%2F%2Fdrive.usercontent.google.com%2Fdownload%3Fid%3D1S8DdZBitM7YBnQrUIbfPZMdwNEvMfiS3%26export%3Ddownload&passive=1209600&service=wise&flowName=WebLiteSignIn&flowEntry=ServiceLogin&ifkv=Ac50bxs4GKx90inRIqRKTa9zxtRS7lNJlymO6TKWIjoBW32wKt1WzaijzUaxx_4HsJjpGyWsv9yI","1S8DdZBitM7YBnQrUIbfPZMdwNEvMfiS3","No likely offline artifact found; keep the manifest record and decide whether to hide the public link or rebuild the resource.","Ref Docs/Work/Public Speaking/Images/Event Banners/Growth Secrets - Social media amplificaiton.jfif (36, artifact_candidate) | Ref Docs/Work/Public Speaking/Images/Event Banners/Growth Secrets - Social Media.jfif (36, artifact_candidate) | Ref Docs/Work/Public Speaking/Images/Staff/square-collage.jpg (32, artifact_candidate) | Ref Docs/Trust Signals/Client Logos/social-media-today-logo.png (30, artifact_candidate) | Ref Docs/Trust Signals/Client Logos/InEvent-squarelogo.png (26, artifact_candidate)",""
"rpm-0418","Social / Some Work","Meet the Team: Petra Ilic","Square","google-drive","not_public_auth_required","auth_required","200","re-share from an accessible account, replace, or hide","preserve manifest row; decide hide vs recreate","missing_artifact","Ref Docs/Work/Public Speaking/Images/Event Banners/Growth Secrets - Social media amplificaiton.jfif","artifact_candidate","35",".jfif","36003","7e12e68e3b070870ba4d9300f2bd5220b909eacf9131237c3f41ffc00c9fbd46","","","assets/js/some_work_data.js","2763","text-url","https://drive.google.com/file/d/1S8QoT8M29Iy_1KAhiM1psk9U9T1NFeFe/view?usp=sharing","https://accounts.google.com/v3/signin/identifier?continue=https%3A%2F%2Fdrive.usercontent.google.com%2Fdownload%3Fid%3D1S8QoT8M29Iy_1KAhiM1psk9U9T1NFeFe%26export%3Ddownload&dsh=S84258311%3A1783943913104562&followup=https%3A%2F%2Fdrive.usercontent.google.com%2Fdownload%3Fid%3D1S8QoT8M29Iy_1KAhiM1psk9U9T1NFeFe%26export%3Ddownload&passive=1209600&service=wise&flowName=WebLiteSignIn&flowEntry=ServiceLogin&ifkv=Ac50bxuK_Nh39duIaYv9lEeZ9rNst4eTUz4Kx2c8CBi1XqSx96xoOJ-lrAZn7OwlAcwf_2i9wLtw","1S8QoT8M29Iy_1KAhiM1psk9U9T1NFeFe","No likely offline artifact found; keep the manifest record and decide whether to hide the public link or rebuild the resource.","Ref Docs/Work/Public Speaking/Images/Event Banners/Growth Secrets - Social media amplificaiton.jfif (35, artifact_candidate) | Ref Docs/Work/Public Speaking/Images/Event Banners/Growth Secrets - Social Media.jfif (35, artifact_candidate) | Ref Docs/Work/Public Speaking/Images/Staff/square-collage.jpg (32, artifact_candidate) | Ref Docs/Trust Signals/Client Logos/social-media-today-logo.png (30, artifact_candidate) | Ref Docs/Trust Signals/Client Logos/InEvent-squarelogo.png (26, artifact_candidate)",""
"rpm-0419","Social / Some Work","The Ultimate Guide to Customer Perception","Square","google-drive","not_public_auth_required","auth_required","200","re-share from an accessible account, replace, or hide","preserve manifest row; decide hide vs recreate","missing_artifact","Ref Docs/Work/Writing/Archived_PDFs/AI in Social Media - Taylor [PDF].pdf","artifact_candidate","29",".pdf","3199224","30789c999229692c7e6d16c1d851974ad443f0068d79b138a2c7043fa804d4aa","","","assets/js/some_work_data.js","1449","text-url","https://drive.google.com/file/d/1SCMNVXScFflnIb90aZ6zH5Uxefjy29eg/view?usp=sharing","https://accounts.google.com/v3/signin/identifier?continue=https%3A%2F%2Fdrive.usercontent.google.com%2Fdownload%3Fid%3D1SCMNVXScFflnIb90aZ6zH5Uxefjy29eg%26export%3Ddownload&dsh=S-1693982783%3A1783943910497703&followup=https%3A%2F%2Fdrive.usercontent.google.com%2Fdownload%3Fid%3D1SCMNVXScFflnIb90aZ6zH5Uxefjy29eg%26export%3Ddownload&passive=1209600&service=wise&flowName=WebLiteSignIn&flowEntry=ServiceLogin&ifkv=Ac50bxsxsiksasun6m1dHgpDn_0vrSlIM_6kVOVqZscaNbB5yE46UCX2xhY4F9DqlPEV_XNlHaRCGg","1SCMNVXScFflnIb90aZ6zH5Uxefjy29eg","No likely offline artifact found; keep the manifest record and decide whether to hide the public link or rebuild the resource.","Ref Docs/Work/Writing/Archived_PDFs/AI in Social Media - Taylor [PDF].pdf (29, artifact_candidate) | Ref Docs/Work/Writing/Archived_PDFs/Social Media Trends for 2020 (Marketing Edition) - Taylor [PDF].pdf (29, artifact_candidate) | Ref Docs/Work/Writing/Archived_PDFs/What Is Customer Perception and How to - Taylor [PDF].pdf (24, artifact_candidate)",""
"rpm-0420","Social / Some Work","Email Spoofing 101: What Is It, and How to Stop It? | 20+ Explainer Video Ideas from Industry Leaders [2021]","Landscape","google-drive","not_public_auth_required","auth_required","200","re-share from an accessible account, replace, or hide","preserve manifest row; decide hide vs recreate","missing_artifact","Ref Docs/Trust Signals/Client Logos/social-media-today-logo.png","artifact_candidate","29",".png","30454","4223eedc500197b9095eff3391621f09cb231e266a4b0c7feaedd777eeff4962","","","assets/js/some_work_data.js","652","text-url","https://drive.google.com/file/d/1sMCvbT1ZBXG9F7WvAX0qoyMW6DfM4yMl/view?usp=sharing","https://accounts.google.com/v3/signin/identifier?continue=https%3A%2F%2Fdrive.usercontent.google.com%2Fdownload%3Fid%3D1sMCvbT1ZBXG9F7WvAX0qoyMW6DfM4yMl%26export%3Ddownload&dsh=S1258602089%3A1783943908521655&followup=https%3A%2F%2Fdrive.usercontent.google.com%2Fdownload%3Fid%3D1sMCvbT1ZBXG9F7WvAX0qoyMW6DfM4yMl%26export%3Ddownload&passive=1209600&service=wise&flowName=WebLiteSignIn&flowEntry=ServiceLogin&ifkv=Ac50bxsSvS0jpAiQLXU1XpX5mztaKyP4WUp3f13k8-7IuMqj9CrBga-e9owkG8eebOemeQ1Wlc59xw","1sMCvbT1ZBXG9F7WvAX0qoyMW6DfM4yMl","No likely offline artifact found; keep the manifest record and decide whether to hide the public link or rebuild the resource.","Ref Docs/Trust Signals/Client Logos/social-media-today-logo.png (29, artifact_candidate) | Ref Docs/Work/Public Speaking/Images/Event Banners/Growth Secrets - Social media amplificaiton.jfif (29, artifact_candidate) | Ref Docs/Work/Public Speaking/Images/Event Banners/Growth Secrets - Social Media.jfif (29, artifact_candidate)",""
"rpm-0421","Social / Some Work","Business infographic tools roundup (stat hook) | 75 Best Marketing Podcasts (2021)","Landscape","google-drive","not_public_auth_required","auth_required","200","re-share from an accessible account, replace, or hide","preserve manifest row; decide hide vs recreate","missing_artifact","Ref Docs/Trust Signals/Client Logos/social-media-today-logo.png","artifact_candidate","29",".png","30454","4223eedc500197b9095eff3391621f09cb231e266a4b0c7feaedd777eeff4962","","","assets/js/some_work_data.js","1309","text-url","https://drive.google.com/file/d/1Sp2q2-3NJW0KjSAire-BPzDCaRRig7zj/view?usp=sharing","https://accounts.google.com/v3/signin/identifier?continue=https%3A%2F%2Fdrive.usercontent.google.com%2Fdownload%3Fid%3D1Sp2q2-3NJW0KjSAire-BPzDCaRRig7zj%26export%3Ddownload&dsh=S-2061722868%3A1783943909962594&followup=https%3A%2F%2Fdrive.usercontent.google.com%2Fdownload%3Fid%3D1Sp2q2-3NJW0KjSAire-BPzDCaRRig7zj%26export%3Ddownload&passive=1209600&service=wise&flowName=WebLiteSignIn&flowEntry=ServiceLogin&ifkv=Ac50bxvmiO_u8SzR3a5HYc5qt_YMGkq4ScgG5rpfRHgf9Ia_k0FQnYCazRbMKYrzyPW8x8DBD6X0","1Sp2q2-3NJW0KjSAire-BPzDCaRRig7zj","No likely offline artifact found; keep the manifest record and decide whether to hide the public link or rebuild the resource.","Ref Docs/Trust Signals/Client Logos/social-media-today-logo.png (29, artifact_candidate) | Ref Docs/Work/Public Speaking/Images/Event Banners/Growth Secrets - Social media amplificaiton.jfif (29, artifact_candidate) | Ref Docs/Work/Public Speaking/Images/Event Banners/Growth Secrets - Social Media.jfif (29, artifact_candidate)",""
"rpm-0422","Social / Some Work","Post structure for engagement | LinkedIn virality and first hour","Landscape","google-drive","not_public_auth_required","auth_required","200","re-share from an accessible account, replace, or hide","preserve manifest row; decide hide vs recreate","missing_artifact","Ref Docs/Trust Signals/Client Logos/social-media-today-logo.png","artifact_candidate","29",".png","30454","4223eedc500197b9095eff3391621f09cb231e266a4b0c7feaedd777eeff4962","","","assets/js/some_work_data.js","4827","text-url","https://drive.google.com/file/d/1sqNWAoMIOrx6MMhmsJ6r5LLlo2hFBTuz/view?usp=sharing","https://accounts.google.com/v3/signin/identifier?continue=https%3A%2F%2Fdrive.usercontent.google.com%2Fdownload%3Fid%3D1sqNWAoMIOrx6MMhmsJ6r5LLlo2hFBTuz%26export%3Ddownload&dsh=S84258311%3A1783943917365118&followup=https%3A%2F%2Fdrive.usercontent.google.com%2Fdownload%3Fid%3D1sqNWAoMIOrx6MMhmsJ6r5LLlo2hFBTuz%26export%3Ddownload&passive=1209600&service=wise&flowName=WebLiteSignIn&flowEntry=ServiceLogin&ifkv=Ac50bxvFuSUsUKNlO5LKd660JaYne70vToJgISyL25XW3oRsZbpQ19PyBqdP0_XMf-Cv5g42UhHbNw","1sqNWAoMIOrx6MMhmsJ6r5LLlo2hFBTuz","No likely offline artifact found; keep the manifest record and decide whether to hide the public link or rebuild the resource.","Ref Docs/Trust Signals/Client Logos/social-media-today-logo.png (29, artifact_candidate) | Ref Docs/Work/Public Speaking/Images/Event Banners/Growth Secrets - Social media amplificaiton.jfif (29, artifact_candidate) | Ref Docs/Work/Public Speaking/Images/Event Banners/Growth Secrets - Social Media.jfif (29, artifact_candidate)",""
"rpm-0423","Social / Some Work","Email ROI is hard to ignore | Values matter more than brands admit","Landscape","google-drive","not_public_auth_required","auth_required","200","re-share from an accessible account, replace, or hide","preserve manifest row; decide hide vs recreate","missing_artifact","Ref Docs/Trust Signals/Client Logos/social-media-today-logo.png","artifact_candidate","29",".png","30454","4223eedc500197b9095eff3391621f09cb231e266a4b0c7feaedd777eeff4962","","","assets/js/some_work_data.js","9035","text-url","https://drive.google.com/file/d/1SvwYNfA5nsAIDkt4kvHT5hFwxBpwZhEu/view?usp=sharing","https://accounts.google.com/v3/signin/identifier?continue=https%3A%2F%2Fdrive.usercontent.google.com%2Fdownload%3Fid%3D1SvwYNfA5nsAIDkt4kvHT5hFwxBpwZhEu%26export%3Ddownload&dsh=S1495839738%3A1783943924615167&followup=https%3A%2F%2Fdrive.usercontent.google.com%2Fdownload%3Fid%3D1SvwYNfA5nsAIDkt4kvHT5hFwxBpwZhEu%26export%3Ddownload&passive=1209600&service=wise&flowName=WebLiteSignIn&flowEntry=ServiceLogin&ifkv=Ac50bxt2F0eiskNDk3HsJ9dO5voZB5PQy6vTLRs-BMB7StwQvheuqGQSX8rsHx8wKR5COxILrQ5OdQ","1SvwYNfA5nsAIDkt4kvHT5hFwxBpwZhEu","No likely offline artifact found; keep the manifest record and decide whether to hide the public link or rebuild the resource.","Ref Docs/Trust Signals/Client Logos/social-media-today-logo.png (29, artifact_candidate) | Ref Docs/Work/Public Speaking/Images/Event Banners/Growth Secrets - Social media amplificaiton.jfif (29, artifact_candidate) | Ref Docs/Work/Public Speaking/Images/Event Banners/Growth Secrets - Social Media.jfif (29, artifact_candidate)",""
"rpm-0424","Social / Some Work","Email is still universal","Square","google-drive","not_public_auth_required","auth_required","200","re-share from an accessible account, replace, or hide","preserve manifest row; decide hide vs recreate","missing_artifact","Ref Docs/Work/Public Speaking/Images/Staff/square-collage.jpg","artifact_candidate","32",".jpg","255253","27ed996fdda1b2c944ba749e93852e39d03325feb1fac478e5bc55bdcb9210df","","","assets/js/some_work_data.js","9075","text-url","https://drive.google.com/file/d/1SWID5BYwUhJEu_UZrlA1KZieGkPSL0XZ/view?usp=sharing","https://accounts.google.com/v3/signin/identifier?continue=https%3A%2F%2Fdrive.usercontent.google.com%2Fdownload%3Fid%3D1SWID5BYwUhJEu_UZrlA1KZieGkPSL0XZ%26export%3Ddownload&dsh=S-1693982783%3A1783943924919456&followup=https%3A%2F%2Fdrive.usercontent.google.com%2Fdownload%3Fid%3D1SWID5BYwUhJEu_UZrlA1KZieGkPSL0XZ%26export%3Ddownload&passive=1209600&service=wise&flowName=WebLiteSignIn&flowEntry=ServiceLogin&ifkv=Ac50bxsTuZ5EQDd0CTvGj2L6FtFv0wVwbn6TCtJkHd7SuD4727nYU3SG4Qt9gp96u6jDSqtwkU1kqw","1SWID5BYwUhJEu_UZrlA1KZieGkPSL0XZ","No likely offline artifact found; keep the manifest record and decide whether to hide the public link or rebuild the resource.","Ref Docs/Work/Public Speaking/Images/Staff/square-collage.jpg (32, artifact_candidate) | Ref Docs/Trust Signals/Client Logos/social-media-today-logo.png (30, artifact_candidate) | Ref Docs/Work/Public Speaking/Images/Event Banners/Growth Secrets - Social media amplificaiton.jfif (30, artifact_candidate) | Ref Docs/Work/Public Speaking/Images/Event Banners/Growth Secrets - Social Media.jfif (30, artifact_candidate) | Ref Docs/Trust Signals/Client Logos/InEvent-squarelogo.png (26, artifact_candidate)",""
"rpm-0425","Social / Some Work","Meet the Team: Valentin","Square | Landscape","google-drive","not_public_auth_required","auth_required","200","re-share from an accessible account, replace, or hide","preserve manifest row; decide hide vs recreate","missing_artifact","Ref Docs/Trust Signals/Client Logos/social-media-today-logo.png","artifact_candidate","29",".png","30454","4223eedc500197b9095eff3391621f09cb231e266a4b0c7feaedd777eeff4962","","","assets/js/some_work_data.js","2817","text-url","https://drive.google.com/file/d/1sYM0OWehI2BmD7lrtAP5jqZb5GU3gsx7/view?usp=sharing","https://accounts.google.com/v3/signin/identifier?continue=https%3A%2F%2Fdrive.usercontent.google.com%2Fdownload%3Fid%3D1sYM0OWehI2BmD7lrtAP5jqZb5GU3gsx7%26export%3Ddownload&dsh=S-217459539%3A1783943913420944&followup=https%3A%2F%2Fdrive.usercontent.google.com%2Fdownload%3Fid%3D1sYM0OWehI2BmD7lrtAP5jqZb5GU3gsx7%26export%3Ddownload&passive=1209600&service=wise&flowName=WebLiteSignIn&flowEntry=ServiceLogin&ifkv=Ac50bxuilnCi0Z5Xz7g1joDXLhEiM7oWNI9cVoHUBnZkcQNaH3MWqDlYlnHNc1jIw-qD26ZUkjj0Bg","1sYM0OWehI2BmD7lrtAP5jqZb5GU3gsx7","No likely offline artifact found; keep the manifest record and decide whether to hide the public link or rebuild the resource.","Ref Docs/Trust Signals/Client Logos/social-media-today-logo.png (29, artifact_candidate) | Ref Docs/Work/Public Speaking/Images/Event Banners/Growth Secrets - Social media amplificaiton.jfif (29, artifact_candidate) | Ref Docs/Work/Public Speaking/Images/Event Banners/Growth Secrets - Social Media.jfif (29, artifact_candidate)",""
"rpm-0426","Social / Some Work","Coffee in the Clouds - Episode Highlight 2 | The Product Startup Podcast - Product Videos 3","Square","google-drive","not_public_auth_required","auth_required","200","re-share from an accessible account, replace, or hide","preserve manifest row; decide hide vs recreate","missing_artifact","Ref Docs/Work/Public Speaking/Images/Event Banners/Growth Secrets - Social media amplificaiton.jfif","artifact_candidate","35",".jfif","36003","7e12e68e3b070870ba4d9300f2bd5220b909eacf9131237c3f41ffc00c9fbd46","","","assets/js/some_work_data.js","5472","text-url","https://drive.google.com/file/d/1t6EyYQ00859itqeLPqgnW0Khfb8Z8Ae9/view?usp=sharing","https://accounts.google.com/v3/signin/identifier?continue=https%3A%2F%2Fdrive.usercontent.google.com%2Fdownload%3Fid%3D1t6EyYQ00859itqeLPqgnW0Khfb8Z8Ae9%26export%3Ddownload&dsh=S1258602089%3A1783943918418049&followup=https%3A%2F%2Fdrive.usercontent.google.com%2Fdownload%3Fid%3D1t6EyYQ00859itqeLPqgnW0Khfb8Z8Ae9%26export%3Ddownload&passive=1209600&service=wise&flowName=WebLiteSignIn&flowEntry=ServiceLogin&ifkv=Ac50bxujseoo0V26dLKSwzOHdg6qQJrg_JIJhEWMvgJI-8B7TsPtd3SC5s-_WeSRu7ZuXQEC6uuZ_A","1t6EyYQ00859itqeLPqgnW0Khfb8Z8Ae9","No likely offline artifact found; keep the manifest record and decide whether to hide the public link or rebuild the resource.","Ref Docs/Work/Public Speaking/Images/Event Banners/Growth Secrets - Social media amplificaiton.jfif (35, artifact_candidate) | Ref Docs/Work/Public Speaking/Images/Event Banners/Growth Secrets - Social Media.jfif (35, artifact_candidate) | Ref Docs/Work/Public Speaking/Images/Staff/square-collage.jpg (32, artifact_candidate) | Ref Docs/Trust Signals/Client Logos/social-media-today-logo.png (29, artifact_candidate) | Ref Docs/Trust Signals/Client Logos/InEvent-squarelogo.png (26, artifact_candidate)",""
"rpm-0427","Social / Some Work","70+ Must Read Best Digital Marketing Books [2021 Update] | What Is Facebook Jail? 11 Tips to Save Your Business From Facebook Jail","Article","google-drive","not_public_auth_required","auth_required","200","re-share from an accessible account, replace, or hide","preserve manifest row; decide hide vs recreate","missing_artifact","Ref Docs/Trust Signals/Client Logos/social-media-today-logo.png","artifact_candidate","29",".png","30454","4223eedc500197b9095eff3391621f09cb231e266a4b0c7feaedd777eeff4962","","","assets/js/some_work_data.js","363","text-url","https://drive.google.com/file/d/1TDgbLayMCNqB0cKNEiwIM3rdocTJQvG-/view?usp=sharing","https://accounts.google.com/v3/signin/identifier?continue=https%3A%2F%2Fdrive.usercontent.google.com%2Fdownload%3Fid%3D1TDgbLayMCNqB0cKNEiwIM3rdocTJQvG-%26export%3Ddownload&dsh=S1178242601%3A1783943907495112&followup=https%3A%2F%2Fdrive.usercontent.google.com%2Fdownload%3Fid%3D1TDgbLayMCNqB0cKNEiwIM3rdocTJQvG-%26export%3Ddownload&passive=1209600&service=wise&flowName=WebLiteSignIn&flowEntry=ServiceLogin&ifkv=Ac50bxt5SFck8uT2pHvVLYtb9e9UOiBEwAsBlQkG-DdVBsfHTScROLayXhpijxUc1L4rUJLfuwOz2g","1TDgbLayMCNqB0cKNEiwIM3rdocTJQvG-","No likely offline artifact found; keep the manifest record and decide whether to hide the public link or rebuild the resource.","Ref Docs/Trust Signals/Client Logos/social-media-today-logo.png (29, artifact_candidate) | Ref Docs/Work/Public Speaking/Images/Event Banners/Growth Secrets - Social media amplificaiton.jfif (29, artifact_candidate) | Ref Docs/Work/Public Speaking/Images/Event Banners/Growth Secrets - Social Media.jfif (29, artifact_candidate) | Ref Docs/Work/Writing/Archived_PDFs/AI in Social Media - Taylor [PDF].pdf (29, artifact_candidate) | Ref Docs/Work/Writing/Archived_PDFs/Social Media Trends for 2020 (Marketing Edition) - Taylor [PDF].pdf (29, artifact_candidate)",""
"rpm-0428","Social / Some Work","50 Best Facebook Entrepreneur Groups [2021 Update] | Micro Conversions: The Untold Truth About Conversion Rate Optimization","Landscape","google-drive","not_public_auth_required","auth_required","200","re-share from an accessible account, replace, or hide","preserve manifest row; decide hide vs recreate","missing_artifact","Ref Docs/Work/Public Speaking/Images/Event Banners/Growth Secrets - Social media amplificaiton.jfif","artifact_candidate","35",".jfif","36003","7e12e68e3b070870ba4d9300f2bd5220b909eacf9131237c3f41ffc00c9fbd46","","","assets/js/some_work_data.js","309","text-url","https://drive.google.com/file/d/1tjudEzFOaTB-TtHNaNCzW9rv8C1nxrFX/view?usp=sharing","https://accounts.google.com/v3/signin/identifier?continue=https%3A%2F%2Fdrive.usercontent.google.com%2Fdownload%3Fid%3D1tjudEzFOaTB-TtHNaNCzW9rv8C1nxrFX%26export%3Ddownload&dsh=S-667281586%3A1783943907484423&followup=https%3A%2F%2Fdrive.usercontent.google.com%2Fdownload%3Fid%3D1tjudEzFOaTB-TtHNaNCzW9rv8C1nxrFX%26export%3Ddownload&passive=1209600&service=wise&flowName=WebLiteSignIn&flowEntry=ServiceLogin&ifkv=Ac50bxsb39Qyr6iq7Om1CECL_MUfu_dY_9ijx8itUfxu-B4DBYslVYDEd-cbe6OSfWPryLxWdbZVjQ","1tjudEzFOaTB-TtHNaNCzW9rv8C1nxrFX","No likely offline artifact found; keep the manifest record and decide whether to hide the public link or rebuild the resource.","Ref Docs/Work/Public Speaking/Images/Event Banners/Growth Secrets - Social media amplificaiton.jfif (35, artifact_candidate) | Ref Docs/Work/Public Speaking/Images/Event Banners/Growth Secrets - Social Media.jfif (35, artifact_candidate) | Ref Docs/Trust Signals/Client Logos/social-media-today-logo.png (29, artifact_candidate)",""
"rpm-0429","Social / Some Work","Link building email outreach templates | SEO Strategy Template","Article","google-drive","not_public_auth_required","auth_required","200","re-share from an accessible account, replace, or hide","preserve manifest row; decide hide vs recreate","missing_artifact","Ref Docs/Work/Marketing/Email Outreach/Email Outreach Templates.xlsx","source_index_candidate","34",".xlsx","15569","df950e97de6e2d3eb1b0777ab49bfcc1a21fefcbf68a968dbc26431c65dcf07c","","","assets/js/some_work_data.js","5963","text-url","https://drive.google.com/file/d/1TLKqYLPLgFM5gVPoQYxeWRZ043murIdm/view?usp=sharing","https://accounts.google.com/v3/signin/identifier?continue=https%3A%2F%2Fdrive.usercontent.google.com%2Fdownload%3Fid%3D1TLKqYLPLgFM5gVPoQYxeWRZ043murIdm%26export%3Ddownload&dsh=S1914323719%3A1783943919505445&followup=https%3A%2F%2Fdrive.usercontent.google.com%2Fdownload%3Fid%3D1TLKqYLPLgFM5gVPoQYxeWRZ043murIdm%26export%3Ddownload&passive=1209600&service=wise&flowName=WebLiteSignIn&flowEntry=ServiceLogin&ifkv=Ac50bxu4uDFvZyYs8Uk_f96HQWu7BzmzdQxXsH-DnFyb98DLcvgbOphkeJ5_G3-0WM61MyDXzKOw8g","1TLKqYLPLgFM5gVPoQYxeWRZ043murIdm","No likely offline artifact found; keep the manifest record and decide whether to hide the public link or rebuild the resource.","Ref Docs/Work/Marketing/Email Outreach/Email Outreach Templates.xlsx (34, source_index_candidate) | Ref Docs/Trust Signals/Client Logos/social-media-today-logo.png (29, artifact_candidate) | Ref Docs/Work/Public Speaking/Images/Event Banners/Growth Secrets - Social media amplificaiton.jfif (29, artifact_candidate) | Ref Docs/Work/Public Speaking/Images/Event Banners/Growth Secrets - Social Media.jfif (29, artifact_candidate) | Ref Docs/Work/Writing/Archived_PDFs/AI in Social Media - Taylor [PDF].pdf (29, artifact_candidate)",""
"rpm-0430","Social / Some Work","We learn more from failure","Square","google-drive","not_public_auth_required","auth_required","200","re-share from an accessible account, replace, or hide","preserve manifest row; decide hide vs recreate","missing_artifact","Ref Docs/Work/Public Speaking/Images/Staff/square-collage.jpg","artifact_candidate","32",".jpg","255253","27ed996fdda1b2c944ba749e93852e39d03325feb1fac478e5bc55bdcb9210df","","","assets/js/some_work_data.js","3557","text-url","https://drive.google.com/file/d/1tMfrkhIyjpvh8mQrXoZBchBsHuQVtJ6-/view?usp=sharing","https://accounts.google.com/v3/signin/identifier?continue=https%3A%2F%2Fdrive.usercontent.google.com%2Fdownload%3Fid%3D1tMfrkhIyjpvh8mQrXoZBchBsHuQVtJ6-%26export%3Ddownload&dsh=S-667281586%3A1783943914812762&followup=https%3A%2F%2Fdrive.usercontent.google.com%2Fdownload%3Fid%3D1tMfrkhIyjpvh8mQrXoZBchBsHuQVtJ6-%26export%3Ddownload&passive=1209600&service=wise&flowName=WebLiteSignIn&flowEntry=ServiceLogin&ifkv=Ac50bxsq9uSMjcDuEkUwCSRvsKpECnsTFJDc79W7zjwgueGoe38wXpp_aDRNP1JjUNRF18ZuR8rCfw","1tMfrkhIyjpvh8mQrXoZBchBsHuQVtJ6-","No likely offline artifact found; keep the manifest record and decide whether to hide the public link or rebuild the resource.","Ref Docs/Work/Public Speaking/Images/Staff/square-collage.jpg (32, artifact_candidate) | Ref Docs/Trust Signals/Client Logos/social-media-today-logo.png (30, artifact_candidate) | Ref Docs/Work/Public Speaking/Images/Event Banners/Growth Secrets - Social media amplificaiton.jfif (30, artifact_candidate) | Ref Docs/Work/Public Speaking/Images/Event Banners/Growth Secrets - Social Media.jfif (30, artifact_candidate) | Ref Docs/Trust Signals/Client Logos/InEvent-squarelogo.png (26, artifact_candidate)",""
"rpm-0431","Social / Some Work","Certainly: LinkedIn Ads Testimonial","Landscape","google-drive","not_public_auth_required","auth_required","200","re-share from an accessible account, replace, or hide","preserve manifest row; decide hide vs recreate","missing_artifact","Ref Docs/Trust Signals/Client Logos/social-media-today-logo.png","artifact_candidate","36",".png","30454","4223eedc500197b9095eff3391621f09cb231e266a4b0c7feaedd777eeff4962","","","assets/js/some_work_data.js","4561","text-url","https://drive.google.com/file/d/1toyUJwQPYlwstB-SlqilkcwwwiifQbnL/view?usp=sharing","https://accounts.google.com/v3/signin/identifier?continue=https%3A%2F%2Fdrive.usercontent.google.com%2Fdownload%3Fid%3D1toyUJwQPYlwstB-SlqilkcwwwiifQbnL%26export%3Ddownload&dsh=S84258311%3A1783943916938676&followup=https%3A%2F%2Fdrive.usercontent.google.com%2Fdownload%3Fid%3D1toyUJwQPYlwstB-SlqilkcwwwiifQbnL%26export%3Ddownload&passive=1209600&service=wise&flowName=WebLiteSignIn&flowEntry=ServiceLogin&ifkv=Ac50bxv5jEOPbBp__kko1qFgQV8b6ui_mOz74kWcuzBOI8xw6N_bK01vEGWLNSCBzMjS5fF6nQ-_","1toyUJwQPYlwstB-SlqilkcwwwiifQbnL","No likely offline artifact found; keep the manifest record and decide whether to hide the public link or rebuild the resource.","Ref Docs/Trust Signals/Client Logos/social-media-today-logo.png (36, artifact_candidate) | Ref Docs/Work/Public Speaking/Images/Event Banners/Growth Secrets - Social media amplificaiton.jfif (30, artifact_candidate) | Ref Docs/Work/Public Speaking/Images/Event Banners/Growth Secrets - Social Media.jfif (30, artifact_candidate) | Ref Docs/Trust Signals/Client Logos/SocialMediaManageren.png (24, artifact_candidate)",""
"rpm-0432","Social / Some Work","New Client Alert: Marda Swimwear | New Client Alert: Project.BI","Landscape","google-drive","not_public_auth_required","auth_required","200","re-share from an accessible account, replace, or hide","preserve manifest row; decide hide vs recreate","missing_artifact","Ref Docs/Trust Signals/Client Logos/social-media-today-logo.png","artifact_candidate","36",".png","30454","4223eedc500197b9095eff3391621f09cb231e266a4b0c7feaedd777eeff4962","","","assets/js/some_work_data.js","6454","text-url","https://drive.google.com/file/d/1Trx25WYReopKQ9TiDQb6a_pr2NXOTkxS/view?usp=sharing","https://accounts.google.com/v3/signin/identifier?continue=https%3A%2F%2Fdrive.usercontent.google.com%2Fdownload%3Fid%3D1Trx25WYReopKQ9TiDQb6a_pr2NXOTkxS%26export%3Ddownload&dsh=S-1962494319%3A1783943920199534&followup=https%3A%2F%2Fdrive.usercontent.google.com%2Fdownload%3Fid%3D1Trx25WYReopKQ9TiDQb6a_pr2NXOTkxS%26export%3Ddownload&passive=1209600&service=wise&flowName=WebLiteSignIn&flowEntry=ServiceLogin&ifkv=Ac50bxuG0e9dn0iWSS2oQC5XDaJIcknMi35zYnUBv57zXm8zJD2Ae6CKhaDRqg8WVuYf5idts80xLA","1Trx25WYReopKQ9TiDQb6a_pr2NXOTkxS","No likely offline artifact found; keep the manifest record and decide whether to hide the public link or rebuild the resource.","Ref Docs/Trust Signals/Client Logos/social-media-today-logo.png (36, artifact_candidate) | Ref Docs/Work/Public Speaking/Images/Event Banners/Growth Secrets - Social media amplificaiton.jfif (30, artifact_candidate) | Ref Docs/Work/Public Speaking/Images/Event Banners/Growth Secrets - Social Media.jfif (30, artifact_candidate) | Ref Docs/Trust Signals/Client Logos/SocialMediaManageren.png (24, artifact_candidate)",""
"rpm-0433","Social / Some Work","Meet the Team: Andy Parker | Meet the Team: Arthur","Landscape","google-drive","not_public_auth_required","auth_required","200","re-share from an accessible account, replace, or hide","preserve manifest row; decide hide vs recreate","missing_artifact","Ref Docs/Trust Signals/Client Logos/social-media-today-logo.png","artifact_candidate","30",".png","30454","4223eedc500197b9095eff3391621f09cb231e266a4b0c7feaedd777eeff4962","","","assets/js/some_work_data.js","2701","text-url","https://drive.google.com/file/d/1Tw7u6Kz4g35LivODDqZGyg2OJjtZeL1b/view?usp=sharing","https://accounts.google.com/v3/signin/identifier?continue=https%3A%2F%2Fdrive.usercontent.google.com%2Fdownload%3Fid%3D1Tw7u6Kz4g35LivODDqZGyg2OJjtZeL1b%26export%3Ddownload&dsh=S-2061722868%3A1783943912893876&followup=https%3A%2F%2Fdrive.usercontent.google.com%2Fdownload%3Fid%3D1Tw7u6Kz4g35LivODDqZGyg2OJjtZeL1b%26export%3Ddownload&passive=1209600&service=wise&flowName=WebLiteSignIn&flowEntry=ServiceLogin&ifkv=Ac50bxtTkvZrHn36FxCxsI35rxbY-srt84rhCebGNS6_OQsoKCOLaog9c2u_cRrkcSktiq1-OI_5XQ","1Tw7u6Kz4g35LivODDqZGyg2OJjtZeL1b","No likely offline artifact found; keep the manifest record and decide whether to hide the public link or rebuild the resource.","Ref Docs/Trust Signals/Client Logos/social-media-today-logo.png (30, artifact_candidate) | Ref Docs/Work/Public Speaking/Images/Event Banners/Growth Secrets - Social media amplificaiton.jfif (30, artifact_candidate) | Ref Docs/Work/Public Speaking/Images/Event Banners/Growth Secrets - Social Media.jfif (30, artifact_candidate)",""
"rpm-0434","Social / Some Work","GetLeap Top 100 Startups Denmark | Datto Gamechanger after work seminar","Landscape","google-drive","not_public_auth_required","auth_required","200","re-share from an accessible account, replace, or hide","review candidate offline file before changing link","possible_artifact","Ref Docs/Work/Public Speaking/Images/Event Banners/Growth Secrets - Social media amplificaiton.jfif","artifact_candidate","41",".jfif","36003","7e12e68e3b070870ba4d9300f2bd5220b909eacf9131237c3f41ffc00c9fbd46","","","assets/js/some_work_data.js","7224","text-url","https://drive.google.com/file/d/1TxxEn83av8ttaNb5QRMuuD_TYhuWlgdv/view?usp=sharing","https://accounts.google.com/v3/signin/identifier?continue=https%3A%2F%2Fdrive.usercontent.google.com%2Fdownload%3Fid%3D1TxxEn83av8ttaNb5QRMuuD_TYhuWlgdv%26export%3Ddownload&dsh=S-704453778%3A1783943920709570&followup=https%3A%2F%2Fdrive.usercontent.google.com%2Fdownload%3Fid%3D1TxxEn83av8ttaNb5QRMuuD_TYhuWlgdv%26export%3Ddownload&passive=1209600&service=wise&flowName=WebLiteSignIn&flowEntry=ServiceLogin&ifkv=Ac50bxtZ5_8jtIr4FPG6AoK0n8uNcHknlO4DP-4QX3NSgEOg995yfAn4eES4HKXPABUJylj_BY9FZg","1TxxEn83av8ttaNb5QRMuuD_TYhuWlgdv","Open the candidate file and confirm it is the same artifact before replacing the URL.","Ref Docs/Work/Public Speaking/Images/Event Banners/Growth Secrets - Social media amplificaiton.jfif (41, artifact_candidate) | Ref Docs/Work/Public Speaking/Images/Event Banners/Growth Secrets - Social Media.jfif (41, artifact_candidate) | Ref Docs/Trust Signals/Client Logos/social-media-today-logo.png (29, artifact_candidate) | Ref Docs/Work/Public Speaking/Images/Event Banners/Growth hacking 28th.jpg (25, artifact_candidate) | Ref Docs/Work/Public Speaking/Images/Event Banners/SocialMediaManageren19.png (24, artifact_candidate)",""
"rpm-0435","Social / Some Work","Infuse your brand with purpose | Meet the Team: Simone","Landscape","google-drive","not_public_auth_required","auth_required","200","re-share from an accessible account, replace, or hide","preserve manifest row; decide hide vs recreate","missing_artifact","Ref Docs/Trust Signals/Client Logos/social-media-today-logo.png","artifact_candidate","29",".png","30454","4223eedc500197b9095eff3391621f09cb231e266a4b0c7feaedd777eeff4962","","","assets/js/some_work_data.js","3025","text-url","https://drive.google.com/file/d/1TYvB0bk__b_oiyoPJMfi1EHZEVdkCcej/view?usp=sharing","https://accounts.google.com/v3/signin/identifier?continue=https%3A%2F%2Fdrive.usercontent.google.com%2Fdownload%3Fid%3D1TYvB0bk__b_oiyoPJMfi1EHZEVdkCcej%26export%3Ddownload&dsh=S-667281586%3A1783943913717659&followup=https%3A%2F%2Fdrive.usercontent.google.com%2Fdownload%3Fid%3D1TYvB0bk__b_oiyoPJMfi1EHZEVdkCcej%26export%3Ddownload&passive=1209600&service=wise&flowName=WebLiteSignIn&flowEntry=ServiceLogin&ifkv=Ac50bxuKh3pxwbmOe4N2Zwp9T1XFTcR9J6xtSva2eBIIF7A9HxNnNdy6BSSurjRIlN-GOoDo4wLidg","1TYvB0bk__b_oiyoPJMfi1EHZEVdkCcej","No likely offline artifact found; keep the manifest record and decide whether to hide the public link or rebuild the resource.","Ref Docs/Trust Signals/Client Logos/social-media-today-logo.png (29, artifact_candidate) | Ref Docs/Work/Public Speaking/Images/Event Banners/Growth Secrets - Social media amplificaiton.jfif (29, artifact_candidate) | Ref Docs/Work/Public Speaking/Images/Event Banners/Growth Secrets - Social Media.jfif (29, artifact_candidate)",""
"rpm-0436","Social / Some Work","Innovation needs diverse viewpoints | Show the problem you solve","Landscape","google-drive","not_public_auth_required","auth_required","200","re-share from an accessible account, replace, or hide","preserve manifest row; decide hide vs recreate","missing_artifact","Ref Docs/Trust Signals/Client Logos/social-media-today-logo.png","artifact_candidate","30",".png","30454","4223eedc500197b9095eff3391621f09cb231e266a4b0c7feaedd777eeff4962","","","assets/js/some_work_data.js","3615","text-url","https://drive.google.com/file/d/1U16eDulrzX5dr_U5jFHkuDbhdmwKl6Rl/view?usp=sharing","https://accounts.google.com/v3/signin/identifier?continue=https%3A%2F%2Fdrive.usercontent.google.com%2Fdownload%3Fid%3D1U16eDulrzX5dr_U5jFHkuDbhdmwKl6Rl%26export%3Ddownload&dsh=S-217459539%3A1783943914951449&followup=https%3A%2F%2Fdrive.usercontent.google.com%2Fdownload%3Fid%3D1U16eDulrzX5dr_U5jFHkuDbhdmwKl6Rl%26export%3Ddownload&passive=1209600&service=wise&flowName=WebLiteSignIn&flowEntry=ServiceLogin&ifkv=Ac50bxunN_QltNwZjyJoathbCmWXV5My9CqA5Pldle-PF_0W1pnA8tVEe_jz5Z0yw8C9R4hORd8","1U16eDulrzX5dr_U5jFHkuDbhdmwKl6Rl","No likely offline artifact found; keep the manifest record and decide whether to hide the public link or rebuild the resource.","Ref Docs/Trust Signals/Client Logos/social-media-today-logo.png (30, artifact_candidate) | Ref Docs/Work/Public Speaking/Images/Event Banners/Growth Secrets - Social media amplificaiton.jfif (30, artifact_candidate) | Ref Docs/Work/Public Speaking/Images/Event Banners/Growth Secrets - Social Media.jfif (30, artifact_candidate)",""
"rpm-0437","Social / Some Work","Ad Fatigue: What It Is and 15 Ways to Prevent It [2021] | 22 Big Data Analytics Tools: Make Profitable Decisions [2021]","Landscape","google-drive","not_public_auth_required","auth_required","200","re-share from an accessible account, replace, or hide","preserve manifest row; decide hide vs recreate","missing_artifact","Ref Docs/Trust Signals/Client Logos/social-media-today-logo.png","artifact_candidate","29",".png","30454","4223eedc500197b9095eff3391621f09cb231e266a4b0c7feaedd777eeff4962","","","assets/js/some_work_data.js","858","text-url","https://drive.google.com/file/d/1u5nbziErj-4X7CC1jfoPY_HL1ZXEuoAn/view?usp=sharing","https://accounts.google.com/v3/signin/identifier?continue=https%3A%2F%2Fdrive.usercontent.google.com%2Fdownload%3Fid%3D1u5nbziErj-4X7CC1jfoPY_HL1ZXEuoAn%26export%3Ddownload&dsh=S84258311%3A1783943909077216&followup=https%3A%2F%2Fdrive.usercontent.google.com%2Fdownload%3Fid%3D1u5nbziErj-4X7CC1jfoPY_HL1ZXEuoAn%26export%3Ddownload&passive=1209600&service=wise&flowName=WebLiteSignIn&flowEntry=ServiceLogin&ifkv=Ac50bxv0pTnJTKeI5qmayBhXyQwF34Mt-omwJctSAIolEfuM9BeshTONe6_hjP9N9JC3NAhwGaeGEA","1u5nbziErj-4X7CC1jfoPY_HL1ZXEuoAn","No likely offline artifact found; keep the manifest record and decide whether to hide the public link or rebuild the resource.","Ref Docs/Trust Signals/Client Logos/social-media-today-logo.png (29, artifact_candidate) | Ref Docs/Work/Public Speaking/Images/Event Banners/Growth Secrets - Social media amplificaiton.jfif (29, artifact_candidate) | Ref Docs/Work/Public Speaking/Images/Event Banners/Growth Secrets - Social Media.jfif (29, artifact_candidate)",""
"rpm-0438","Social / Some Work","Meet the Team: Camila | Meet the Team: Alice","Landscape","google-drive","not_public_auth_required","auth_required","200","re-share from an accessible account, replace, or hide","preserve manifest row; decide hide vs recreate","missing_artifact","Ref Docs/Trust Signals/Client Logos/social-media-today-logo.png","artifact_candidate","29",".png","30454","4223eedc500197b9095eff3391621f09cb231e266a4b0c7feaedd777eeff4962","","","assets/js/some_work_data.js","2917","text-url","https://drive.google.com/file/d/1uAQ7JwQf1moP3LkpQxBJFZemR09AW4dG/view?usp=sharing","https://accounts.google.com/v3/signin/identifier?continue=https%3A%2F%2Fdrive.usercontent.google.com%2Fdownload%3Fid%3D1uAQ7JwQf1moP3LkpQxBJFZemR09AW4dG%26export%3Ddownload&dsh=S-217459539%3A1783943913645243&followup=https%3A%2F%2Fdrive.usercontent.google.com%2Fdownload%3Fid%3D1uAQ7JwQf1moP3LkpQxBJFZemR09AW4dG%26export%3Ddownload&passive=1209600&service=wise&flowName=WebLiteSignIn&flowEntry=ServiceLogin&ifkv=Ac50bxtfZKLpxCfkyomv_5AHlNGptxniiituTPkH9SD6bnFTpXY2yYC2dvh5owApdpcgiRWzCSYCwQ","1uAQ7JwQf1moP3LkpQxBJFZemR09AW4dG","No likely offline artifact found; keep the manifest record and decide whether to hide the public link or rebuild the resource.","Ref Docs/Trust Signals/Client Logos/social-media-today-logo.png (29, artifact_candidate) | Ref Docs/Work/Public Speaking/Images/Event Banners/Growth Secrets - Social media amplificaiton.jfif (29, artifact_candidate) | Ref Docs/Work/Public Speaking/Images/Event Banners/Growth Secrets - Social Media.jfif (29, artifact_candidate)",""
"rpm-0439","Social / Some Work","The Product Startup Podcast - Product Videos 2 | Breakout Podcast","Square","google-drive","not_public_auth_required","auth_required","200","re-share from an accessible account, replace, or hide","preserve manifest row; decide hide vs recreate","missing_artifact","Ref Docs/Work/Public Speaking/Images/Staff/square-collage.jpg","artifact_candidate","32",".jpg","255253","27ed996fdda1b2c944ba749e93852e39d03325feb1fac478e5bc55bdcb9210df","","","assets/js/some_work_data.js","5416","text-url","https://drive.google.com/file/d/1UFFmjU8_WRr6X0pqJyYzOgv1NYezyImN/view?usp=sharing","https://accounts.google.com/v3/signin/identifier?continue=https%3A%2F%2Fdrive.usercontent.google.com%2Fdownload%3Fid%3D1UFFmjU8_WRr6X0pqJyYzOgv1NYezyImN%26export%3Ddownload&dsh=S84258311%3A1783943918315668&followup=https%3A%2F%2Fdrive.usercontent.google.com%2Fdownload%3Fid%3D1UFFmjU8_WRr6X0pqJyYzOgv1NYezyImN%26export%3Ddownload&passive=1209600&service=wise&flowName=WebLiteSignIn&flowEntry=ServiceLogin&ifkv=Ac50bxtDOXIDxdIn3I2bgUD_w701LW9p4Df1hivOVTD7kxlcxztfdu6uLq-Oz2639gsJE3f1nS6iIw","1UFFmjU8_WRr6X0pqJyYzOgv1NYezyImN","No likely offline artifact found; keep the manifest record and decide whether to hide the public link or rebuild the resource.","Ref Docs/Work/Public Speaking/Images/Staff/square-collage.jpg (32, artifact_candidate) | Ref Docs/Trust Signals/Client Logos/social-media-today-logo.png (29, artifact_candidate) | Ref Docs/Work/Public Speaking/Images/Event Banners/Growth Secrets - Social media amplificaiton.jfif (29, artifact_candidate) | Ref Docs/Work/Public Speaking/Images/Event Banners/Growth Secrets - Social Media.jfif (29, artifact_candidate) | Ref Docs/Trust Signals/Client Logos/InEvent-squarelogo.png (26, artifact_candidate)",""
"rpm-0440","Social / Some Work","32 data analysis tools list","Square","google-drive","not_public_auth_required","auth_required","200","re-share from an accessible account, replace, or hide","preserve manifest row; decide hide vs recreate","missing_artifact","Ref Docs/Work/Public Speaking/Images/Event Banners/Growth Secrets - Social media amplificaiton.jfif","artifact_candidate","36",".jfif","36003","7e12e68e3b070870ba4d9300f2bd5220b909eacf9131237c3f41ffc00c9fbd46","","","assets/js/some_work_data.js","1680","text-url","https://drive.google.com/file/d/1uJAssPd2upEDiPEHyy0HjSmyCJIPGMjx/view?usp=sharing","https://accounts.google.com/v3/signin/identifier?continue=https%3A%2F%2Fdrive.usercontent.google.com%2Fdownload%3Fid%3D1uJAssPd2upEDiPEHyy0HjSmyCJIPGMjx%26export%3Ddownload&dsh=S1258602089%3A1783943911169133&followup=https%3A%2F%2Fdrive.usercontent.google.com%2Fdownload%3Fid%3D1uJAssPd2upEDiPEHyy0HjSmyCJIPGMjx%26export%3Ddownload&passive=1209600&service=wise&flowName=WebLiteSignIn&flowEntry=ServiceLogin&ifkv=Ac50bxs0ioeNe0DV7n00AOX_ESp0vv8fTrXVw01kDhSAkPISijWHJVx52kYaQ6CQpZpWheobh_5c","1uJAssPd2upEDiPEHyy0HjSmyCJIPGMjx","No likely offline artifact found; keep the manifest record and decide whether to hide the public link or rebuild the resource.","Ref Docs/Work/Public Speaking/Images/Event Banners/Growth Secrets - Social media amplificaiton.jfif (36, artifact_candidate) | Ref Docs/Work/Public Speaking/Images/Event Banners/Growth Secrets - Social Media.jfif (36, artifact_candidate) | Ref Docs/Work/Public Speaking/Images/Staff/square-collage.jpg (32, artifact_candidate) | Ref Docs/Trust Signals/Client Logos/social-media-today-logo.png (30, artifact_candidate) | Ref Docs/Trust Signals/Client Logos/InEvent-squarelogo.png (26, artifact_candidate)",""
"rpm-0441","Social / Some Work","Meet the Team: Alice","Square | Landscape","google-drive","not_public_auth_required","auth_required","200","re-share from an accessible account, replace, or hide","preserve manifest row; decide hide vs recreate","missing_artifact","Ref Docs/Trust Signals/Client Logos/social-media-today-logo.png","artifact_candidate","29",".png","30454","4223eedc500197b9095eff3391621f09cb231e266a4b0c7feaedd777eeff4962","","","assets/js/some_work_data.js","2898","text-url","https://drive.google.com/file/d/1uKTBfm3tszS3YZFcbotdvBkvGau3dk_k/view?usp=sharing","https://accounts.google.com/v3/signin/identifier?continue=https%3A%2F%2Fdrive.usercontent.google.com%2Fdownload%3Fid%3D1uKTBfm3tszS3YZFcbotdvBkvGau3dk_k%26export%3Ddownload&dsh=S721579007%3A1783943913603884&followup=https%3A%2F%2Fdrive.usercontent.google.com%2Fdownload%3Fid%3D1uKTBfm3tszS3YZFcbotdvBkvGau3dk_k%26export%3Ddownload&passive=1209600&service=wise&flowName=WebLiteSignIn&flowEntry=ServiceLogin&ifkv=Ac50bxtXzv9su5wXezct-2QlW8ExjeOoJ4NP70q8WLq7W_Ll3wg9W3ZiQZONv5yggHFRRYQaZKyolw","1uKTBfm3tszS3YZFcbotdvBkvGau3dk_k","No likely offline artifact found; keep the manifest record and decide whether to hide the public link or rebuild the resource.","Ref Docs/Trust Signals/Client Logos/social-media-today-logo.png (29, artifact_candidate) | Ref Docs/Work/Public Speaking/Images/Event Banners/Growth Secrets - Social media amplificaiton.jfif (29, artifact_candidate) | Ref Docs/Work/Public Speaking/Images/Event Banners/Growth Secrets - Social Media.jfif (29, artifact_candidate)",""
"rpm-0442","Social / Some Work","💥 Improve Your Local Ranking by Optimizing Google My Business | Keyword Map Template \ud83d\ude80","Article","google-drive","not_public_auth_required","auth_required","200","re-share from an accessible account, replace, or hide","preserve manifest row; decide hide vs recreate","missing_artifact","Ref Docs/Trust Signals/Client Logos/social-media-today-logo.png","artifact_candidate","29",".png","30454","4223eedc500197b9095eff3391621f09cb231e266a4b0c7feaedd777eeff4962","","","assets/js/some_work_data.js","5787","text-url","https://drive.google.com/file/d/1uLGJ84u9UaEORBs5p3qpHnWymvOicamY/view?usp=sharing","https://accounts.google.com/v3/signin/identifier?continue=https%3A%2F%2Fdrive.usercontent.google.com%2Fdownload%3Fid%3D1uLGJ84u9UaEORBs5p3qpHnWymvOicamY%26export%3Ddownload&dsh=S-217459539%3A1783943919052979&followup=https%3A%2F%2Fdrive.usercontent.google.com%2Fdownload%3Fid%3D1uLGJ84u9UaEORBs5p3qpHnWymvOicamY%26export%3Ddownload&passive=1209600&service=wise&flowName=WebLiteSignIn&flowEntry=ServiceLogin&ifkv=Ac50bxsu12BhbevQRl9G09O2EEJcX3Vl511LnzOwiBFfXHB_h_o2IiLx9HKL7Gx5SYEb_78KeKaR","1uLGJ84u9UaEORBs5p3qpHnWymvOicamY","No likely offline artifact found; keep the manifest record and decide whether to hide the public link or rebuild the resource.","Ref Docs/Trust Signals/Client Logos/social-media-today-logo.png (29, artifact_candidate) | Ref Docs/Work/Public Speaking/Images/Event Banners/Growth Secrets - Social media amplificaiton.jfif (29, artifact_candidate) | Ref Docs/Work/Public Speaking/Images/Event Banners/Growth Secrets - Social Media.jfif (29, artifact_candidate) | Ref Docs/Work/Writing/Archived_PDFs/AI in Social Media - Taylor [PDF].pdf (29, artifact_candidate) | Ref Docs/Work/Writing/Archived_PDFs/Social Media Trends for 2020 (Marketing Edition) - Taylor [PDF].pdf (29, artifact_candidate)",""
"rpm-0443","Social / Some Work","New Client Alert: Project.BI","Square | Landscape","google-drive","not_public_auth_required","auth_required","200","re-share from an accessible account, replace, or hide","preserve manifest row; decide hide vs recreate","missing_artifact","Ref Docs/Trust Signals/Client Logos/social-media-today-logo.png","artifact_candidate","36",".png","30454","4223eedc500197b9095eff3391621f09cb231e266a4b0c7feaedd777eeff4962","","","assets/js/some_work_data.js","6433","text-url","https://drive.google.com/file/d/1UPq49N5yT68d9JmLtXZ1THP7AvWvG7MM/view?usp=sharing","https://accounts.google.com/v3/signin/identifier?continue=https%3A%2F%2Fdrive.usercontent.google.com%2Fdownload%3Fid%3D1UPq49N5yT68d9JmLtXZ1THP7AvWvG7MM%26export%3Ddownload&dsh=S-2061722868%3A1783943919696900&followup=https%3A%2F%2Fdrive.usercontent.google.com%2Fdownload%3Fid%3D1UPq49N5yT68d9JmLtXZ1THP7AvWvG7MM%26export%3Ddownload&passive=1209600&service=wise&flowName=WebLiteSignIn&flowEntry=ServiceLogin&ifkv=Ac50bxvAcZ6k_Dd1Sawwslm38LnExt07R9-lcPGDILkYv-LK3jWVrN0b86HOby46OOPv0_Z1YHfYvA","1UPq49N5yT68d9JmLtXZ1THP7AvWvG7MM","No likely offline artifact found; keep the manifest record and decide whether to hide the public link or rebuild the resource.","Ref Docs/Trust Signals/Client Logos/social-media-today-logo.png (36, artifact_candidate) | Ref Docs/Work/Public Speaking/Images/Event Banners/Growth Secrets - Social media amplificaiton.jfif (30, artifact_candidate) | Ref Docs/Work/Public Speaking/Images/Event Banners/Growth Secrets - Social Media.jfif (30, artifact_candidate) | Ref Docs/Trust Signals/Client Logos/SocialMediaManageren.png (24, artifact_candidate)",""
"rpm-0444","Social / Some Work","Top SEO firms in Denmark 2021 | Invincible Innovation podcast appearance","Article","google-drive","not_public_auth_required","auth_required","200","re-share from an accessible account, replace, or hide","preserve manifest row; decide hide vs recreate","missing_artifact","Ref Docs/Trust Signals/Client Logos/social-media-today-logo.png","artifact_candidate","30",".png","30454","4223eedc500197b9095eff3391621f09cb231e266a4b0c7feaedd777eeff4962","","","assets/js/some_work_data.js","7472","text-url","https://drive.google.com/file/d/1uSlGhxImDvUmmOWJvAiUZ2BDDodT7684/view?usp=sharing","https://accounts.google.com/v3/signin/identifier?continue=https%3A%2F%2Fdrive.usercontent.google.com%2Fdownload%3Fid%3D1uSlGhxImDvUmmOWJvAiUZ2BDDodT7684%26export%3Ddownload&dsh=S570785647%3A1783943921492934&followup=https%3A%2F%2Fdrive.usercontent.google.com%2Fdownload%3Fid%3D1uSlGhxImDvUmmOWJvAiUZ2BDDodT7684%26export%3Ddownload&passive=1209600&service=wise&flowName=WebLiteSignIn&flowEntry=ServiceLogin&ifkv=Ac50bxs3LmUUW7JkWaTT5-HFaW4_RdYbXoavofj1m_gfNGCdZmaFsE2lMF_xn902ttgFvQKiFmGv_w","1uSlGhxImDvUmmOWJvAiUZ2BDDodT7684","No likely offline artifact found; keep the manifest record and decide whether to hide the public link or rebuild the resource.","Ref Docs/Trust Signals/Client Logos/social-media-today-logo.png (30, artifact_candidate) | Ref Docs/Work/Public Speaking/Images/Event Banners/Growth Secrets - Social media amplificaiton.jfif (30, artifact_candidate) | Ref Docs/Work/Public Speaking/Images/Event Banners/Growth Secrets - Social Media.jfif (30, artifact_candidate) | Ref Docs/Work/Writing/Archived_PDFs/AI in Social Media - Taylor [PDF].pdf (30, artifact_candidate) | Ref Docs/Work/Writing/Archived_PDFs/Social Media Trends for 2020 (Marketing Edition) - Taylor [PDF].pdf (30, artifact_candidate)",""
"rpm-0445","Social / Some Work","20+ Explainer Video Ideas from Industry Leaders [2021]","Square","google-drive","not_public_auth_required","auth_required","200","re-share from an accessible account, replace, or hide","preserve manifest row; decide hide vs recreate","missing_artifact","Ref Docs/Work/Public Speaking/Images/Staff/square-collage.jpg","artifact_candidate","32",".jpg","255253","27ed996fdda1b2c944ba749e93852e39d03325feb1fac478e5bc55bdcb9210df","","","assets/js/some_work_data.js","628","text-url","https://drive.google.com/file/d/1uUiAdkNQQWgCogiDsZF6JoD6bWOl-kB9/view?usp=sharing","https://accounts.google.com/v3/signin/identifier?continue=https%3A%2F%2Fdrive.usercontent.google.com%2Fdownload%3Fid%3D1uUiAdkNQQWgCogiDsZF6JoD6bWOl-kB9%26export%3Ddownload&dsh=S-704453778%3A1783943908503639&followup=https%3A%2F%2Fdrive.usercontent.google.com%2Fdownload%3Fid%3D1uUiAdkNQQWgCogiDsZF6JoD6bWOl-kB9%26export%3Ddownload&passive=1209600&service=wise&flowName=WebLiteSignIn&flowEntry=ServiceLogin&ifkv=Ac50bxucvBueV2Z8VSVEtyBIZAcy_ecfw5tMNqlBCiViDSddcRbW72ANgK7gCWD5zpj62zoEiw8NPQ","1uUiAdkNQQWgCogiDsZF6JoD6bWOl-kB9","No likely offline artifact found; keep the manifest record and decide whether to hide the public link or rebuild the resource.","Ref Docs/Work/Public Speaking/Images/Staff/square-collage.jpg (32, artifact_candidate) | Ref Docs/Trust Signals/Client Logos/social-media-today-logo.png (29, artifact_candidate) | Ref Docs/Work/Public Speaking/Images/Event Banners/Growth Secrets - Social media amplificaiton.jfif (29, artifact_candidate) | Ref Docs/Work/Public Speaking/Images/Event Banners/Growth Secrets - Social Media.jfif (29, artifact_candidate) | Ref Docs/Trust Signals/Client Logos/InEvent-squarelogo.png (26, artifact_candidate)",""
"rpm-0446","Social / Some Work","We learn more from failure | Marketing Statistics","Landscape","google-drive","not_public_auth_required","auth_required","200","re-share from an accessible account, replace, or hide","preserve manifest row; decide hide vs recreate","missing_artifact","Ref Docs/Trust Signals/Client Logos/social-media-today-logo.png","artifact_candidate","30",".png","30454","4223eedc500197b9095eff3391621f09cb231e266a4b0c7feaedd777eeff4962","","","assets/js/some_work_data.js","3549","text-url","https://drive.google.com/file/d/1uUTb1CfU_3V0jgcgdUySHlHW8Ava4XE8/view?usp=sharing","https://accounts.google.com/v3/signin/identifier?continue=https%3A%2F%2Fdrive.usercontent.google.com%2Fdownload%3Fid%3D1uUTb1CfU_3V0jgcgdUySHlHW8Ava4XE8%26export%3Ddownload&dsh=S1258602089%3A1783943914681023&followup=https%3A%2F%2Fdrive.usercontent.google.com%2Fdownload%3Fid%3D1uUTb1CfU_3V0jgcgdUySHlHW8Ava4XE8%26export%3Ddownload&passive=1209600&service=wise&flowName=WebLiteSignIn&flowEntry=ServiceLogin&ifkv=Ac50bxv-5ZplvSo7SI_ApkJ407Nim6m4bwylomWv3XTGcJVX5UeP2iDFmub_yziyteLAG2oQrRKq5Q","1uUTb1CfU_3V0jgcgdUySHlHW8Ava4XE8","No likely offline artifact found; keep the manifest record and decide whether to hide the public link or rebuild the resource.","Ref Docs/Trust Signals/Client Logos/social-media-today-logo.png (30, artifact_candidate) | Ref Docs/Work/Public Speaking/Images/Event Banners/Growth Secrets - Social media amplificaiton.jfif (30, artifact_candidate) | Ref Docs/Work/Public Speaking/Images/Event Banners/Growth Secrets - Social Media.jfif (30, artifact_candidate)",""
"rpm-0447","Social / Some Work","Do not limit your content","Landscape","google-drive","not_public_auth_required","auth_required","200","re-share from an accessible account, replace, or hide","preserve manifest row; decide hide vs recreate","missing_artifact","Ref Docs/Trust Signals/Client Logos/social-media-today-logo.png","artifact_candidate","30",".png","30454","4223eedc500197b9095eff3391621f09cb231e266a4b0c7feaedd777eeff4962","","","assets/js/some_work_data.js","3722","text-url","https://drive.google.com/file/d/1uvdZNCcpqaPy_Nwkuigj438C6JkYklld/view?usp=sharing","https://accounts.google.com/v3/signin/identifier?continue=https%3A%2F%2Fdrive.usercontent.google.com%2Fdownload%3Fid%3D1uvdZNCcpqaPy_Nwkuigj438C6JkYklld%26export%3Ddownload&dsh=S-1693982783%3A1783943915168613&followup=https%3A%2F%2Fdrive.usercontent.google.com%2Fdownload%3Fid%3D1uvdZNCcpqaPy_Nwkuigj438C6JkYklld%26export%3Ddownload&passive=1209600&service=wise&flowName=WebLiteSignIn&flowEntry=ServiceLogin&ifkv=Ac50bxvJke_9V6ti9rw9ZrwxhukuwjTayB8a7PYIw_yTRG6d0qpOvN8eZUNy8GzQmsdTKE5Xl54D","1uvdZNCcpqaPy_Nwkuigj438C6JkYklld","No likely offline artifact found; keep the manifest record and decide whether to hide the public link or rebuild the resource.","Ref Docs/Trust Signals/Client Logos/social-media-today-logo.png (30, artifact_candidate) | Ref Docs/Work/Public Speaking/Images/Event Banners/Growth Secrets - Social media amplificaiton.jfif (30, artifact_candidate) | Ref Docs/Work/Public Speaking/Images/Event Banners/Growth Secrets - Social Media.jfif (30, artifact_candidate)",""
"rpm-0448","Social / Some Work","Best Data Visualization Tools for your Business","Square","google-drive","not_public_auth_required","auth_required","200","re-share from an accessible account, replace, or hide","preserve manifest row; decide hide vs recreate","missing_artifact","Ref Docs/Work/Public Speaking/Images/Staff/square-collage.jpg","artifact_candidate","31",".jpg","255253","27ed996fdda1b2c944ba749e93852e39d03325feb1fac478e5bc55bdcb9210df","","","assets/js/some_work_data.js","1515","text-url","https://drive.google.com/file/d/1UYT1lnHsdxjxz5f2OAnPgNggrG60T9Dr/view?usp=sharing","https://accounts.google.com/v3/signin/identifier?continue=https%3A%2F%2Fdrive.usercontent.google.com%2Fdownload%3Fid%3D1UYT1lnHsdxjxz5f2OAnPgNggrG60T9Dr%26export%3Ddownload&dsh=S1258602089%3A1783943910903944&followup=https%3A%2F%2Fdrive.usercontent.google.com%2Fdownload%3Fid%3D1UYT1lnHsdxjxz5f2OAnPgNggrG60T9Dr%26export%3Ddownload&passive=1209600&service=wise&flowName=WebLiteSignIn&flowEntry=ServiceLogin&ifkv=Ac50bxtHp-qMwJY6Ivm60wpmJ8Tc8yqkR6CYfYAG_0zieyXUA_0Mjl7Rk4nHM8n7Q21qnrg8zg25jw","1UYT1lnHsdxjxz5f2OAnPgNggrG60T9Dr","No likely offline artifact found; keep the manifest record and decide whether to hide the public link or rebuild the resource.","Ref Docs/Work/Public Speaking/Images/Staff/square-collage.jpg (31, artifact_candidate) | Ref Docs/Trust Signals/Client Logos/social-media-today-logo.png (29, artifact_candidate) | Ref Docs/Work/Public Speaking/Images/Event Banners/Growth Secrets - Social media amplificaiton.jfif (29, artifact_candidate) | Ref Docs/Work/Public Speaking/Images/Event Banners/Growth Secrets - Social Media.jfif (29, artifact_candidate) | Ref Docs/Trust Signals/Client Logos/InEvent-squarelogo.png (26, artifact_candidate)",""
"rpm-0449","Social / Some Work","Meet Pavel, Marketing Intern","Square | Landscape","google-drive","not_public_auth_required","auth_required","200","re-share from an accessible account, replace, or hide","preserve manifest row; decide hide vs recreate","missing_artifact","Ref Docs/Trust Signals/Client Logos/social-media-today-logo.png","artifact_candidate","30",".png","30454","4223eedc500197b9095eff3391621f09cb231e266a4b0c7feaedd777eeff4962","","","assets/js/some_work_data.js","2287","text-url","https://drive.google.com/file/d/1v_cq9YmL7QydX8Wxclc3PXwKgB3-2BKH/view?usp=sharing","https://accounts.google.com/v3/signin/identifier?continue=https%3A%2F%2Fdrive.usercontent.google.com%2Fdownload%3Fid%3D1v_cq9YmL7QydX8Wxclc3PXwKgB3-2BKH%26export%3Ddownload&dsh=S1178242601%3A1783943911786042&followup=https%3A%2F%2Fdrive.usercontent.google.com%2Fdownload%3Fid%3D1v_cq9YmL7QydX8Wxclc3PXwKgB3-2BKH%26export%3Ddownload&passive=1209600&service=wise&flowName=WebLiteSignIn&flowEntry=ServiceLogin&ifkv=Ac50bxsOaiMDKoNfmkS_Xqp29RmHA4bVrTwTV_qET_vNK5yMOjlWPr7dMMbhFndndPP04v0IbLovyQ","1v_cq9YmL7QydX8Wxclc3PXwKgB3-2BKH","No likely offline artifact found; keep the manifest record and decide whether to hide the public link or rebuild the resource.","Ref Docs/Trust Signals/Client Logos/social-media-today-logo.png (30, artifact_candidate) | Ref Docs/Work/Public Speaking/Images/Event Banners/Growth Secrets - Social media amplificaiton.jfif (30, artifact_candidate) | Ref Docs/Work/Public Speaking/Images/Event Banners/Growth Secrets - Social Media.jfif (30, artifact_candidate)",""
"rpm-0450","Social / Some Work","Wild Business Growth - Artificial Intelligence (AI): What is it and how important it is in Marketing | The Giraffe Social Media Podcast","Square","google-drive","not_public_auth_required","auth_required","200","re-share from an accessible account, replace, or hide","preserve manifest row; decide hide vs recreate","missing_artifact","Ref Docs/Work/Public Speaking/Images/Event Banners/Growth Secrets - Social media amplificaiton.jfif","artifact_candidate","35",".jfif","36003","7e12e68e3b070870ba4d9300f2bd5220b909eacf9131237c3f41ffc00c9fbd46","","","assets/js/some_work_data.js","5136","text-url","https://drive.google.com/file/d/1V2GSimmmr5J9zwxE7C0Xw9KJ6xvAevVc/view?usp=sharing","https://accounts.google.com/v3/signin/identifier?continue=https%3A%2F%2Fdrive.usercontent.google.com%2Fdownload%3Fid%3D1V2GSimmmr5J9zwxE7C0Xw9KJ6xvAevVc%26export%3Ddownload&dsh=S570785647%3A1783943917828667&followup=https%3A%2F%2Fdrive.usercontent.google.com%2Fdownload%3Fid%3D1V2GSimmmr5J9zwxE7C0Xw9KJ6xvAevVc%26export%3Ddownload&passive=1209600&service=wise&flowName=WebLiteSignIn&flowEntry=ServiceLogin&ifkv=Ac50bxt6qP2zn-HH2m9dfjVeY79z1B7Jc6-E3a5MJvywxTuWuSESIDUOciZTmJhry8xAr_Pq4TEcxw","1V2GSimmmr5J9zwxE7C0Xw9KJ6xvAevVc","No likely offline artifact found; keep the manifest record and decide whether to hide the public link or rebuild the resource.","Ref Docs/Work/Public Speaking/Images/Event Banners/Growth Secrets - Social media amplificaiton.jfif (35, artifact_candidate) | Ref Docs/Work/Public Speaking/Images/Event Banners/Growth Secrets - Social Media.jfif (35, artifact_candidate) | Ref Docs/Work/Public Speaking/Images/Staff/square-collage.jpg (32, artifact_candidate) | Ref Docs/Trust Signals/Client Logos/social-media-today-logo.png (29, artifact_candidate) | Ref Docs/Trust Signals/Client Logos/InEvent-squarelogo.png (26, artifact_candidate)",""
"rpm-0451","Social / Some Work","Certainly: 163 Sign-Ups in Under a Month","Landscape","google-drive","not_public_auth_required","auth_required","200","re-share from an accessible account, replace, or hide","preserve manifest row; decide hide vs recreate","missing_artifact","Ref Docs/Trust Signals/Client Logos/social-media-today-logo.png","artifact_candidate","35",".png","30454","4223eedc500197b9095eff3391621f09cb231e266a4b0c7feaedd777eeff4962","","","assets/js/some_work_data.js","4598","text-url","https://drive.google.com/file/d/1V307sUQzhUa-RkGkLbszRIZJZ5XKwlSC/view?usp=sharing","https://accounts.google.com/v3/signin/identifier?continue=https://drive.usercontent.google.com/download?id%3D1V307sUQzhUa-RkGkLbszRIZJZ5XKwlSC%26export%3Ddownload&followup=https://drive.usercontent.google.com/download?id%3D1V307sUQzhUa-RkGkLbszRIZJZ5XKwlSC%26export%3Ddownload&passive=1209600&service=wise&flowName=WebLiteSignIn&flowEntry=ServiceLogin&dsh=S-1962494319:1783943916999028","1V307sUQzhUa-RkGkLbszRIZJZ5XKwlSC","No likely offline artifact found; keep the manifest record and decide whether to hide the public link or rebuild the resource.","Ref Docs/Trust Signals/Client Logos/social-media-today-logo.png (35, artifact_candidate) | Ref Docs/Work/Public Speaking/Images/Event Banners/Growth Secrets - Social media amplificaiton.jfif (29, artifact_candidate) | Ref Docs/Work/Public Speaking/Images/Event Banners/Growth Secrets - Social Media.jfif (29, artifact_candidate) | Ref Docs/Trust Signals/Client Logos/SocialMediaManageren.png (24, artifact_candidate)",""
"rpm-0452","Social / Some Work","Marketing rewards forward thinking | Learn from mistakes","Landscape","google-drive","not_public_auth_required","auth_required","200","re-share from an accessible account, replace, or hide","preserve manifest row; decide hide vs recreate","missing_artifact","Ref Docs/Trust Signals/Client Logos/social-media-today-logo.png","artifact_candidate","29",".png","30454","4223eedc500197b9095eff3391621f09cb231e266a4b0c7feaedd777eeff4962","","","assets/js/some_work_data.js","9530","text-url","https://drive.google.com/file/d/1velXvWBi-5iuKZPTCwcvnWznvAGzAIUl/view?usp=sharing","https://accounts.google.com/v3/signin/identifier?continue=https%3A%2F%2Fdrive.usercontent.google.com%2Fdownload%3Fid%3D1velXvWBi-5iuKZPTCwcvnWznvAGzAIUl%26export%3Ddownload&dsh=S721579007%3A1783943926165611&followup=https%3A%2F%2Fdrive.usercontent.google.com%2Fdownload%3Fid%3D1velXvWBi-5iuKZPTCwcvnWznvAGzAIUl%26export%3Ddownload&passive=1209600&service=wise&flowName=WebLiteSignIn&flowEntry=ServiceLogin&ifkv=Ac50bxueHpKdAalhUfTLtcaLHl7Dwxrg9TKhdv5LJn693rCMn8B104vDtpYsC1rVRrv3mXLrfyP9","1velXvWBi-5iuKZPTCwcvnWznvAGzAIUl","No likely offline artifact found; keep the manifest record and decide whether to hide the public link or rebuild the resource.","Ref Docs/Trust Signals/Client Logos/social-media-today-logo.png (29, artifact_candidate) | Ref Docs/Work/Public Speaking/Images/Event Banners/Growth Secrets - Social media amplificaiton.jfif (29, artifact_candidate) | Ref Docs/Work/Public Speaking/Images/Event Banners/Growth Secrets - Social Media.jfif (29, artifact_candidate)",""
"rpm-0453","Social / Some Work","Repetition builds recall | Online ads influence purchases","Landscape","google-drive","not_public_auth_required","auth_required","200","re-share from an accessible account, replace, or hide","preserve manifest row; decide hide vs recreate","missing_artifact","Ref Docs/Trust Signals/Client Logos/social-media-today-logo.png","artifact_candidate","29",".png","30454","4223eedc500197b9095eff3391621f09cb231e266a4b0c7feaedd777eeff4962","","","assets/js/some_work_data.js","8843","text-url","https://drive.google.com/file/d/1vgUKXVaLPGXfrOuNX9aAMXne7APp16Id/view?usp=sharing","https://accounts.google.com/v3/signin/identifier?continue=https%3A%2F%2Fdrive.usercontent.google.com%2Fdownload%3Fid%3D1vgUKXVaLPGXfrOuNX9aAMXne7APp16Id%26export%3Ddownload&dsh=S84258311%3A1783943923981785&followup=https%3A%2F%2Fdrive.usercontent.google.com%2Fdownload%3Fid%3D1vgUKXVaLPGXfrOuNX9aAMXne7APp16Id%26export%3Ddownload&passive=1209600&service=wise&flowName=WebLiteSignIn&flowEntry=ServiceLogin&ifkv=Ac50bxvkTA42q-ReHJwNHtnE4QY5qwa18bopFpuiHc1x9JOh9UG_IfdnPhtex1nr7udYnPeTOyJ9","1vgUKXVaLPGXfrOuNX9aAMXne7APp16Id","No likely offline artifact found; keep the manifest record and decide whether to hide the public link or rebuild the resource.","Ref Docs/Trust Signals/Client Logos/social-media-today-logo.png (29, artifact_candidate) | Ref Docs/Work/Public Speaking/Images/Event Banners/Growth Secrets - Social media amplificaiton.jfif (29, artifact_candidate) | Ref Docs/Work/Public Speaking/Images/Event Banners/Growth Secrets - Social Media.jfif (29, artifact_candidate)",""
"rpm-0454","Social / Some Work","Meet the Team: Giovanni Buffa","Vertical","google-drive","not_public_auth_required","auth_required","200","re-share from an accessible account, replace, or hide","preserve manifest row; decide hide vs recreate","missing_artifact","Ref Docs/Trust Signals/Client Logos/social-media-today-logo.png","artifact_candidate","30",".png","30454","4223eedc500197b9095eff3391621f09cb231e266a4b0c7feaedd777eeff4962","","","assets/js/some_work_data.js","2593","text-url","https://drive.google.com/file/d/1vi2r3mMWzoh4HyozTwWvQLHpXSi6AW79/view?usp=sharing","https://accounts.google.com/v3/signin/identifier?continue=https%3A%2F%2Fdrive.usercontent.google.com%2Fdownload%3Fid%3D1vi2r3mMWzoh4HyozTwWvQLHpXSi6AW79%26export%3Ddownload&dsh=S-667281586%3A1783943912679774&followup=https%3A%2F%2Fdrive.usercontent.google.com%2Fdownload%3Fid%3D1vi2r3mMWzoh4HyozTwWvQLHpXSi6AW79%26export%3Ddownload&passive=1209600&service=wise&flowName=WebLiteSignIn&flowEntry=ServiceLogin&ifkv=Ac50bxtnCKV-AjUWvhtjDa1c63ZujA-dgu8saAPluLyEiQSBynhszG1Yo_SiOIS8HnJwS4FWuBSGdg","1vi2r3mMWzoh4HyozTwWvQLHpXSi6AW79","No likely offline artifact found; keep the manifest record and decide whether to hide the public link or rebuild the resource.","Ref Docs/Trust Signals/Client Logos/social-media-today-logo.png (30, artifact_candidate) | Ref Docs/Work/Public Speaking/Images/Event Banners/Growth Secrets - Social media amplificaiton.jfif (30, artifact_candidate) | Ref Docs/Work/Public Speaking/Images/Event Banners/Growth Secrets - Social Media.jfif (30, artifact_candidate)",""
"rpm-0455","Social / Some Work","Storytelling puts ideas into the world","Square","google-drive","not_public_auth_required","auth_required","200","re-share from an accessible account, replace, or hide","preserve manifest row; decide hide vs recreate","missing_artifact","Ref Docs/Work/Public Speaking/Images/Staff/square-collage.jpg","artifact_candidate","32",".jpg","255253","27ed996fdda1b2c944ba749e93852e39d03325feb1fac478e5bc55bdcb9210df","","","assets/js/some_work_data.js","3911","text-url","https://drive.google.com/file/d/1VICcw8vwuZ-eP12gD7F1Qj-IOND1r1Vn/view?usp=sharing","https://accounts.google.com/v3/signin/identifier?continue=https%3A%2F%2Fdrive.usercontent.google.com%2Fdownload%3Fid%3D1VICcw8vwuZ-eP12gD7F1Qj-IOND1r1Vn%26export%3Ddownload&dsh=S721579007%3A1783943915689968&followup=https%3A%2F%2Fdrive.usercontent.google.com%2Fdownload%3Fid%3D1VICcw8vwuZ-eP12gD7F1Qj-IOND1r1Vn%26export%3Ddownload&passive=1209600&service=wise&flowName=WebLiteSignIn&flowEntry=ServiceLogin&ifkv=Ac50bxvYyOgH817oh4h4IoRFE8q5pmmO_D7EqI26haZMq-kBY2LpzUCUbr6ekJyEL3Z_uGAzPAOntA","1VICcw8vwuZ-eP12gD7F1Qj-IOND1r1Vn","No likely offline artifact found; keep the manifest record and decide whether to hide the public link or rebuild the resource.","Ref Docs/Work/Public Speaking/Images/Staff/square-collage.jpg (32, artifact_candidate) | Ref Docs/Trust Signals/Client Logos/social-media-today-logo.png (30, artifact_candidate) | Ref Docs/Work/Public Speaking/Images/Event Banners/Growth Secrets - Social media amplificaiton.jfif (30, artifact_candidate) | Ref Docs/Work/Public Speaking/Images/Event Banners/Growth Secrets - Social Media.jfif (30, artifact_candidate) | Ref Docs/Trust Signals/Client Logos/InEvent-squarelogo.png (26, artifact_candidate)",""
"rpm-0456","Social / Some Work","Podcast: Building Business in the Dark (Reputation Capital) | Podcast: Expat Money Show (Mikkel Thorup)","Landscape","google-drive","not_public_auth_required","auth_required","200","re-share from an accessible account, replace, or hide","preserve manifest row; decide hide vs recreate","missing_artifact","Ref Docs/Trust Signals/Client Logos/social-media-today-logo.png","artifact_candidate","29",".png","30454","4223eedc500197b9095eff3391621f09cb231e266a4b0c7feaedd777eeff4962","","","assets/js/some_work_data.js","6628","text-url","https://drive.google.com/file/d/1vK05gtFgk5hNA_AB5jQ_NpLIyqUbI5t4/view?usp=sharing","https://accounts.google.com/v3/signin/identifier?continue=https%3A%2F%2Fdrive.usercontent.google.com%2Fdownload%3Fid%3D1vK05gtFgk5hNA_AB5jQ_NpLIyqUbI5t4%26export%3Ddownload&dsh=S-2061722868%3A1783943920280511&followup=https%3A%2F%2Fdrive.usercontent.google.com%2Fdownload%3Fid%3D1vK05gtFgk5hNA_AB5jQ_NpLIyqUbI5t4%26export%3Ddownload&passive=1209600&service=wise&flowName=WebLiteSignIn&flowEntry=ServiceLogin&ifkv=Ac50bxuUbmyZfz3sJ2UcoCpYgd6fQ5WA48a7ffwKrcpssxmt0CaY9KWuGtdVsC94LPlV9dWz2-MIBg","1vK05gtFgk5hNA_AB5jQ_NpLIyqUbI5t4","No likely offline artifact found; keep the manifest record and decide whether to hide the public link or rebuild the resource.","Ref Docs/Trust Signals/Client Logos/social-media-today-logo.png (29, artifact_candidate) | Ref Docs/Work/Public Speaking/Images/Event Banners/Growth Secrets - Social media amplificaiton.jfif (29, artifact_candidate) | Ref Docs/Work/Public Speaking/Images/Event Banners/Growth Secrets - Social Media.jfif (29, artifact_candidate)",""
"rpm-0457","Social / Some Work","Social Media Ads: What to Optimize","Landscape","google-drive","not_public_auth_required","auth_required","200","re-share from an accessible account, replace, or hide","preserve manifest row; decide hide vs recreate","missing_artifact","Ref Docs/Trust Signals/Client Logos/social-media-today-logo.png","artifact_candidate","30",".png","30454","4223eedc500197b9095eff3391621f09cb231e266a4b0c7feaedd777eeff4962","","","assets/js/some_work_data.js","4635","text-url","https://drive.google.com/file/d/1vp3q1w5NgGhmk-24F9Kmu0ffLJCY2UCb/view?usp=sharing","https://accounts.google.com/v3/signin/identifier?continue=https%3A%2F%2Fdrive.usercontent.google.com%2Fdownload%3Fid%3D1vp3q1w5NgGhmk-24F9Kmu0ffLJCY2UCb%26export%3Ddownload&dsh=S570785647%3A1783943917057835&followup=https%3A%2F%2Fdrive.usercontent.google.com%2Fdownload%3Fid%3D1vp3q1w5NgGhmk-24F9Kmu0ffLJCY2UCb%26export%3Ddownload&passive=1209600&service=wise&flowName=WebLiteSignIn&flowEntry=ServiceLogin&ifkv=Ac50bxss6H4sBUbqITo6d9FbYYrlWxe-XqSAJcO1iyZDR90tNlh-clW8t5Chdlr-xDkdBvF4VNCb","1vp3q1w5NgGhmk-24F9Kmu0ffLJCY2UCb","No likely offline artifact found; keep the manifest record and decide whether to hide the public link or rebuild the resource.","Ref Docs/Trust Signals/Client Logos/social-media-today-logo.png (30, artifact_candidate) | Ref Docs/Work/Public Speaking/Images/Event Banners/Growth Secrets - Social media amplificaiton.jfif (30, artifact_candidate) | Ref Docs/Work/Public Speaking/Images/Event Banners/Growth Secrets - Social Media.jfif (30, artifact_candidate)",""
"rpm-0458","Social / Some Work","Klint Marketing | Not suitable","Square","google-drive","not_public_auth_required","auth_required","200","re-share from an accessible account, replace, or hide","preserve manifest row; decide hide vs recreate","missing_artifact","Ref Docs/Work/Public Speaking/Images/Event Banners/Growth Secrets - Social media amplificaiton.jfif","artifact_candidate","35",".jfif","36003","7e12e68e3b070870ba4d9300f2bd5220b909eacf9131237c3f41ffc00c9fbd46","","","assets/js/some_work_data.js","8146","text-url","https://drive.google.com/file/d/1VpVkOYd0E20xpIas67GMZ-wm_MxW1Qb7/view?usp=sharing","https://accounts.google.com/v3/signin/identifier?continue=https%3A%2F%2Fdrive.usercontent.google.com%2Fdownload%3Fid%3D1VpVkOYd0E20xpIas67GMZ-wm_MxW1Qb7%26export%3Ddownload&dsh=S-1693982783%3A1783943922284879&followup=https%3A%2F%2Fdrive.usercontent.google.com%2Fdownload%3Fid%3D1VpVkOYd0E20xpIas67GMZ-wm_MxW1Qb7%26export%3Ddownload&passive=1209600&service=wise&flowName=WebLiteSignIn&flowEntry=ServiceLogin&ifkv=Ac50bxvaLzezCk9T8Wgf6VxzGQC_hCd46O5mD16eD6lWSTKH8yiv5iFG3rzlrhTgiFENcoh6VxCjDQ","1VpVkOYd0E20xpIas67GMZ-wm_MxW1Qb7","No likely offline artifact found; keep the manifest record and decide whether to hide the public link or rebuild the resource.","Ref Docs/Work/Public Speaking/Images/Event Banners/Growth Secrets - Social media amplificaiton.jfif (35, artifact_candidate) | Ref Docs/Work/Public Speaking/Images/Event Banners/Growth Secrets - Social Media.jfif (35, artifact_candidate) | Ref Docs/Work/Public Speaking/Images/Staff/square-collage.jpg (32, artifact_candidate) | Ref Docs/Trust Signals/Client Logos/social-media-today-logo.png (29, artifact_candidate) | Ref Docs/Trust Signals/Client Logos/InEvent-squarelogo.png (26, artifact_candidate)",""
"rpm-0459","Social / Some Work","Reveal, Analyze and Dominate tech talk","Square | Landscape","google-drive","not_public_auth_required","auth_required","200","re-share from an accessible account, replace, or hide","preserve manifest row; decide hide vs recreate","missing_artifact","Ref Docs/Trust Signals/Client Logos/social-media-today-logo.png","artifact_candidate","29",".png","30454","4223eedc500197b9095eff3391621f09cb231e266a4b0c7feaedd777eeff4962","","","assets/js/some_work_data.js","7422","text-url","https://drive.google.com/file/d/1vV1_tZ8mb85X43KozRqTuxTwik9aCrXn/view?usp=sharing","https://accounts.google.com/v3/signin/identifier?continue=https%3A%2F%2Fdrive.usercontent.google.com%2Fdownload%3Fid%3D1vV1_tZ8mb85X43KozRqTuxTwik9aCrXn%26export%3Ddownload&dsh=S1495839738%3A1783943921264096&followup=https%3A%2F%2Fdrive.usercontent.google.com%2Fdownload%3Fid%3D1vV1_tZ8mb85X43KozRqTuxTwik9aCrXn%26export%3Ddownload&passive=1209600&service=wise&flowName=WebLiteSignIn&flowEntry=ServiceLogin&ifkv=Ac50bxuT-yrEdvGCOb3y0QOEiD7AIHhyBpLa4ZKuqH8rCnmPlVGNpvOCQ58g_ZQSAMWkZL3a_RCxIw","1vV1_tZ8mb85X43KozRqTuxTwik9aCrXn","No likely offline artifact found; keep the manifest record and decide whether to hide the public link or rebuild the resource.","Ref Docs/Trust Signals/Client Logos/social-media-today-logo.png (29, artifact_candidate) | Ref Docs/Work/Public Speaking/Images/Event Banners/Growth Secrets - Social media amplificaiton.jfif (29, artifact_candidate) | Ref Docs/Work/Public Speaking/Images/Event Banners/Growth Secrets - Social Media.jfif (29, artifact_candidate)",""
"rpm-0460","Social / Some Work","The Product Startup Podcast - Product Videos 1 | Marketing Secrets Sales Development Can Use to Drive Pipeline","Square","google-drive","not_public_auth_required","auth_required","200","re-share from an accessible account, replace, or hide","preserve manifest row; decide hide vs recreate","missing_artifact","Ref Docs/Work/Public Speaking/Images/Event Banners/Growth Secrets - Social media amplificaiton.jfif","artifact_candidate","35",".jfif","36003","7e12e68e3b070870ba4d9300f2bd5220b909eacf9131237c3f41ffc00c9fbd46","","","assets/js/some_work_data.js","5304","text-url","https://drive.google.com/file/d/1vzDA5yY2qHmP-aMWxoi-Kw1lIVqzVHtf/view?usp=sharing","https://accounts.google.com/v3/signin/identifier?continue=https%3A%2F%2Fdrive.usercontent.google.com%2Fdownload%3Fid%3D1vzDA5yY2qHmP-aMWxoi-Kw1lIVqzVHtf%26export%3Ddownload&dsh=S721579007%3A1783943918040068&followup=https%3A%2F%2Fdrive.usercontent.google.com%2Fdownload%3Fid%3D1vzDA5yY2qHmP-aMWxoi-Kw1lIVqzVHtf%26export%3Ddownload&passive=1209600&service=wise&flowName=WebLiteSignIn&flowEntry=ServiceLogin&ifkv=Ac50bxsrg6w2StbdGa4kKU9hHuINyqi8o2-5nQtf5O4lBM7mEIFih5tRLRSwHHxEAPRGHRImc9ie","1vzDA5yY2qHmP-aMWxoi-Kw1lIVqzVHtf","No likely offline artifact found; keep the manifest record and decide whether to hide the public link or rebuild the resource.","Ref Docs/Work/Public Speaking/Images/Event Banners/Growth Secrets - Social media amplificaiton.jfif (35, artifact_candidate) | Ref Docs/Work/Public Speaking/Images/Event Banners/Growth Secrets - Social Media.jfif (35, artifact_candidate) | Ref Docs/Work/Public Speaking/Images/Staff/square-collage.jpg (32, artifact_candidate) | Ref Docs/Trust Signals/Client Logos/social-media-today-logo.png (29, artifact_candidate) | Ref Docs/Trust Signals/Client Logos/InEvent-squarelogo.png (26, artifact_candidate)",""
"rpm-0461","Social / Some Work","39 Best SaaS Business Podcasts","Square","google-drive","not_public_auth_required","auth_required","200","re-share from an accessible account, replace, or hide","preserve manifest row; decide hide vs recreate","missing_artifact","Ref Docs/Work/Public Speaking/Images/Staff/square-collage.jpg","artifact_candidate","37",".jpg","255253","27ed996fdda1b2c944ba749e93852e39d03325feb1fac478e5bc55bdcb9210df","","","assets/js/some_work_data.js","1383","text-url","https://drive.google.com/file/d/1W0yWWwqIDlZJ5if6KN6vlKENTSTb3T_y/view?usp=sharing","https://accounts.google.com/v3/signin/identifier?continue=https%3A%2F%2Fdrive.usercontent.google.com%2Fdownload%3Fid%3D1W0yWWwqIDlZJ5if6KN6vlKENTSTb3T_y%26export%3Ddownload&dsh=S-1962494319%3A1783943910385130&followup=https%3A%2F%2Fdrive.usercontent.google.com%2Fdownload%3Fid%3D1W0yWWwqIDlZJ5if6KN6vlKENTSTb3T_y%26export%3Ddownload&passive=1209600&service=wise&flowName=WebLiteSignIn&flowEntry=ServiceLogin&ifkv=Ac50bxu7JlkmaNzcrPtHuMLhptrzOkpxEiOzD_loLHEENS60nrTXGkHX1XG1o-Mmv7SBeECcp9MF0Q","1W0yWWwqIDlZJ5if6KN6vlKENTSTb3T_y","No likely offline artifact found; keep the manifest record and decide whether to hide the public link or rebuild the resource.","Ref Docs/Work/Public Speaking/Images/Staff/square-collage.jpg (37, artifact_candidate) | Ref Docs/Work/Public Speaking/Images/Event Banners/Growth Secrets - Social media amplificaiton.jfif (34, artifact_candidate) | Ref Docs/Work/Public Speaking/Images/Event Banners/Growth Secrets - Social Media.jfif (34, artifact_candidate) | Ref Docs/Trust Signals/Client Logos/social-media-today-logo.png (29, artifact_candidate) | Ref Docs/Trust Signals/Client Logos/InEvent-squarelogo.png (26, artifact_candidate)",""
"rpm-0462","Social / Some Work","Webinar: Social Media ROI (Falcon Virtual Summit) | Article Feature: Starter Story Interview","Landscape","google-drive","not_public_auth_required","auth_required","200","re-share from an accessible account, replace, or hide","preserve manifest row; decide hide vs recreate","missing_artifact","Ref Docs/Trust Signals/Client Logos/social-media-today-logo.png","artifact_candidate","30",".png","30454","4223eedc500197b9095eff3391621f09cb231e266a4b0c7feaedd777eeff4962","","","assets/js/some_work_data.js","6686","text-url","https://drive.google.com/file/d/1W1OPoy-Ne1jZ3WrjmJ4XDsK-TtI5YP6M/view?usp=sharing","https://accounts.google.com/v3/signin/identifier?continue=https%3A%2F%2Fdrive.usercontent.google.com%2Fdownload%3Fid%3D1W1OPoy-Ne1jZ3WrjmJ4XDsK-TtI5YP6M%26export%3Ddownload&dsh=S-217459539%3A1783943920430466&followup=https%3A%2F%2Fdrive.usercontent.google.com%2Fdownload%3Fid%3D1W1OPoy-Ne1jZ3WrjmJ4XDsK-TtI5YP6M%26export%3Ddownload&passive=1209600&service=wise&flowName=WebLiteSignIn&flowEntry=ServiceLogin&ifkv=Ac50bxsslepevo8GJU2QfCMZoM7qkmDU7Dmbl4yr1k5a1bUnqEZSBMMudypLEgg4bGxwRYyMk0gDPA","1W1OPoy-Ne1jZ3WrjmJ4XDsK-TtI5YP6M","No likely offline artifact found; keep the manifest record and decide whether to hide the public link or rebuild the resource.","Ref Docs/Trust Signals/Client Logos/social-media-today-logo.png (30, artifact_candidate) | Ref Docs/Work/Public Speaking/Images/Event Banners/Growth Secrets - Social media amplificaiton.jfif (30, artifact_candidate) | Ref Docs/Work/Public Speaking/Images/Event Banners/Growth Secrets - Social Media.jfif (30, artifact_candidate)",""
"rpm-0463","Social / Some Work","Meet the Team: Gaetan Herry","Square","google-drive","not_public_auth_required","auth_required","200","re-share from an accessible account, replace, or hide","preserve manifest row; decide hide vs recreate","missing_artifact","Ref Docs/Work/Public Speaking/Images/Staff/square-collage.jpg","artifact_candidate","32",".jpg","255253","27ed996fdda1b2c944ba749e93852e39d03325feb1fac478e5bc55bdcb9210df","","","assets/js/some_work_data.js","2651","text-url","https://drive.google.com/file/d/1W5JIxTzzQn7M7F4dV5MKzo1Nye1cYpi-/view?usp=sharing","https://accounts.google.com/v3/signin/identifier?continue=https%3A%2F%2Fdrive.usercontent.google.com%2Fdownload%3Fid%3D1W5JIxTzzQn7M7F4dV5MKzo1Nye1cYpi-%26export%3Ddownload&dsh=S-1693982783%3A1783943912759110&followup=https%3A%2F%2Fdrive.usercontent.google.com%2Fdownload%3Fid%3D1W5JIxTzzQn7M7F4dV5MKzo1Nye1cYpi-%26export%3Ddownload&passive=1209600&service=wise&flowName=WebLiteSignIn&flowEntry=ServiceLogin&ifkv=Ac50bxtu0tjnSE4U6vqLWE8eXEyRQLgcBmY6CVShixMtqDO2u2639sBV5nt6uGgTWODwhQSz8mJlyA","1W5JIxTzzQn7M7F4dV5MKzo1Nye1cYpi-","No likely offline artifact found; keep the manifest record and decide whether to hide the public link or rebuild the resource.","Ref Docs/Work/Public Speaking/Images/Staff/square-collage.jpg (32, artifact_candidate) | Ref Docs/Trust Signals/Client Logos/social-media-today-logo.png (30, artifact_candidate) | Ref Docs/Work/Public Speaking/Images/Event Banners/Growth Secrets - Social media amplificaiton.jfif (30, artifact_candidate) | Ref Docs/Work/Public Speaking/Images/Event Banners/Growth Secrets - Social Media.jfif (30, artifact_candidate) | Ref Docs/Trust Signals/Client Logos/InEvent-squarelogo.png (26, artifact_candidate)",""
"rpm-0464","Social / Some Work","Email ROI is hard to ignore","Square","google-drive","not_public_auth_required","auth_required","200","re-share from an accessible account, replace, or hide","preserve manifest row; decide hide vs recreate","missing_artifact","Ref Docs/Work/Public Speaking/Images/Staff/square-collage.jpg","artifact_candidate","32",".jpg","255253","27ed996fdda1b2c944ba749e93852e39d03325feb1fac478e5bc55bdcb9210df","","","assets/js/some_work_data.js","9043","text-url","https://drive.google.com/file/d/1w8dbTNKxiDtmDC7Cp7yQZJEen0fsD1Yr/view?usp=sharing","https://accounts.google.com/v3/signin/identifier?continue=https%3A%2F%2Fdrive.usercontent.google.com%2Fdownload%3Fid%3D1w8dbTNKxiDtmDC7Cp7yQZJEen0fsD1Yr%26export%3Ddownload&dsh=S570785647%3A1783943924696175&followup=https%3A%2F%2Fdrive.usercontent.google.com%2Fdownload%3Fid%3D1w8dbTNKxiDtmDC7Cp7yQZJEen0fsD1Yr%26export%3Ddownload&passive=1209600&service=wise&flowName=WebLiteSignIn&flowEntry=ServiceLogin&ifkv=Ac50bxvtnNMJLFM9ubuWcVPHvly9fp_QghAWLxoJRomsIXTlkqZYScff9l_URxNYjiQz7xrKNGX0CA","1w8dbTNKxiDtmDC7Cp7yQZJEen0fsD1Yr","No likely offline artifact found; keep the manifest record and decide whether to hide the public link or rebuild the resource.","Ref Docs/Work/Public Speaking/Images/Staff/square-collage.jpg (32, artifact_candidate) | Ref Docs/Trust Signals/Client Logos/social-media-today-logo.png (30, artifact_candidate) | Ref Docs/Work/Public Speaking/Images/Event Banners/Growth Secrets - Social media amplificaiton.jfif (30, artifact_candidate) | Ref Docs/Work/Public Speaking/Images/Event Banners/Growth Secrets - Social Media.jfif (30, artifact_candidate) | Ref Docs/Trust Signals/Client Logos/InEvent-squarelogo.png (26, artifact_candidate)",""
"rpm-0465","Social / Some Work","Online ads influence purchases | Video is a lead gen weapon","Landscape","google-drive","not_public_auth_required","auth_required","200","re-share from an accessible account, replace, or hide","preserve manifest row; decide hide vs recreate","missing_artifact","Ref Docs/Trust Signals/Client Logos/social-media-today-logo.png","artifact_candidate","29",".png","30454","4223eedc500197b9095eff3391621f09cb231e266a4b0c7feaedd777eeff4962","","","assets/js/some_work_data.js","8811","text-url","https://drive.google.com/file/d/1wAA7KRerHhBNoCkDaLomfmJcdPyflhn4/view?usp=sharing","https://accounts.google.com/v3/signin/identifier?continue=https%3A%2F%2Fdrive.usercontent.google.com%2Fdownload%3Fid%3D1wAA7KRerHhBNoCkDaLomfmJcdPyflhn4%26export%3Ddownload&dsh=S-217459539%3A1783943923944585&followup=https%3A%2F%2Fdrive.usercontent.google.com%2Fdownload%3Fid%3D1wAA7KRerHhBNoCkDaLomfmJcdPyflhn4%26export%3Ddownload&passive=1209600&service=wise&flowName=WebLiteSignIn&flowEntry=ServiceLogin&ifkv=Ac50bxvmJrA-oQ1F9b6bdCe6ngRddxD6ibU8uvlZzOFDThQZJyuD4pQLWoJe2QehII7tQ4-wbPw","1wAA7KRerHhBNoCkDaLomfmJcdPyflhn4","No likely offline artifact found; keep the manifest record and decide whether to hide the public link or rebuild the resource.","Ref Docs/Trust Signals/Client Logos/social-media-today-logo.png (29, artifact_candidate) | Ref Docs/Work/Public Speaking/Images/Event Banners/Growth Secrets - Social media amplificaiton.jfif (29, artifact_candidate) | Ref Docs/Work/Public Speaking/Images/Event Banners/Growth Secrets - Social Media.jfif (29, artifact_candidate)",""
"rpm-0466","Social / Some Work","Meet the Team: Pauline","Square | Landscape","google-drive","not_public_auth_required","auth_required","200","re-share from an accessible account, replace, or hide","preserve manifest row; decide hide vs recreate","missing_artifact","Ref Docs/Work/Public Speaking/Images/Event Banners/Growth Secrets - Social media amplificaiton.jfif","artifact_candidate","35",".jfif","36003","7e12e68e3b070870ba4d9300f2bd5220b909eacf9131237c3f41ffc00c9fbd46","","","assets/js/some_work_data.js","2871","text-url","https://drive.google.com/file/d/1wb4fInXDbpONTKlnglx-gXh2aw92clU1/view?usp=sharing","https://accounts.google.com/v3/signin/identifier?continue=https%3A%2F%2Fdrive.usercontent.google.com%2Fdownload%3Fid%3D1wb4fInXDbpONTKlnglx-gXh2aw92clU1%26export%3Ddownload&dsh=S1914323719%3A1783943913565597&followup=https%3A%2F%2Fdrive.usercontent.google.com%2Fdownload%3Fid%3D1wb4fInXDbpONTKlnglx-gXh2aw92clU1%26export%3Ddownload&passive=1209600&service=wise&flowName=WebLiteSignIn&flowEntry=ServiceLogin&ifkv=Ac50bxumjcBNUCe93ms1QBl44PcfJ6WTRylsG3lmvnkW2zZRSRDbOMXyXGo4Z-JqGo0TtPWa7YWlVg","1wb4fInXDbpONTKlnglx-gXh2aw92clU1","No likely offline artifact found; keep the manifest record and decide whether to hide the public link or rebuild the resource.","Ref Docs/Work/Public Speaking/Images/Event Banners/Growth Secrets - Social media amplificaiton.jfif (35, artifact_candidate) | Ref Docs/Work/Public Speaking/Images/Event Banners/Growth Secrets - Social Media.jfif (35, artifact_candidate) | Ref Docs/Trust Signals/Client Logos/social-media-today-logo.png (29, artifact_candidate) | Ref Docs/Work/Public Speaking/Images/Event Banners/SocialMediaManageren19.png (24, artifact_candidate)",""
"rpm-0467","Social / Some Work","The Giraffe Social Media Podcast | Growth Hacking Your Business in Denmark","Square","google-drive","not_public_auth_required","auth_required","200","re-share from an accessible account, replace, or hide","preserve manifest row; decide hide vs recreate","missing_artifact","Ref Docs/Work/Public Speaking/Images/Event Banners/Growth Secrets - Social media amplificaiton.jfif","artifact_candidate","35",".jfif","36003","7e12e68e3b070870ba4d9300f2bd5220b909eacf9131237c3f41ffc00c9fbd46","","","assets/js/some_work_data.js","5108","text-url","https://drive.google.com/file/d/1WbegN8ETd_8EgUiIi1_OcY_Im4z6Tspk/view?usp=sharing","https://accounts.google.com/v3/signin/identifier?continue=https%3A%2F%2Fdrive.usercontent.google.com%2Fdownload%3Fid%3D1WbegN8ETd_8EgUiIi1_OcY_Im4z6Tspk%26export%3Ddownload&dsh=S-704453778%3A1783943917739510&followup=https%3A%2F%2Fdrive.usercontent.google.com%2Fdownload%3Fid%3D1WbegN8ETd_8EgUiIi1_OcY_Im4z6Tspk%26export%3Ddownload&passive=1209600&service=wise&flowName=WebLiteSignIn&flowEntry=ServiceLogin&ifkv=Ac50bxtBbAHdei_btgaXWGSZ82TucVt3DPmQE84klA07aOWn6w7SqTfZ2rtRCgipEHeE0rsCxL8tMw","1WbegN8ETd_8EgUiIi1_OcY_Im4z6Tspk","No likely offline artifact found; keep the manifest record and decide whether to hide the public link or rebuild the resource.","Ref Docs/Work/Public Speaking/Images/Event Banners/Growth Secrets - Social media amplificaiton.jfif (35, artifact_candidate) | Ref Docs/Work/Public Speaking/Images/Event Banners/Growth Secrets - Social Media.jfif (35, artifact_candidate) | Ref Docs/Work/Public Speaking/Images/Staff/square-collage.jpg (32, artifact_candidate) | Ref Docs/Trust Signals/Client Logos/social-media-today-logo.png (29, artifact_candidate) | Ref Docs/Trust Signals/Client Logos/InEvent-squarelogo.png (26, artifact_candidate)",""
"rpm-0468","Social / Some Work","Twitter has daily attention","Square","google-drive","not_public_auth_required","auth_required","200","re-share from an accessible account, replace, or hide","preserve manifest row; decide hide vs recreate","missing_artifact","Ref Docs/Work/Public Speaking/Images/Staff/square-collage.jpg","artifact_candidate","32",".jpg","255253","27ed996fdda1b2c944ba749e93852e39d03325feb1fac478e5bc55bdcb9210df","","","assets/js/some_work_data.js","8883","text-url","https://drive.google.com/file/d/1WI4E8eKNyk8VBVEsl-hLfAkbKwBpqmWG/view?usp=sharing","https://accounts.google.com/v3/signin/identifier?continue=https%3A%2F%2Fdrive.usercontent.google.com%2Fdownload%3Fid%3D1WI4E8eKNyk8VBVEsl-hLfAkbKwBpqmWG%26export%3Ddownload&dsh=S-667281586%3A1783943924064797&followup=https%3A%2F%2Fdrive.usercontent.google.com%2Fdownload%3Fid%3D1WI4E8eKNyk8VBVEsl-hLfAkbKwBpqmWG%26export%3Ddownload&passive=1209600&service=wise&flowName=WebLiteSignIn&flowEntry=ServiceLogin&ifkv=Ac50bxvRH7iE2Qu7Qx_95BXfXPFzmeaBe3XI6zqFyxvjRpAa97In6hjFpabbeadrI2kNXj26K-pg","1WI4E8eKNyk8VBVEsl-hLfAkbKwBpqmWG","No likely offline artifact found; keep the manifest record and decide whether to hide the public link or rebuild the resource.","Ref Docs/Work/Public Speaking/Images/Staff/square-collage.jpg (32, artifact_candidate) | Ref Docs/Trust Signals/Client Logos/social-media-today-logo.png (30, artifact_candidate) | Ref Docs/Work/Public Speaking/Images/Event Banners/Growth Secrets - Social media amplificaiton.jfif (30, artifact_candidate) | Ref Docs/Work/Public Speaking/Images/Event Banners/Growth Secrets - Social Media.jfif (30, artifact_candidate) | Ref Docs/Trust Signals/Client Logos/InEvent-squarelogo.png (26, artifact_candidate)",""
"rpm-0469","Social / Some Work","Inbound sales techniques overview | Optimize data analysis with tools","Landscape","google-drive","not_public_auth_required","auth_required","200","re-share from an accessible account, replace, or hide","preserve manifest row; decide hide vs recreate","missing_artifact","Ref Docs/Trust Signals/Client Logos/social-media-today-logo.png","artifact_candidate","30",".png","30454","4223eedc500197b9095eff3391621f09cb231e266a4b0c7feaedd777eeff4962","","","assets/js/some_work_data.js","1738","text-url","https://drive.google.com/file/d/1WnAOTvYiwW_sFeEOdeiCAmh78laJQK76/view?usp=sharing","https://accounts.google.com/v3/signin/identifier?continue=https%3A%2F%2Fdrive.usercontent.google.com%2Fdownload%3Fid%3D1WnAOTvYiwW_sFeEOdeiCAmh78laJQK76%26export%3Ddownload&dsh=S-704453778%3A1783943911297653&followup=https%3A%2F%2Fdrive.usercontent.google.com%2Fdownload%3Fid%3D1WnAOTvYiwW_sFeEOdeiCAmh78laJQK76%26export%3Ddownload&passive=1209600&service=wise&flowName=WebLiteSignIn&flowEntry=ServiceLogin&ifkv=Ac50bxv3doGpD6mv0hicpmpB0RQTYyN8dWAokvyd_kV73tIuhcB082iYk8ZfVkO4TrW-GqxsGMJpfQ","1WnAOTvYiwW_sFeEOdeiCAmh78laJQK76","No likely offline artifact found; keep the manifest record and decide whether to hide the public link or rebuild the resource.","Ref Docs/Trust Signals/Client Logos/social-media-today-logo.png (30, artifact_candidate) | Ref Docs/Work/Public Speaking/Images/Event Banners/Growth Secrets - Social media amplificaiton.jfif (30, artifact_candidate) | Ref Docs/Work/Public Speaking/Images/Event Banners/Growth Secrets - Social Media.jfif (30, artifact_candidate)",""
"rpm-0470","Social / Some Work","How to Write Better Headlines | \ud83d\udca5 Improve Your Local Ranking by Optimizing Google My Business","Article","google-drive","not_public_auth_required","auth_required","200","re-share from an accessible account, replace, or hide","preserve manifest row; decide hide vs recreate","missing_artifact","Ref Docs/Trust Signals/Client Logos/social-media-today-logo.png","artifact_candidate","29",".png","30454","4223eedc500197b9095eff3391621f09cb231e266a4b0c7feaedd777eeff4962","","","assets/js/some_work_data.js","5813","text-url","https://drive.google.com/file/d/1wubKVI7BbKVGUH4WrtrMD9DnoWomMV5l/view?usp=sharing","https://accounts.google.com/v3/signin/identifier?continue=https%3A%2F%2Fdrive.usercontent.google.com%2Fdownload%3Fid%3D1wubKVI7BbKVGUH4WrtrMD9DnoWomMV5l%26export%3Ddownload&dsh=S1914323719%3A1783943919043733&followup=https%3A%2F%2Fdrive.usercontent.google.com%2Fdownload%3Fid%3D1wubKVI7BbKVGUH4WrtrMD9DnoWomMV5l%26export%3Ddownload&passive=1209600&service=wise&flowName=WebLiteSignIn&flowEntry=ServiceLogin&ifkv=Ac50bxtrtBljOPlUm8CdH4H45hcStal5fDKrKn9IFtsTJSaMDOUGauGSzbSV4rgzurotA9pbUY1q","1wubKVI7BbKVGUH4WrtrMD9DnoWomMV5l","No likely offline artifact found; keep the manifest record and decide whether to hide the public link or rebuild the resource.","Ref Docs/Trust Signals/Client Logos/social-media-today-logo.png (29, artifact_candidate) | Ref Docs/Work/Public Speaking/Images/Event Banners/Growth Secrets - Social media amplificaiton.jfif (29, artifact_candidate) | Ref Docs/Work/Public Speaking/Images/Event Banners/Growth Secrets - Social Media.jfif (29, artifact_candidate) | Ref Docs/Work/Writing/Archived_PDFs/AI in Social Media - Taylor [PDF].pdf (29, artifact_candidate) | Ref Docs/Work/Writing/Archived_PDFs/Social Media Trends for 2020 (Marketing Edition) - Taylor [PDF].pdf (29, artifact_candidate)",""
"rpm-0471","Social / Some Work","Social proof pays | TikTok growth is massive","Landscape","google-drive","not_public_auth_required","auth_required","200","re-share from an accessible account, replace, or hide","preserve manifest row; decide hide vs recreate","missing_artifact","Ref Docs/Trust Signals/Client Logos/social-media-today-logo.png","artifact_candidate","35",".png","30454","4223eedc500197b9095eff3391621f09cb231e266a4b0c7feaedd777eeff4962","","","assets/js/some_work_data.js","9130","text-url","https://drive.google.com/file/d/1wx5olYqmpdSL7Ldq8JoS9CRF4jPtIm2F/view?usp=sharing","https://accounts.google.com/v3/signin/identifier?continue=https%3A%2F%2Fdrive.usercontent.google.com%2Fdownload%3Fid%3D1wx5olYqmpdSL7Ldq8JoS9CRF4jPtIm2F%26export%3Ddownload&dsh=S721579007%3A1783943924955329&followup=https%3A%2F%2Fdrive.usercontent.google.com%2Fdownload%3Fid%3D1wx5olYqmpdSL7Ldq8JoS9CRF4jPtIm2F%26export%3Ddownload&passive=1209600&service=wise&flowName=WebLiteSignIn&flowEntry=ServiceLogin&ifkv=Ac50bxteVxtuH138EzmXS22xDXODAAlexn6qWe_kTzPeYObq5KwH3vzbBiyud-9OjJoituW-oZlI","1wx5olYqmpdSL7Ldq8JoS9CRF4jPtIm2F","No likely offline artifact found; keep the manifest record and decide whether to hide the public link or rebuild the resource.","Ref Docs/Trust Signals/Client Logos/social-media-today-logo.png (35, artifact_candidate) | Ref Docs/Work/Public Speaking/Images/Event Banners/Growth Secrets - Social media amplificaiton.jfif (35, artifact_candidate) | Ref Docs/Work/Public Speaking/Images/Event Banners/Growth Secrets - Social Media.jfif (35, artifact_candidate) | Ref Docs/Trust Signals/Client Logos/SocialMediaManageren.png (24, artifact_candidate)",""
"rpm-0472","Social / Some Work","Wild Business Growth - What is AI and the Potential it has in Marketing | Feed Your Brain - Corporate and Startup Collaboration","Square","google-drive","not_public_auth_required","auth_required","200","re-share from an accessible account, replace, or hide","preserve manifest row; decide hide vs recreate","missing_artifact","Ref Docs/Work/Public Speaking/Images/Event Banners/Growth Secrets - Social media amplificaiton.jfif","artifact_candidate","35",".jfif","36003","7e12e68e3b070870ba4d9300f2bd5220b909eacf9131237c3f41ffc00c9fbd46","","","assets/js/some_work_data.js","5220","text-url","https://drive.google.com/file/d/1Wy79_NezMM8hTr_YXh3wFVZdWGzl1YMO/view?usp=sharing","https://accounts.google.com/v3/signin/identifier?continue=https%3A%2F%2Fdrive.usercontent.google.com%2Fdownload%3Fid%3D1Wy79_NezMM8hTr_YXh3wFVZdWGzl1YMO%26export%3Ddownload&dsh=S1258602089%3A1783943917908056&followup=https%3A%2F%2Fdrive.usercontent.google.com%2Fdownload%3Fid%3D1Wy79_NezMM8hTr_YXh3wFVZdWGzl1YMO%26export%3Ddownload&passive=1209600&service=wise&flowName=WebLiteSignIn&flowEntry=ServiceLogin&ifkv=Ac50bxvs_iJ7fxI7X1iUjXJ024uBT92srblyN_fef4XaOvV_MrhVmHnf9L9sKQzMeJ-W-dbkmhqqeA","1Wy79_NezMM8hTr_YXh3wFVZdWGzl1YMO","No likely offline artifact found; keep the manifest record and decide whether to hide the public link or rebuild the resource.","Ref Docs/Work/Public Speaking/Images/Event Banners/Growth Secrets - Social media amplificaiton.jfif (35, artifact_candidate) | Ref Docs/Work/Public Speaking/Images/Event Banners/Growth Secrets - Social Media.jfif (35, artifact_candidate) | Ref Docs/Work/Public Speaking/Images/Staff/square-collage.jpg (32, artifact_candidate) | Ref Docs/Trust Signals/Client Logos/social-media-today-logo.png (29, artifact_candidate) | Ref Docs/Trust Signals/Client Logos/InEvent-squarelogo.png (26, artifact_candidate)",""
"rpm-0473","Social / Some Work","Meet the Team: Gaetan Herry | Meet the Team: Julia Gonz\u00e1lez","Landscape","google-drive","not_public_auth_required","auth_required","200","re-share from an accessible account, replace, or hide","preserve manifest row; decide hide vs recreate","missing_artifact","Ref Docs/Trust Signals/Client Logos/social-media-today-logo.png","artifact_candidate","29",".png","30454","4223eedc500197b9095eff3391621f09cb231e266a4b0c7feaedd777eeff4962","","","assets/js/some_work_data.js","2643","text-url","https://drive.google.com/file/d/1wZaWFXZdC5mT91u-aJY7--Q1Sz5DASbG/view?usp=sharing","https://accounts.google.com/v3/signin/identifier?continue=https%3A%2F%2Fdrive.usercontent.google.com%2Fdownload%3Fid%3D1wZaWFXZdC5mT91u-aJY7--Q1Sz5DASbG%26export%3Ddownload&dsh=S1495839738%3A1783943912722708&followup=https%3A%2F%2Fdrive.usercontent.google.com%2Fdownload%3Fid%3D1wZaWFXZdC5mT91u-aJY7--Q1Sz5DASbG%26export%3Ddownload&passive=1209600&service=wise&flowName=WebLiteSignIn&flowEntry=ServiceLogin&ifkv=Ac50bxsPA_zKqCMsBDayomZweILWi4OHFGXOku9j4PMOMVd62LSeYutL0s_2qro9ccWlwRpY8mCJ6w","1wZaWFXZdC5mT91u-aJY7--Q1Sz5DASbG","No likely offline artifact found; keep the manifest record and decide whether to hide the public link or rebuild the resource.","Ref Docs/Trust Signals/Client Logos/social-media-today-logo.png (29, artifact_candidate) | Ref Docs/Work/Public Speaking/Images/Event Banners/Growth Secrets - Social media amplificaiton.jfif (29, artifact_candidate) | Ref Docs/Work/Public Speaking/Images/Event Banners/Growth Secrets - Social Media.jfif (29, artifact_candidate)",""
"rpm-0474","Social / Some Work","Marketing rewards forward thinking","Square | Landscape","google-drive","not_public_auth_required","auth_required","200","re-share from an accessible account, replace, or hide","preserve manifest row; decide hide vs recreate","missing_artifact","Ref Docs/Trust Signals/Client Logos/social-media-today-logo.png","artifact_candidate","29",".png","30454","4223eedc500197b9095eff3391621f09cb231e266a4b0c7feaedd777eeff4962","","","assets/js/some_work_data.js","9538","text-url","https://drive.google.com/file/d/1x1WtJxNNyIK8CyUx90oL4YouVKd7GYP8/view?usp=sharing","https://accounts.google.com/v3/signin/identifier?continue=https%3A%2F%2Fdrive.usercontent.google.com%2Fdownload%3Fid%3D1x1WtJxNNyIK8CyUx90oL4YouVKd7GYP8%26export%3Ddownload&dsh=S84258311%3A1783943926180272&followup=https%3A%2F%2Fdrive.usercontent.google.com%2Fdownload%3Fid%3D1x1WtJxNNyIK8CyUx90oL4YouVKd7GYP8%26export%3Ddownload&passive=1209600&service=wise&flowName=WebLiteSignIn&flowEntry=ServiceLogin&ifkv=Ac50bxssv3mMaxyolJc11qijSJBG5rVzU64hEtJ3_fh7ZEKFPTSb11S1YWJnlP69NkIfpvA7mmDF","1x1WtJxNNyIK8CyUx90oL4YouVKd7GYP8","No likely offline artifact found; keep the manifest record and decide whether to hide the public link or rebuild the resource.","Ref Docs/Trust Signals/Client Logos/social-media-today-logo.png (29, artifact_candidate) | Ref Docs/Work/Public Speaking/Images/Event Banners/Growth Secrets - Social media amplificaiton.jfif (29, artifact_candidate) | Ref Docs/Work/Public Speaking/Images/Event Banners/Growth Secrets - Social Media.jfif (29, artifact_candidate)",""
"rpm-0475","Social / Some Work","Best SEO firms in Denmark | Top 10 digital marketing agencies Denmark","Vertical","google-drive","not_public_auth_required","auth_required","200","re-share from an accessible account, replace, or hide","preserve manifest row; decide hide vs recreate","missing_artifact","Ref Docs/Trust Signals/Client Logos/social-media-today-logo.png","artifact_candidate","30",".png","30454","4223eedc500197b9095eff3391621f09cb231e266a4b0c7feaedd777eeff4962","","","assets/js/some_work_data.js","7585","text-url","https://drive.google.com/file/d/1X6fANXfyhMypMqubqjtsdT1magi0Xrpu/view?usp=sharing","https://accounts.google.com/v3/signin/identifier?continue=https%3A%2F%2Fdrive.usercontent.google.com%2Fdownload%3Fid%3D1X6fANXfyhMypMqubqjtsdT1magi0Xrpu%26export%3Ddownload&dsh=S-1962494319%3A1783943921739045&followup=https%3A%2F%2Fdrive.usercontent.google.com%2Fdownload%3Fid%3D1X6fANXfyhMypMqubqjtsdT1magi0Xrpu%26export%3Ddownload&passive=1209600&service=wise&flowName=WebLiteSignIn&flowEntry=ServiceLogin&ifkv=Ac50bxsDUEDTsUMPXv-mrUQmCLreEFrSn3V3kDe2-KF0qhwjNgNd4skO7kAuHa5tf1LsAHtvgVv7kw","1X6fANXfyhMypMqubqjtsdT1magi0Xrpu","No likely offline artifact found; keep the manifest record and decide whether to hide the public link or rebuild the resource.","Ref Docs/Trust Signals/Client Logos/social-media-today-logo.png (30, artifact_candidate) | Ref Docs/Work/Public Speaking/Images/Event Banners/Growth Secrets - Social media amplificaiton.jfif (30, artifact_candidate) | Ref Docs/Work/Public Speaking/Images/Event Banners/Growth Secrets - Social Media.jfif (30, artifact_candidate)",""
"rpm-0476","Social / Some Work","Meet the Team: Arthur","Square","google-drive","not_public_auth_required","auth_required","200","re-share from an accessible account, replace, or hide","preserve manifest row; decide hide vs recreate","missing_artifact","Ref Docs/Work/Public Speaking/Images/Staff/square-collage.jpg","artifact_candidate","32",".jpg","255253","27ed996fdda1b2c944ba749e93852e39d03325feb1fac478e5bc55bdcb9210df","","","assets/js/some_work_data.js","2682","text-url","https://drive.google.com/file/d/1x6URRGCwhvzrESFM7aH5htNZN4OGAzkl/view?usp=sharing","https://accounts.google.com/v3/signin/identifier?continue=https://drive.usercontent.google.com/download?id%3D1x6URRGCwhvzrESFM7aH5htNZN4OGAzkl%26export%3Ddownload&followup=https://drive.usercontent.google.com/download?id%3D1x6URRGCwhvzrESFM7aH5htNZN4OGAzkl%26export%3Ddownload&passive=1209600&service=wise&flowName=WebLiteSignIn&flowEntry=ServiceLogin&dsh=S570785647:1783943912886692","1x6URRGCwhvzrESFM7aH5htNZN4OGAzkl","No likely offline artifact found; keep the manifest record and decide whether to hide the public link or rebuild the resource.","Ref Docs/Work/Public Speaking/Images/Staff/square-collage.jpg (32, artifact_candidate) | Ref Docs/Trust Signals/Client Logos/social-media-today-logo.png (30, artifact_candidate) | Ref Docs/Work/Public Speaking/Images/Event Banners/Growth Secrets - Social media amplificaiton.jfif (30, artifact_candidate) | Ref Docs/Work/Public Speaking/Images/Event Banners/Growth Secrets - Social Media.jfif (30, artifact_candidate) | Ref Docs/Trust Signals/Client Logos/InEvent-squarelogo.png (26, artifact_candidate)",""
"rpm-0477","Social / Some Work","Launch Street - Episode Highlight 1 | Coffee in the Clouds - Episode Highlight 3","Square","google-drive","not_public_auth_required","auth_required","200","re-share from an accessible account, replace, or hide","preserve manifest row; decide hide vs recreate","missing_artifact","Ref Docs/Work/Public Speaking/Images/Staff/square-collage.jpg","artifact_candidate","32",".jpg","255253","27ed996fdda1b2c944ba749e93852e39d03325feb1fac478e5bc55bdcb9210df","","","assets/js/some_work_data.js","5528","text-url","https://drive.google.com/file/d/1XskL5qbEWIyV5o0UJdDg5yJku0Ah91TF/view?usp=sharing","https://accounts.google.com/v3/signin/identifier?continue=https%3A%2F%2Fdrive.usercontent.google.com%2Fdownload%3Fid%3D1XskL5qbEWIyV5o0UJdDg5yJku0Ah91TF%26export%3Ddownload&dsh=S1914323719%3A1783943918485659&followup=https%3A%2F%2Fdrive.usercontent.google.com%2Fdownload%3Fid%3D1XskL5qbEWIyV5o0UJdDg5yJku0Ah91TF%26export%3Ddownload&passive=1209600&service=wise&flowName=WebLiteSignIn&flowEntry=ServiceLogin&ifkv=Ac50bxsmUvkCmKfESszn15xW3-N66JRJPu0xVRjZq7uZsZPSMEtwWwpJ3zHCFiHSdUdz9M8a4ZjsvA","1XskL5qbEWIyV5o0UJdDg5yJku0Ah91TF","No likely offline artifact found; keep the manifest record and decide whether to hide the public link or rebuild the resource.","Ref Docs/Work/Public Speaking/Images/Staff/square-collage.jpg (32, artifact_candidate) | Ref Docs/Trust Signals/Client Logos/social-media-today-logo.png (29, artifact_candidate) | Ref Docs/Work/Public Speaking/Images/Event Banners/Growth Secrets - Social media amplificaiton.jfif (29, artifact_candidate) | Ref Docs/Work/Public Speaking/Images/Event Banners/Growth Secrets - Social Media.jfif (29, artifact_candidate) | Ref Docs/Trust Signals/Client Logos/InEvent-squarelogo.png (26, artifact_candidate)",""
"rpm-0478","Social / Some Work","Meet the Team: Petra Ilic | Meet the Team: Guna","Square","google-drive","not_public_auth_required","auth_required","200","re-share from an accessible account, replace, or hide","preserve manifest row; decide hide vs recreate","missing_artifact","Ref Docs/Work/Public Speaking/Images/Event Banners/Growth Secrets - Social media amplificaiton.jfif","artifact_candidate","35",".jfif","36003","7e12e68e3b070870ba4d9300f2bd5220b909eacf9131237c3f41ffc00c9fbd46","","","assets/js/some_work_data.js","2755","text-url","https://drive.google.com/file/d/1xuWHxbzHo_cFR4momka8m-OKbw4ICXBi/view?usp=sharing","https://accounts.google.com/v3/signin/identifier?continue=https%3A%2F%2Fdrive.usercontent.google.com%2Fdownload%3Fid%3D1xuWHxbzHo_cFR4momka8m-OKbw4ICXBi%26export%3Ddownload&dsh=S1258602089%3A1783943913104056&followup=https%3A%2F%2Fdrive.usercontent.google.com%2Fdownload%3Fid%3D1xuWHxbzHo_cFR4momka8m-OKbw4ICXBi%26export%3Ddownload&passive=1209600&service=wise&flowName=WebLiteSignIn&flowEntry=ServiceLogin&ifkv=Ac50bxuajir8O47WUqLcdxo9gsrYRjsXx8d0QdQwfqQT23wcxJRAyUuVPj7Dg1rb9-NXYE9FqD_G","1xuWHxbzHo_cFR4momka8m-OKbw4ICXBi","No likely offline artifact found; keep the manifest record and decide whether to hide the public link or rebuild the resource.","Ref Docs/Work/Public Speaking/Images/Event Banners/Growth Secrets - Social media amplificaiton.jfif (35, artifact_candidate) | Ref Docs/Work/Public Speaking/Images/Event Banners/Growth Secrets - Social Media.jfif (35, artifact_candidate) | Ref Docs/Work/Public Speaking/Images/Staff/square-collage.jpg (32, artifact_candidate) | Ref Docs/Trust Signals/Client Logos/social-media-today-logo.png (30, artifact_candidate) | Ref Docs/Trust Signals/Client Logos/InEvent-squarelogo.png (26, artifact_candidate)",""
"rpm-0479","Social / Some Work","Meet the Team: Salvador Tarantino","Square | Landscape","google-drive","not_public_auth_required","auth_required","200","re-share from an accessible account, replace, or hide","preserve manifest row; decide hide vs recreate","missing_artifact","Ref Docs/Work/Public Speaking/Images/Event Banners/Growth Secrets - Social media amplificaiton.jfif","artifact_candidate","35",".jfif","36003","7e12e68e3b070870ba4d9300f2bd5220b909eacf9131237c3f41ffc00c9fbd46","","","assets/js/some_work_data.js","2790","text-url","https://drive.google.com/file/d/1xyPgQs5uh0s_cGzTFX0S-labdpq99g1o/view?usp=sharing","https://accounts.google.com/v3/signin/identifier?continue=https%3A%2F%2Fdrive.usercontent.google.com%2Fdownload%3Fid%3D1xyPgQs5uh0s_cGzTFX0S-labdpq99g1o%26export%3Ddownload&dsh=S-704453778%3A1783943913238310&followup=https%3A%2F%2Fdrive.usercontent.google.com%2Fdownload%3Fid%3D1xyPgQs5uh0s_cGzTFX0S-labdpq99g1o%26export%3Ddownload&passive=1209600&service=wise&flowName=WebLiteSignIn&flowEntry=ServiceLogin&ifkv=Ac50bxvHOVOxdW6t8pu3iDUaS4FMyruSoU_StJ57crt_hyjAhN9S1sqXvXBfzIBMGJkaFXEtx9r2XQ","1xyPgQs5uh0s_cGzTFX0S-labdpq99g1o","No likely offline artifact found; keep the manifest record and decide whether to hide the public link or rebuild the resource.","Ref Docs/Work/Public Speaking/Images/Event Banners/Growth Secrets - Social media amplificaiton.jfif (35, artifact_candidate) | Ref Docs/Work/Public Speaking/Images/Event Banners/Growth Secrets - Social Media.jfif (35, artifact_candidate) | Ref Docs/Trust Signals/Client Logos/social-media-today-logo.png (29, artifact_candidate)",""
"rpm-0480","Social / Some Work","Infographic tools for eye catching visuals | The Ultimate Guide to Customer Perception","Landscape","google-drive","not_public_auth_required","auth_required","200","re-share from an accessible account, replace, or hide","preserve manifest row; decide hide vs recreate","missing_artifact","Ref Docs/Work/Writing/Archived_PDFs/AI in Social Media - Taylor [PDF].pdf","artifact_candidate","29",".pdf","3199224","30789c999229692c7e6d16c1d851974ad443f0068d79b138a2c7043fa804d4aa","","","assets/js/some_work_data.js","1474","text-url","https://drive.google.com/file/d/1y-snuJVyaWw8bywOfDvAFFA3vSoTsbPV/view?usp=sharing","https://accounts.google.com/v3/signin/identifier?continue=https%3A%2F%2Fdrive.usercontent.google.com%2Fdownload%3Fid%3D1y-snuJVyaWw8bywOfDvAFFA3vSoTsbPV%26export%3Ddownload&dsh=S1495839738%3A1783943910570389&followup=https%3A%2F%2Fdrive.usercontent.google.com%2Fdownload%3Fid%3D1y-snuJVyaWw8bywOfDvAFFA3vSoTsbPV%26export%3Ddownload&passive=1209600&service=wise&flowName=WebLiteSignIn&flowEntry=ServiceLogin&ifkv=Ac50bxvHgpjCSZr5iwvewSxCrVAjlezOKSPpxT6D69xGnGBN9e5tzBD_dsjbI-_KBz-3fdSgKjACkg","1y-snuJVyaWw8bywOfDvAFFA3vSoTsbPV","No likely offline artifact found; keep the manifest record and decide whether to hide the public link or rebuild the resource.","Ref Docs/Work/Writing/Archived_PDFs/AI in Social Media - Taylor [PDF].pdf (29, artifact_candidate) | Ref Docs/Work/Writing/Archived_PDFs/Social Media Trends for 2020 (Marketing Edition) - Taylor [PDF].pdf (29, artifact_candidate) | Ref Docs/Work/Writing/Archived_PDFs/What is Corporate Social Innovation - Taylor [PDF].pdf (29, artifact_candidate)",""
"rpm-0481","Social / Some Work","Storytelling puts ideas into the world | First think, dream, believe, dare","Landscape","google-drive","not_public_auth_required","auth_required","200","re-share from an accessible account, replace, or hide","preserve manifest row; decide hide vs recreate","missing_artifact","Ref Docs/Trust Signals/Client Logos/social-media-today-logo.png","artifact_candidate","30",".png","30454","4223eedc500197b9095eff3391621f09cb231e266a4b0c7feaedd777eeff4962","","","assets/js/some_work_data.js","3903","text-url","https://drive.google.com/file/d/1y4LCduI3tGDawQ0FjBLqo_nvdJPTLIV_/view?usp=sharing","https://accounts.google.com/v3/signin/identifier?continue=https%3A%2F%2Fdrive.usercontent.google.com%2Fdownload%3Fid%3D1y4LCduI3tGDawQ0FjBLqo_nvdJPTLIV_%26export%3Ddownload&dsh=S-667281586%3A1783943915643542&followup=https%3A%2F%2Fdrive.usercontent.google.com%2Fdownload%3Fid%3D1y4LCduI3tGDawQ0FjBLqo_nvdJPTLIV_%26export%3Ddownload&passive=1209600&service=wise&flowName=WebLiteSignIn&flowEntry=ServiceLogin&ifkv=Ac50bxupadBY1cpTLUmsb4iIAtyK90tTiUP_o0jfarBMdRijJGmMPRiXTU3CeWIP21p8zRVN3mC1TQ","1y4LCduI3tGDawQ0FjBLqo_nvdJPTLIV_","No likely offline artifact found; keep the manifest record and decide whether to hide the public link or rebuild the resource.","Ref Docs/Trust Signals/Client Logos/social-media-today-logo.png (30, artifact_candidate) | Ref Docs/Work/Public Speaking/Images/Event Banners/Growth Secrets - Social media amplificaiton.jfif (30, artifact_candidate) | Ref Docs/Work/Public Speaking/Images/Event Banners/Growth Secrets - Social Media.jfif (30, artifact_candidate)",""
"rpm-0482","Social / Some Work","Meet Jannic, Digital Designer Intern | B2B podcasts for growth and trends","Landscape","google-drive","not_public_auth_required","auth_required","200","re-share from an accessible account, replace, or hide","preserve manifest row; decide hide vs recreate","missing_artifact","Ref Docs/Work/Public Speaking/Images/Event Banners/Growth Secrets - Social media amplificaiton.jfif","artifact_candidate","35",".jfif","36003","7e12e68e3b070870ba4d9300f2bd5220b909eacf9131237c3f41ffc00c9fbd46","","","assets/js/some_work_data.js","2134","text-url","https://drive.google.com/file/d/1yGrQtdACKqNVv1-4Pp9CPbbZhQiek8rk/view?usp=sharing","https://accounts.google.com/v3/signin/identifier?continue=https%3A%2F%2Fdrive.usercontent.google.com%2Fdownload%3Fid%3D1yGrQtdACKqNVv1-4Pp9CPbbZhQiek8rk%26export%3Ddownload&dsh=S-217459539%3A1783943911250689&followup=https%3A%2F%2Fdrive.usercontent.google.com%2Fdownload%3Fid%3D1yGrQtdACKqNVv1-4Pp9CPbbZhQiek8rk%26export%3Ddownload&passive=1209600&service=wise&flowName=WebLiteSignIn&flowEntry=ServiceLogin&ifkv=Ac50bxu5mGQ9BE5l2VtmQP0nohwD-2pf1jdPdkCRUWDBIUxeJ3MfUQilDpum4QTiEuHJTANQ7PxIng","1yGrQtdACKqNVv1-4Pp9CPbbZhQiek8rk","No likely offline artifact found; keep the manifest record and decide whether to hide the public link or rebuild the resource.","Ref Docs/Work/Public Speaking/Images/Event Banners/Growth Secrets - Social media amplificaiton.jfif (35, artifact_candidate) | Ref Docs/Work/Public Speaking/Images/Event Banners/Growth Secrets - Social Media.jfif (35, artifact_candidate) | Ref Docs/Trust Signals/Client Logos/social-media-today-logo.png (29, artifact_candidate)",""
"rpm-0483","Social / Some Work","Show the problem you solve","Square","google-drive","not_public_auth_required","auth_required","200","re-share from an accessible account, replace, or hide","preserve manifest row; decide hide vs recreate","missing_artifact","Ref Docs/Work/Public Speaking/Images/Staff/square-collage.jpg","artifact_candidate","32",".jpg","255253","27ed996fdda1b2c944ba749e93852e39d03325feb1fac478e5bc55bdcb9210df","","","assets/js/some_work_data.js","3590","text-url","https://drive.google.com/file/d/1Yre1ObzvVaoyqcE-aBlVqRJbMN7R8mIY/view?usp=sharing","https://accounts.google.com/v3/signin/identifier?continue=https%3A%2F%2Fdrive.usercontent.google.com%2Fdownload%3Fid%3D1Yre1ObzvVaoyqcE-aBlVqRJbMN7R8mIY%26export%3Ddownload&dsh=S-704453778%3A1783943914861740&followup=https%3A%2F%2Fdrive.usercontent.google.com%2Fdownload%3Fid%3D1Yre1ObzvVaoyqcE-aBlVqRJbMN7R8mIY%26export%3Ddownload&passive=1209600&service=wise&flowName=WebLiteSignIn&flowEntry=ServiceLogin&ifkv=Ac50bxtCGjsG9f28sehXtvnbV9IV009yvuz_UQEBtDrd8yzskv_0q92K4vMWHBMQUhwsChETK4kk_g","1Yre1ObzvVaoyqcE-aBlVqRJbMN7R8mIY","No likely offline artifact found; keep the manifest record and decide whether to hide the public link or rebuild the resource.","Ref Docs/Work/Public Speaking/Images/Staff/square-collage.jpg (32, artifact_candidate) | Ref Docs/Trust Signals/Client Logos/social-media-today-logo.png (30, artifact_candidate) | Ref Docs/Work/Public Speaking/Images/Event Banners/Growth Secrets - Social media amplificaiton.jfif (30, artifact_candidate) | Ref Docs/Work/Public Speaking/Images/Event Banners/Growth Secrets - Social Media.jfif (30, artifact_candidate) | Ref Docs/Trust Signals/Client Logos/InEvent-squarelogo.png (26, artifact_candidate)",""
"rpm-0484","Social / Some Work","Repetition builds recall","Square","google-drive","not_public_auth_required","auth_required","200","re-share from an accessible account, replace, or hide","preserve manifest row; decide hide vs recreate","missing_artifact","Ref Docs/Work/Public Speaking/Images/Staff/square-collage.jpg","artifact_candidate","32",".jpg","255253","27ed996fdda1b2c944ba749e93852e39d03325feb1fac478e5bc55bdcb9210df","","","assets/js/some_work_data.js","8851","text-url","https://drive.google.com/file/d/1Ys_Q5EKtOf7w0bvnU6TkSlK7LMSpwMte/view?usp=sharing","https://accounts.google.com/v3/signin/identifier?continue=https%3A%2F%2Fdrive.usercontent.google.com%2Fdownload%3Fid%3D1Ys_Q5EKtOf7w0bvnU6TkSlK7LMSpwMte%26export%3Ddownload&dsh=S84258311%3A1783943923980006&followup=https%3A%2F%2Fdrive.usercontent.google.com%2Fdownload%3Fid%3D1Ys_Q5EKtOf7w0bvnU6TkSlK7LMSpwMte%26export%3Ddownload&passive=1209600&service=wise&flowName=WebLiteSignIn&flowEntry=ServiceLogin&ifkv=Ac50bxtp-EVd2Sp4f8E792-blDAyCY_oRxOka0V6sKNS9IVVqoyFOTcIIk3FQcskuXCjQmhgyvEf","1Ys_Q5EKtOf7w0bvnU6TkSlK7LMSpwMte","No likely offline artifact found; keep the manifest record and decide whether to hide the public link or rebuild the resource.","Ref Docs/Work/Public Speaking/Images/Staff/square-collage.jpg (32, artifact_candidate) | Ref Docs/Trust Signals/Client Logos/social-media-today-logo.png (29, artifact_candidate) | Ref Docs/Work/Public Speaking/Images/Event Banners/Growth Secrets - Social media amplificaiton.jfif (29, artifact_candidate) | Ref Docs/Work/Public Speaking/Images/Event Banners/Growth Secrets - Social Media.jfif (29, artifact_candidate) | Ref Docs/Trust Signals/Client Logos/InEvent-squarelogo.png (26, artifact_candidate)",""
"rpm-0485","Social / Some Work","SEO course for KEA partner program","Vertical | Square","google-drive","not_public_auth_required","auth_required","200","re-share from an accessible account, replace, or hide","preserve manifest row; decide hide vs recreate","missing_artifact","Ref Docs/Work/Public Speaking/Images/Event Banners/Growth Secrets - Social media amplificaiton.jfif","artifact_candidate","35",".jfif","36003","7e12e68e3b070870ba4d9300f2bd5220b909eacf9131237c3f41ffc00c9fbd46","","","assets/js/some_work_data.js","7393","text-url","https://drive.google.com/file/d/1Yv9rkMIC42gIy-FdXBAqp6gLi_5eXNgS/view?usp=sharing","https://accounts.google.com/v3/signin/identifier?continue=https%3A%2F%2Fdrive.usercontent.google.com%2Fdownload%3Fid%3D1Yv9rkMIC42gIy-FdXBAqp6gLi_5eXNgS%26export%3Ddownload&dsh=S-667281586%3A1783943921226792&followup=https%3A%2F%2Fdrive.usercontent.google.com%2Fdownload%3Fid%3D1Yv9rkMIC42gIy-FdXBAqp6gLi_5eXNgS%26export%3Ddownload&passive=1209600&service=wise&flowName=WebLiteSignIn&flowEntry=ServiceLogin&ifkv=Ac50bxtfvKnOo6dN44qYL2YnLz4zK4XjfGl0jZgmtUH7D-KcDVFRppbMnCUFHlwVqxyzXcpfSSQZMg","1Yv9rkMIC42gIy-FdXBAqp6gLi_5eXNgS","No likely offline artifact found; keep the manifest record and decide whether to hide the public link or rebuild the resource.","Ref Docs/Work/Public Speaking/Images/Event Banners/Growth Secrets - Social media amplificaiton.jfif (35, artifact_candidate) | Ref Docs/Work/Public Speaking/Images/Event Banners/Growth Secrets - Social Media.jfif (35, artifact_candidate) | Ref Docs/Trust Signals/Client Logos/social-media-today-logo.png (30, artifact_candidate) | Ref Docs/Work/Public Speaking/Images/Event Banners/SocialMediaManageren19.png (24, artifact_candidate)",""
"rpm-0486","Social / Some Work","eCommerce Analytics Tools: Best Tools to Analyze Website Data [2021] | 70 Best Influencer Marketing Platforms: Find and Track Influencers [2021]","Landscape","google-drive","not_public_auth_required","auth_required","200","re-share from an accessible account, replace, or hide","preserve manifest row; decide hide vs recreate","missing_artifact","Ref Docs/Trust Signals/Client Logos/social-media-today-logo.png","artifact_candidate","29",".png","30454","4223eedc500197b9095eff3391621f09cb231e266a4b0c7feaedd777eeff4962","","","assets/js/some_work_data.js","745","text-url","https://drive.google.com/file/d/1zk_tyR6J2r3wY1xh-4DQpTDYqOFggy_I/view?usp=sharing","https://accounts.google.com/v3/signin/identifier?continue=https%3A%2F%2Fdrive.usercontent.google.com%2Fdownload%3Fid%3D1zk_tyR6J2r3wY1xh-4DQpTDYqOFggy_I%26export%3Ddownload&dsh=S-1693982783%3A1783943908601351&followup=https%3A%2F%2Fdrive.usercontent.google.com%2Fdownload%3Fid%3D1zk_tyR6J2r3wY1xh-4DQpTDYqOFggy_I%26export%3Ddownload&passive=1209600&service=wise&flowName=WebLiteSignIn&flowEntry=ServiceLogin&ifkv=Ac50bxtaeee-HastbjWnoI-8VT6vqGrvURHysjxVuUt6asMsTy-6aaaEPYB21wuo0eDhOCGCfBaxxw","1zk_tyR6J2r3wY1xh-4DQpTDYqOFggy_I","No likely offline artifact found; keep the manifest record and decide whether to hide the public link or rebuild the resource.","Ref Docs/Trust Signals/Client Logos/social-media-today-logo.png (29, artifact_candidate) | Ref Docs/Work/Public Speaking/Images/Event Banners/Growth Secrets - Social media amplificaiton.jfif (29, artifact_candidate) | Ref Docs/Work/Public Speaking/Images/Event Banners/Growth Secrets - Social Media.jfif (29, artifact_candidate)",""
"rpm-0487","Social / Some Work","Infographic tools for eye catching visuals","Landscape","google-drive","not_public_auth_required","auth_required","200","re-share from an accessible account, replace, or hide","preserve manifest row; decide hide vs recreate","missing_artifact","Ref Docs/Work/Public Speaking/Images/Event Banners/Growth Secrets - Social media amplificaiton.jfif","artifact_candidate","34",".jfif","36003","7e12e68e3b070870ba4d9300f2bd5220b909eacf9131237c3f41ffc00c9fbd46","","","assets/js/some_work_data.js","1490","text-url","https://drive.google.com/file/d/1zLJzcot83Bo7wDU2K4fnFHk_6ttXH2C4/view?usp=sharing","https://accounts.google.com/v3/signin/identifier?continue=https%3A%2F%2Fdrive.usercontent.google.com%2Fdownload%3Fid%3D1zLJzcot83Bo7wDU2K4fnFHk_6ttXH2C4%26export%3Ddownload&dsh=S1914323719%3A1783943910753848&followup=https%3A%2F%2Fdrive.usercontent.google.com%2Fdownload%3Fid%3D1zLJzcot83Bo7wDU2K4fnFHk_6ttXH2C4%26export%3Ddownload&passive=1209600&service=wise&flowName=WebLiteSignIn&flowEntry=ServiceLogin&ifkv=Ac50bxuJPfvSH1JRa-solMYinFKBjH0O2BkVaB9-1PxbvOnS9P91aDXff-cV8CsHP8wMdLPoYhg9Ug","1zLJzcot83Bo7wDU2K4fnFHk_6ttXH2C4","No likely offline artifact found; keep the manifest record and decide whether to hide the public link or rebuild the resource.","Ref Docs/Work/Public Speaking/Images/Event Banners/Growth Secrets - Social media amplificaiton.jfif (34, artifact_candidate) | Ref Docs/Work/Public Speaking/Images/Event Banners/Growth Secrets - Social Media.jfif (34, artifact_candidate) | Ref Docs/Trust Signals/Client Logos/social-media-today-logo.png (29, artifact_candidate)",""
"rpm-0488","Social / Some Work","BotXO: +60% Website Traffic via Ads","Square | Vertical","google-drive","not_public_auth_required","auth_required","200","re-share from an accessible account, replace, or hide","preserve manifest row; decide hide vs recreate","missing_artifact","Ref Docs/Trust Signals/Client Logos/social-media-today-logo.png","artifact_candidate","30",".png","30454","4223eedc500197b9095eff3391621f09cb231e266a4b0c7feaedd777eeff4962","","","assets/js/some_work_data.js","4310","text-url","https://drive.google.com/file/d/1zLREC9zvWSEpV92RqCZ7dBw-fFP_bqiV/view?usp=sharing","https://accounts.google.com/v3/signin/identifier?continue=https%3A%2F%2Fdrive.usercontent.google.com%2Fdownload%3Fid%3D1zLREC9zvWSEpV92RqCZ7dBw-fFP_bqiV%26export%3Ddownload&dsh=S721579007%3A1783943916287811&followup=https%3A%2F%2Fdrive.usercontent.google.com%2Fdownload%3Fid%3D1zLREC9zvWSEpV92RqCZ7dBw-fFP_bqiV%26export%3Ddownload&passive=1209600&service=wise&flowName=WebLiteSignIn&flowEntry=ServiceLogin&ifkv=Ac50bxue9d3Nz9tmZbIUFyeMl2vnfaVWJf4AXs-XeWnYhW0WkMThMuhG0GISxn09k2Qa4aTsIZCvyA","1zLREC9zvWSEpV92RqCZ7dBw-fFP_bqiV","No likely offline artifact found; keep the manifest record and decide whether to hide the public link or rebuild the resource.","Ref Docs/Trust Signals/Client Logos/social-media-today-logo.png (30, artifact_candidate) | Ref Docs/Work/Public Speaking/Images/Event Banners/Growth Secrets - Social media amplificaiton.jfif (30, artifact_candidate) | Ref Docs/Work/Public Speaking/Images/Event Banners/Growth Secrets - Social Media.jfif (30, artifact_candidate)",""
"rpm-0489","Public Speaking","Testimonial Form [Form] | Testimonial Template [Doc]","text-url","google-form","not_public_auth_required","auth_required","401","re-share from an accessible account, replace, or hide","preserve manifest row; decide hide vs recreate","missing_artifact","","","","","","","","Testimonial Resources","assets/js/marketing_full_data.js","4890","text-url","https://docs.google.com/forms/d/e/1FAIpQLSdDV8WtX2qWPxdC0gvZQTvRYAcwqoGMJ00BrYnXHP-0IG5o1w/viewform?usp=header","https://docs.google.com/forms/d/e/1FAIpQLSdDV8WtX2qWPxdC0gvZQTvRYAcwqoGMJ00BrYnXHP-0IG5o1w/viewform?usp=header","1FAIpQLSdDV8WtX2qWPxdC0gvZQTvRYAcwqoGMJ00BrYnXHP-0IG5o1w","No likely offline artifact found; keep the manifest record and decide whether to hide the public link or rebuild the resource.","",""
"rpm-0490","Email Outreach","PR / News Search - Find Spark Moments | Spark Moments - Company Discovery [Sheet]","text-url","google-sheet","not_public_auth_required","auth_required","401","re-share from an accessible account, replace, or hide","review local artifact, then replace or re-share","matched_artifact","Ref Docs/Work/Marketing/Email Outreach/All Email Outreach Resources - TaylorRyanPortfolio (1).xlsx","artifact_candidate","100",".xlsx","23304","6cc773c16051587bc5dece298a9bca4cae9f77ffb7dd11d29bb805004579bad8","","All Email Outreach Resources - TaylorRyanPortfolio | All Email Outreach Resources - TaylorRyanPortfolio (1).xlsx","assets/js/email_outreach_data.js","286","text-url","https://docs.google.com/spreadsheets/d/1_q8PuCluapoXrXF_4g36rkjviIade-ieZuKkWq8z9V4/edit?usp=drive_link","https://docs.google.com/spreadsheets/d/1_q8PuCluapoXrXF_4g36rkjviIade-ieZuKkWq8z9V4/export?format=csv","1_q8PuCluapoXrXF_4g36rkjviIade-ieZuKkWq8z9V4","Use the local artifact as the replacement source after manual approval.","Ref Docs/Work/Marketing/Email Outreach/All Email Outreach Resources - TaylorRyanPortfolio (1).xlsx (100, artifact_candidate) | Ref Docs/Work/Marketing/Email Outreach/Email Outreach Templates.xlsx (36, artifact_candidate) | Ref Docs/Work/Marketing/Email Outreach/Hyp-Pers SendSpark Workflow Resources.xlsx (36, artifact_candidate) | Ref Docs/Work/Quests/Quest Resources/Discovery Resources/Search Terms -  Airdrop.xlsx (26, artifact_candidate) | Ref Docs/Work/Quests/Resources Tab/Discovery Resources/Search Terms -  Airdrop.xlsx (26, artifact_candidate)",""
"rpm-0491","Email Outreach","Email Outreach Tools [Sheet] | Investor Outreach - Responses","text-url","google-sheet","not_public_auth_required","auth_required","401","re-share from an accessible account, replace, or hide","review local artifact, then replace or re-share","matched_artifact","Ref Docs/Work/Marketing/Email Outreach/All Email Outreach Resources - TaylorRyanPortfolio (1).xlsx","artifact_candidate","100",".xlsx","23304","6cc773c16051587bc5dece298a9bca4cae9f77ffb7dd11d29bb805004579bad8","","All Email Outreach Resources - TaylorRyanPortfolio | All Email Outreach Resources - TaylorRyanPortfolio (1).xlsx","assets/js/email_outreach_data.js","776","text-url","https://docs.google.com/spreadsheets/d/100HrFtlkDYLlckI7vF2PcoX_dycaNtnb6JJbQ6SyG-g/","https://docs.google.com/spreadsheets/d/100HrFtlkDYLlckI7vF2PcoX_dycaNtnb6JJbQ6SyG-g/export?format=csv","100HrFtlkDYLlckI7vF2PcoX_dycaNtnb6JJbQ6SyG-g","Use the local artifact as the replacement source after manual approval.","Ref Docs/Work/Marketing/Email Outreach/All Email Outreach Resources - TaylorRyanPortfolio (1).xlsx (100, artifact_candidate) | Ref Docs/Work/Marketing/Email Outreach/Email Outreach Templates.xlsx (36, artifact_candidate) | Ref Docs/Work/Marketing/Email Outreach/Hyp-Pers SendSpark Workflow Resources.xlsx (36, artifact_candidate)",""
"rpm-0492","Email Outreach","Burner Domain and Email Tools [Sheet] | Burner Domain and Email","text-url","google-sheet","not_public_auth_required","auth_required","401","re-share from an accessible account, replace, or hide","review local artifact, then replace or re-share","matched_artifact","Ref Docs/Work/Marketing/Email Outreach/All Email Outreach Resources - TaylorRyanPortfolio (1).xlsx","artifact_candidate","100",".xlsx","23304","6cc773c16051587bc5dece298a9bca4cae9f77ffb7dd11d29bb805004579bad8","","All Email Outreach Resources - TaylorRyanPortfolio | All Email Outreach Resources - TaylorRyanPortfolio (1).xlsx","assets/js/email_outreach_data.js","16","text-url","https://docs.google.com/spreadsheets/d/10o2GaQ6IgfZrbY2lNudBz4jvqnLn9j3wtKgoJ6KxfNE/edit?usp=drive_link","https://docs.google.com/spreadsheets/d/10o2GaQ6IgfZrbY2lNudBz4jvqnLn9j3wtKgoJ6KxfNE/export?format=csv","10o2GaQ6IgfZrbY2lNudBz4jvqnLn9j3wtKgoJ6KxfNE","Use the local artifact as the replacement source after manual approval.","Ref Docs/Work/Marketing/Email Outreach/All Email Outreach Resources - TaylorRyanPortfolio (1).xlsx (100, artifact_candidate) | Ref Docs/Work/Marketing/Email Outreach/Email Outreach Templates.xlsx (38, artifact_candidate) | Ref Docs/Work/Marketing/Email Outreach/Hyp-Pers SendSpark Workflow Resources.xlsx (38, artifact_candidate)",""
"rpm-0493","Email Outreach","Company Discovery Tools [Sheet] | Prompt - Industry and Career Targeting Options [Doc]","text-url","google-sheet","not_public_auth_required","auth_required","401","re-share from an accessible account, replace, or hide","review local artifact, then replace or re-share","matched_artifact","Ref Docs/Work/Marketing/Email Outreach/All Email Outreach Resources - TaylorRyanPortfolio (1).xlsx","artifact_candidate","100",".xlsx","23304","6cc773c16051587bc5dece298a9bca4cae9f77ffb7dd11d29bb805004579bad8","","All Email Outreach Resources - TaylorRyanPortfolio | All Email Outreach Resources - TaylorRyanPortfolio (1).xlsx","assets/js/email_outreach_data.js","146","text-url","https://docs.google.com/spreadsheets/d/13veSUg-ByNHBphGr5JTJSl8aVhhYkfUfRjPpyxk1VxY","https://docs.google.com/spreadsheets/d/13veSUg-ByNHBphGr5JTJSl8aVhhYkfUfRjPpyxk1VxY/export?format=csv","13veSUg-ByNHBphGr5JTJSl8aVhhYkfUfRjPpyxk1VxY","Use the local artifact as the replacement source after manual approval.","Ref Docs/Work/Marketing/Email Outreach/All Email Outreach Resources - TaylorRyanPortfolio (1).xlsx (100, artifact_candidate) | Ref Docs/Work/Marketing/Email Outreach/Email Outreach Templates.xlsx (36, artifact_candidate) | Ref Docs/Work/Marketing/Email Outreach/Hyp-Pers SendSpark Workflow Resources.xlsx (36, artifact_candidate)",""
"rpm-0494","Email Outreach","Geo Targeting [Sheet] | Industry Categories [Sheet]","text-url","google-sheet","not_public_auth_required","auth_required","401","re-share from an accessible account, replace, or hide","review local artifact, then replace or re-share","matched_artifact","Ref Docs/Work/Marketing/Email Outreach/All Email Outreach Resources - TaylorRyanPortfolio (1).xlsx","artifact_candidate","100",".xlsx","23304","6cc773c16051587bc5dece298a9bca4cae9f77ffb7dd11d29bb805004579bad8","","All Email Outreach Resources - TaylorRyanPortfolio | All Email Outreach Resources - TaylorRyanPortfolio (1).xlsx","assets/js/email_outreach_data.js","126","text-url","https://docs.google.com/spreadsheets/d/14x5etk-CeFgo8qZhbfKkwja95mTfgYkz20hBMVxb9ww/","https://docs.google.com/spreadsheets/d/14x5etk-CeFgo8qZhbfKkwja95mTfgYkz20hBMVxb9ww/export?format=csv","14x5etk-CeFgo8qZhbfKkwja95mTfgYkz20hBMVxb9ww","Use the local artifact as the replacement source after manual approval.","Ref Docs/Work/Marketing/Email Outreach/All Email Outreach Resources - TaylorRyanPortfolio (1).xlsx (100, artifact_candidate) | Ref Docs/Work/Marketing/Email Outreach/Email Outreach Templates.xlsx (36, artifact_candidate) | Ref Docs/Work/Marketing/Email Outreach/Hyp-Pers SendSpark Workflow Resources.xlsx (36, artifact_candidate)",""
"rpm-0495","Email Outreach","Email Testing Tools [Sheet] | Burner Domain and Email","text-url","google-sheet","not_public_auth_required","auth_required","401","re-share from an accessible account, replace, or hide","review local artifact, then replace or re-share","matched_artifact","Ref Docs/Work/Marketing/Email Outreach/All Email Outreach Resources - TaylorRyanPortfolio (1).xlsx","artifact_candidate","100",".xlsx","23304","6cc773c16051587bc5dece298a9bca4cae9f77ffb7dd11d29bb805004579bad8","","All Email Outreach Resources - TaylorRyanPortfolio | All Email Outreach Resources - TaylorRyanPortfolio (1).xlsx","assets/js/email_outreach_data.js","36","text-url","https://docs.google.com/spreadsheets/d/156QFMZ9I-Cew4QdnMj1Dy0yLpajBiM6DaY-pB_EXJgc","https://docs.google.com/spreadsheets/d/156QFMZ9I-Cew4QdnMj1Dy0yLpajBiM6DaY-pB_EXJgc/export?format=csv","156QFMZ9I-Cew4QdnMj1Dy0yLpajBiM6DaY-pB_EXJgc","Use the local artifact as the replacement source after manual approval.","Ref Docs/Work/Marketing/Email Outreach/All Email Outreach Resources - TaylorRyanPortfolio (1).xlsx (100, artifact_candidate) | Ref Docs/Work/Marketing/Email Outreach/Email Outreach Templates.xlsx (38, artifact_candidate) | Ref Docs/Work/Marketing/Email Outreach/Hyp-Pers SendSpark Workflow Resources.xlsx (38, artifact_candidate)",""
"rpm-0496","Email Outreach","All Job Board Lists [Sheet] | Funding News - [Sheet]","text-url","google-sheet","not_public_auth_required","auth_required","401","re-share from an accessible account, replace, or hide","review local artifact, then replace or re-share","matched_artifact","Ref Docs/Work/Marketing/Email Outreach/All Email Outreach Resources - TaylorRyanPortfolio (1).xlsx","artifact_candidate","100",".xlsx","23304","6cc773c16051587bc5dece298a9bca4cae9f77ffb7dd11d29bb805004579bad8","","All Email Outreach Resources - TaylorRyanPortfolio | All Email Outreach Resources - TaylorRyanPortfolio (1).xlsx","assets/js/email_outreach_data.js","306","text-url","https://docs.google.com/spreadsheets/d/169SSBpfV6J1bwsmClidd7dY29UthGI0wm1GtFPrLfxQ/","https://docs.google.com/spreadsheets/d/169SSBpfV6J1bwsmClidd7dY29UthGI0wm1GtFPrLfxQ/export?format=csv","169SSBpfV6J1bwsmClidd7dY29UthGI0wm1GtFPrLfxQ","Use the local artifact as the replacement source after manual approval.","Ref Docs/Work/Marketing/Email Outreach/All Email Outreach Resources - TaylorRyanPortfolio (1).xlsx (100, artifact_candidate) | Ref Docs/Work/Marketing/Email Outreach/Email Outreach Templates.xlsx (35, artifact_candidate) | Ref Docs/Work/Marketing/Email Outreach/Hyp-Pers SendSpark Workflow Resources.xlsx (35, artifact_candidate)",""
"rpm-0497","Email Outreach","Email Outreach Templates [Sheet] | Prompt - Linkedin Outreach + Angles [Doc]","text-url","google-sheet","not_public_auth_required","auth_required","401","re-share from an accessible account, replace, or hide","review local artifact, then replace or re-share","matched_artifact","Ref Docs/Work/Marketing/Email Outreach/All Email Outreach Resources - TaylorRyanPortfolio (1).xlsx","artifact_candidate","100",".xlsx","23304","6cc773c16051587bc5dece298a9bca4cae9f77ffb7dd11d29bb805004579bad8","","All Email Outreach Resources - TaylorRyanPortfolio | All Email Outreach Resources - TaylorRyanPortfolio (1).xlsx","assets/js/email_outreach_data.js","446","text-url","https://docs.google.com/spreadsheets/d/17M9XiUBGjeRD40jqRxsVoULb-APeZ65XyzdpUFw16dM/","https://docs.google.com/spreadsheets/d/17M9XiUBGjeRD40jqRxsVoULb-APeZ65XyzdpUFw16dM/export?format=csv","17M9XiUBGjeRD40jqRxsVoULb-APeZ65XyzdpUFw16dM","Use the local artifact as the replacement source after manual approval.","Ref Docs/Work/Marketing/Email Outreach/All Email Outreach Resources - TaylorRyanPortfolio (1).xlsx (100, artifact_candidate) | Ref Docs/Work/Marketing/Email Outreach/Email Outreach Templates.xlsx (95, artifact_candidate) | Ref Docs/Work/Marketing/Email Outreach/Hyp-Pers SendSpark Workflow Resources.xlsx (37, artifact_candidate)",""
"rpm-0498","Email Outreach","People Targeting Template [Sheet] | Targeting - People","text-url","google-sheet","not_public_auth_required","auth_required","401","re-share from an accessible account, replace, or hide","review local artifact, then replace or re-share","matched_artifact","Ref Docs/Work/Marketing/Email Outreach/All Email Outreach Resources - TaylorRyanPortfolio (1).xlsx","artifact_candidate","100",".xlsx","23304","6cc773c16051587bc5dece298a9bca4cae9f77ffb7dd11d29bb805004579bad8","","All Email Outreach Resources - TaylorRyanPortfolio | All Email Outreach Resources - TaylorRyanPortfolio (1).xlsx","assets/js/email_outreach_data.js","216","text-url","https://docs.google.com/spreadsheets/d/197rqjalywYd67vlkNIckl94iJZlwo3Ug7kUD5eBj1-o/","https://docs.google.com/spreadsheets/d/197rqjalywYd67vlkNIckl94iJZlwo3Ug7kUD5eBj1-o/export?format=csv","197rqjalywYd67vlkNIckl94iJZlwo3Ug7kUD5eBj1-o","Use the local artifact as the replacement source after manual approval.","Ref Docs/Work/Marketing/Email Outreach/All Email Outreach Resources - TaylorRyanPortfolio (1).xlsx (100, artifact_candidate) | Ref Docs/Work/Marketing/Email Outreach/Email Outreach Templates.xlsx (38, artifact_candidate) | Ref Docs/Work/Marketing/Email Outreach/Hyp-Pers SendSpark Workflow Resources.xlsx (38, artifact_candidate)",""
"rpm-0499","Email Outreach","Spark Moments - Company Discovery [Sheet] | Career Archetypes and Roles [Sheet]","text-url","google-sheet","not_public_auth_required","auth_required","401","re-share from an accessible account, replace, or hide","review local artifact, then replace or re-share","matched_artifact","Ref Docs/Work/Marketing/Email Outreach/All Email Outreach Resources - TaylorRyanPortfolio (1).xlsx","artifact_candidate","100",".xlsx","23304","6cc773c16051587bc5dece298a9bca4cae9f77ffb7dd11d29bb805004579bad8","","All Email Outreach Resources - TaylorRyanPortfolio | All Email Outreach Resources - TaylorRyanPortfolio (1).xlsx","assets/js/email_outreach_data.js","256","text-url","https://docs.google.com/spreadsheets/d/19zWEyQX2LsoJzLVbvu2gcS57DHS9znPeFGIQ45z9YGU","https://docs.google.com/spreadsheets/d/19zWEyQX2LsoJzLVbvu2gcS57DHS9znPeFGIQ45z9YGU/export?format=csv","19zWEyQX2LsoJzLVbvu2gcS57DHS9znPeFGIQ45z9YGU","Use the local artifact as the replacement source after manual approval.","Ref Docs/Work/Marketing/Email Outreach/All Email Outreach Resources - TaylorRyanPortfolio (1).xlsx (100, artifact_candidate) | Ref Docs/Work/Marketing/Email Outreach/Email Outreach Templates.xlsx (36, artifact_candidate) | Ref Docs/Work/Marketing/Email Outreach/Hyp-Pers SendSpark Workflow Resources.xlsx (36, artifact_candidate)",""
"rpm-0500","Email Outreach","Saas Solutions - By Type [Sheet] | Emails - Internal [Sheet]","text-url","google-sheet","not_public_auth_required","auth_required","401","re-share from an accessible account, replace, or hide","review local artifact, then replace or re-share","matched_artifact","Ref Docs/Work/Marketing/Email Outreach/All Email Outreach Resources - TaylorRyanPortfolio (1).xlsx","artifact_candidate","100",".xlsx","23304","6cc773c16051587bc5dece298a9bca4cae9f77ffb7dd11d29bb805004579bad8","","All Email Outreach Resources - TaylorRyanPortfolio | All Email Outreach Resources - TaylorRyanPortfolio (1).xlsx","assets/js/email_outreach_data.js","106","text-url","https://docs.google.com/spreadsheets/d/1a0zgqw3Sk1k8i2VgwavgFMz8J6eXuxDhleq_bFcOioM/","https://docs.google.com/spreadsheets/d/1a0zgqw3Sk1k8i2VgwavgFMz8J6eXuxDhleq_bFcOioM/export?format=csv","1a0zgqw3Sk1k8i2VgwavgFMz8J6eXuxDhleq_bFcOioM","Use the local artifact as the replacement source after manual approval.","Ref Docs/Work/Marketing/Email Outreach/All Email Outreach Resources - TaylorRyanPortfolio (1).xlsx (100, artifact_candidate) | Ref Docs/Work/Marketing/Email Outreach/Email Outreach Templates.xlsx (36, artifact_candidate) | Ref Docs/Work/Marketing/Email Outreach/Hyp-Pers SendSpark Workflow Resources.xlsx (36, artifact_candidate)",""
"rpm-0501","Email Outreach","Industry Categories [Sheet] | Personas [Sheet]","text-url","google-sheet","not_public_auth_required","auth_required","401","re-share from an accessible account, replace, or hide","review local artifact, then replace or re-share","matched_artifact","Ref Docs/Work/Marketing/Email Outreach/All Email Outreach Resources - TaylorRyanPortfolio (1).xlsx","artifact_candidate","100",".xlsx","23304","6cc773c16051587bc5dece298a9bca4cae9f77ffb7dd11d29bb805004579bad8","","All Email Outreach Resources - TaylorRyanPortfolio | All Email Outreach Resources - TaylorRyanPortfolio (1).xlsx","assets/js/email_outreach_data.js","96","text-url","https://docs.google.com/spreadsheets/d/1cBbiGt_yuYTGrkYsvIAB7pRBb7hBAqPKzD1uZzMHTFk","https://docs.google.com/spreadsheets/d/1cBbiGt_yuYTGrkYsvIAB7pRBb7hBAqPKzD1uZzMHTFk/export?format=csv","1cBbiGt_yuYTGrkYsvIAB7pRBb7hBAqPKzD1uZzMHTFk","Use the local artifact as the replacement source after manual approval.","Ref Docs/Work/Marketing/Email Outreach/All Email Outreach Resources - TaylorRyanPortfolio (1).xlsx (100, artifact_candidate) | Ref Docs/Work/Marketing/Email Outreach/Email Outreach Templates.xlsx (36, artifact_candidate) | Ref Docs/Work/Marketing/Email Outreach/Hyp-Pers SendSpark Workflow Resources.xlsx (36, artifact_candidate)",""
"rpm-0502","Email Outreach","Industry & Persona Targeting Template - SDR Example [Sheet] | Job Titles - Function and Seniority [Sheet]","text-url","google-sheet","not_public_auth_required","auth_required","401","re-share from an accessible account, replace, or hide","review local artifact, then replace or re-share","matched_artifact","Ref Docs/Work/Marketing/Email Outreach/All Email Outreach Resources - TaylorRyanPortfolio (1).xlsx","artifact_candidate","100",".xlsx","23304","6cc773c16051587bc5dece298a9bca4cae9f77ffb7dd11d29bb805004579bad8","","All Email Outreach Resources - TaylorRyanPortfolio | All Email Outreach Resources - TaylorRyanPortfolio (1).xlsx","assets/js/email_outreach_data.js","236","text-url","https://docs.google.com/spreadsheets/d/1chT6fWS5H3sI6CAdgza8tq_hvnyJmgvYzzaVcOYeN8w","https://docs.google.com/spreadsheets/d/1chT6fWS5H3sI6CAdgza8tq_hvnyJmgvYzzaVcOYeN8w/export?format=csv","1chT6fWS5H3sI6CAdgza8tq_hvnyJmgvYzzaVcOYeN8w","Use the local artifact as the replacement source after manual approval.","Ref Docs/Work/Marketing/Email Outreach/All Email Outreach Resources - TaylorRyanPortfolio (1).xlsx (100, artifact_candidate) | Ref Docs/Work/Marketing/Email Outreach/Email Outreach Templates.xlsx (36, artifact_candidate) | Ref Docs/Work/Marketing/Email Outreach/Hyp-Pers SendSpark Workflow Resources.xlsx (36, artifact_candidate)",""
"rpm-0503","Email Outreach","Email Sections Defined [Sheet] | APIs - Sequenced Outre [Sheet]","text-url","google-sheet","not_public_auth_required","auth_required","401","re-share from an accessible account, replace, or hide","review local artifact, then replace or re-share","matched_artifact","Ref Docs/Work/Marketing/Email Outreach/All Email Outreach Resources - TaylorRyanPortfolio (1).xlsx","artifact_candidate","100",".xlsx","23304","6cc773c16051587bc5dece298a9bca4cae9f77ffb7dd11d29bb805004579bad8","","All Email Outreach Resources - TaylorRyanPortfolio | All Email Outreach Resources - TaylorRyanPortfolio (1).xlsx","assets/js/email_outreach_data.js","366","text-url","https://docs.google.com/spreadsheets/d/1dLr8XPAJeXDFSimSzb1looYs0qgsiaoVVkQPo26Sff8/","https://docs.google.com/spreadsheets/d/1dLr8XPAJeXDFSimSzb1looYs0qgsiaoVVkQPo26Sff8/export?format=csv","1dLr8XPAJeXDFSimSzb1looYs0qgsiaoVVkQPo26Sff8","Use the local artifact as the replacement source after manual approval.","Ref Docs/Work/Marketing/Email Outreach/All Email Outreach Resources - TaylorRyanPortfolio (1).xlsx (100, artifact_candidate) | Ref Docs/Work/Marketing/Email Outreach/Email Outreach Templates.xlsx (36, artifact_candidate) | Ref Docs/Work/Marketing/Email Outreach/Hyp-Pers SendSpark Workflow Resources.xlsx (36, artifact_candidate)",""
"rpm-0504","Email Outreach","Emails - Internal [Sheet] | Domains - Outbound [Sheet]","text-url","google-sheet","not_public_auth_required","auth_required","401","re-share from an accessible account, replace, or hide","review local artifact, then replace or re-share","matched_artifact","Ref Docs/Work/Marketing/Email Outreach/All Email Outreach Resources - TaylorRyanPortfolio (1).xlsx","artifact_candidate","100",".xlsx","23304","6cc773c16051587bc5dece298a9bca4cae9f77ffb7dd11d29bb805004579bad8","","All Email Outreach Resources - TaylorRyanPortfolio | All Email Outreach Resources - TaylorRyanPortfolio (1).xlsx","assets/js/email_outreach_data.js","76","text-url","https://docs.google.com/spreadsheets/d/1DSs1Aqs-eROFhLPV32SIGD3a9y-DAC47EYoqx_FNmRI/","https://docs.google.com/spreadsheets/d/1DSs1Aqs-eROFhLPV32SIGD3a9y-DAC47EYoqx_FNmRI/export?format=csv","1DSs1Aqs-eROFhLPV32SIGD3a9y-DAC47EYoqx_FNmRI","Use the local artifact as the replacement source after manual approval.","Ref Docs/Work/Marketing/Email Outreach/All Email Outreach Resources - TaylorRyanPortfolio (1).xlsx (100, artifact_candidate) | Ref Docs/Work/Marketing/Email Outreach/Email Outreach Templates.xlsx (36, artifact_candidate) | Ref Docs/Work/Marketing/Email Outreach/Hyp-Pers SendSpark Workflow Resources.xlsx (36, artifact_candidate)",""
"rpm-0505","Email Outreach","Merge Fields - Outlined [Sheet] | Message Creation","text-url","google-sheet","not_public_auth_required","auth_required","401","re-share from an accessible account, replace, or hide","review local artifact, then replace or re-share","matched_artifact","Ref Docs/Work/Marketing/Email Outreach/All Email Outreach Resources - TaylorRyanPortfolio (1).xlsx","artifact_candidate","100",".xlsx","23304","6cc773c16051587bc5dece298a9bca4cae9f77ffb7dd11d29bb805004579bad8","","All Email Outreach Resources - TaylorRyanPortfolio | All Email Outreach Resources - TaylorRyanPortfolio (1).xlsx","assets/js/email_outreach_data.js","376","text-url","https://docs.google.com/spreadsheets/d/1fSvMbRAku_NJ3nl6Z8_olUtIMN7Dkm01ZVpkAWQ7gTg","https://docs.google.com/spreadsheets/d/1fSvMbRAku_NJ3nl6Z8_olUtIMN7Dkm01ZVpkAWQ7gTg/export?format=csv","1fSvMbRAku_NJ3nl6Z8_olUtIMN7Dkm01ZVpkAWQ7gTg","Use the local artifact as the replacement source after manual approval.","Ref Docs/Work/Marketing/Email Outreach/All Email Outreach Resources - TaylorRyanPortfolio (1).xlsx (100, artifact_candidate) | Ref Docs/Work/Marketing/Email Outreach/Email Outreach Templates.xlsx (36, artifact_candidate) | Ref Docs/Work/Marketing/Email Outreach/Hyp-Pers SendSpark Workflow Resources.xlsx (36, artifact_candidate)",""
"rpm-0506","Email Outreach","Internal Resources - Content Creators [Sheet] | Content Creators Outreach","text-url","google-sheet","not_public_auth_required","auth_required","401","re-share from an accessible account, replace, or hide","review local artifact, then replace or re-share","matched_artifact","Ref Docs/Work/Marketing/Content Creator Program/Internal Resources - Content Creator Program.xlsx","artifact_candidate","100",".xlsx","24637","ca998a9820976b48306c14fd48f7e385466cdecc42d28d0cae99020814311cae","","Internal Resources - Content Creator Program | All Email Outreach Resources - TaylorRyanPortfolio (1).xlsx","assets/js/email_outreach_data.js","636","text-url","https://docs.google.com/spreadsheets/d/1Gc_fWIglmRp1c5v-cfJkFWtHcFCPXJsnBIsT70f7UJk","https://docs.google.com/spreadsheets/d/1Gc_fWIglmRp1c5v-cfJkFWtHcFCPXJsnBIsT70f7UJk/export?format=csv","1Gc_fWIglmRp1c5v-cfJkFWtHcFCPXJsnBIsT70f7UJk","Use the local artifact as the replacement source after manual approval.","Ref Docs/Work/Marketing/Content Creator Program/Internal Resources - Content Creator Program.xlsx (100, artifact_candidate) | Ref Docs/Work/Marketing/Email Outreach/All Email Outreach Resources - TaylorRyanPortfolio (1).xlsx (100, artifact_candidate) | Ref Docs/Work/Marketing/Email Outreach/Email Outreach Templates.xlsx (37, artifact_candidate) | Ref Docs/Work/Marketing/Email Outreach/Hyp-Pers SendSpark Workflow Resources.xlsx (37, artifact_candidate) | Ref Docs/Work/Marketing/Content Creator Program/Shared Resources - Content Creator.xlsx (27, artifact_candidate)",""
"rpm-0507","Email Outreach","Outreach Angles and Tactics [Sheet] | Cold Email Template Tools [Sheet]","text-url","google-sheet","not_public_auth_required","auth_required","401","re-share from an accessible account, replace, or hide","review local artifact, then replace or re-share","matched_artifact","Ref Docs/Work/Marketing/Email Outreach/All Email Outreach Resources - TaylorRyanPortfolio (1).xlsx","artifact_candidate","100",".xlsx","23304","6cc773c16051587bc5dece298a9bca4cae9f77ffb7dd11d29bb805004579bad8","","All Email Outreach Resources - TaylorRyanPortfolio | All Email Outreach Resources - TaylorRyanPortfolio (1).xlsx","assets/js/email_outreach_data.js","386","text-url","https://docs.google.com/spreadsheets/d/1GCfsgvJcmmPdTMPvbOQPRU9z15wyQuX-nG_ZjqVvvBc/","https://docs.google.com/spreadsheets/d/1GCfsgvJcmmPdTMPvbOQPRU9z15wyQuX-nG_ZjqVvvBc/export?format=csv","1GCfsgvJcmmPdTMPvbOQPRU9z15wyQuX-nG_ZjqVvvBc","Use the local artifact as the replacement source after manual approval.","Ref Docs/Work/Marketing/Email Outreach/All Email Outreach Resources - TaylorRyanPortfolio (1).xlsx (100, artifact_candidate) | Ref Docs/Work/Marketing/Email Outreach/Email Outreach Templates.xlsx (36, artifact_candidate) | Ref Docs/Work/Marketing/Email Outreach/Hyp-Pers SendSpark Workflow Resources.xlsx (36, artifact_candidate)",""
"rpm-0508","Email Outreach","Job Titles - Function and Seniority [Sheet] | Raw Targeting [Sheet]","text-url","google-sheet","not_public_auth_required","auth_required","401","re-share from an accessible account, replace, or hide","review local artifact, then replace or re-share","matched_artifact","Ref Docs/Work/Marketing/Email Outreach/All Email Outreach Resources - TaylorRyanPortfolio (1).xlsx","artifact_candidate","100",".xlsx","23304","6cc773c16051587bc5dece298a9bca4cae9f77ffb7dd11d29bb805004579bad8","","All Email Outreach Resources - TaylorRyanPortfolio | All Email Outreach Resources - TaylorRyanPortfolio (1).xlsx","assets/js/email_outreach_data.js","206","text-url","https://docs.google.com/spreadsheets/d/1kLgQbFjQafC6AsEe8t13KU3Xmhkpu4e2T5GKSCugG2Q/","https://docs.google.com/spreadsheets/d/1kLgQbFjQafC6AsEe8t13KU3Xmhkpu4e2T5GKSCugG2Q/export?format=csv","1kLgQbFjQafC6AsEe8t13KU3Xmhkpu4e2T5GKSCugG2Q","Use the local artifact as the replacement source after manual approval.","Ref Docs/Work/Marketing/Email Outreach/All Email Outreach Resources - TaylorRyanPortfolio (1).xlsx (100, artifact_candidate) | Ref Docs/Work/Marketing/Email Outreach/Email Outreach Templates.xlsx (36, artifact_candidate) | Ref Docs/Work/Marketing/Email Outreach/Hyp-Pers SendSpark Workflow Resources.xlsx (36, artifact_candidate)",""
"rpm-0509","Email Outreach","Emails - Outbound [Sheet] | Email Warmup Tools [Sheet]","text-url","google-sheet","not_public_auth_required","auth_required","401","re-share from an accessible account, replace, or hide","review local artifact, then replace or re-share","matched_artifact","Ref Docs/Work/Marketing/Email Outreach/All Email Outreach Resources - TaylorRyanPortfolio (1).xlsx","artifact_candidate","100",".xlsx","23304","6cc773c16051587bc5dece298a9bca4cae9f77ffb7dd11d29bb805004579bad8","","All Email Outreach Resources - TaylorRyanPortfolio | All Email Outreach Resources - TaylorRyanPortfolio (1).xlsx","assets/js/email_outreach_data.js","56","text-url","https://docs.google.com/spreadsheets/d/1lSwwiSEeegJyI4bSy8aBD_dCjTymjaEVl7r8pZehuDo/","https://docs.google.com/spreadsheets/d/1lSwwiSEeegJyI4bSy8aBD_dCjTymjaEVl7r8pZehuDo/export?format=csv","1lSwwiSEeegJyI4bSy8aBD_dCjTymjaEVl7r8pZehuDo","Use the local artifact as the replacement source after manual approval.","Ref Docs/Work/Marketing/Email Outreach/All Email Outreach Resources - TaylorRyanPortfolio (1).xlsx (100, artifact_candidate) | Ref Docs/Work/Marketing/Email Outreach/Email Outreach Templates.xlsx (36, artifact_candidate) | Ref Docs/Work/Marketing/Email Outreach/Hyp-Pers SendSpark Workflow Resources.xlsx (36, artifact_candidate)",""
"rpm-0510","Email Outreach","APIs - Sequenced Outre [Sheet] | All Job Board Lists [Sheet]","text-url","google-sheet","not_public_auth_required","auth_required","401","re-share from an accessible account, replace, or hide","review local artifact, then replace or re-share","matched_artifact","Ref Docs/Work/Marketing/Email Outreach/All Email Outreach Resources - TaylorRyanPortfolio (1).xlsx","artifact_candidate","100",".xlsx","23304","6cc773c16051587bc5dece298a9bca4cae9f77ffb7dd11d29bb805004579bad8","","All Email Outreach Resources - TaylorRyanPortfolio | All Email Outreach Resources - TaylorRyanPortfolio (1).xlsx","assets/js/email_outreach_data.js","336","text-url","https://docs.google.com/spreadsheets/d/1mT-JAeaNAXVvwRqxInPRj14ezSWYE5v2PIjSjPg0Ciw/","https://docs.google.com/spreadsheets/d/1mT-JAeaNAXVvwRqxInPRj14ezSWYE5v2PIjSjPg0Ciw/export?format=csv","1mT-JAeaNAXVvwRqxInPRj14ezSWYE5v2PIjSjPg0Ciw","Use the local artifact as the replacement source after manual approval.","Ref Docs/Work/Marketing/Email Outreach/All Email Outreach Resources - TaylorRyanPortfolio (1).xlsx (100, artifact_candidate) | Ref Docs/Work/Marketing/Email Outreach/Email Outreach Templates.xlsx (36, artifact_candidate) | Ref Docs/Work/Marketing/Email Outreach/Hyp-Pers SendSpark Workflow Resources.xlsx (36, artifact_candidate)",""
"rpm-0511","Email Outreach","V1Outreach Angles [Sheet] | Email Sections Defined [Sheet]","text-url","google-sheet","not_public_auth_required","auth_required","401","re-share from an accessible account, replace, or hide","review local artifact, then replace or re-share","matched_artifact","Ref Docs/Work/Marketing/Email Outreach/All Email Outreach Resources - TaylorRyanPortfolio (1).xlsx","artifact_candidate","100",".xlsx","23304","6cc773c16051587bc5dece298a9bca4cae9f77ffb7dd11d29bb805004579bad8","","All Email Outreach Resources - TaylorRyanPortfolio | All Email Outreach Resources - TaylorRyanPortfolio (1).xlsx","assets/js/email_outreach_data.js","396","text-url","https://docs.google.com/spreadsheets/d/1o5Miam5OQoeV6cmWQZLkqvJcKbdb4J13HHGeLezH7j4/","https://docs.google.com/spreadsheets/d/1o5Miam5OQoeV6cmWQZLkqvJcKbdb4J13HHGeLezH7j4/export?format=csv","1o5Miam5OQoeV6cmWQZLkqvJcKbdb4J13HHGeLezH7j4","Use the local artifact as the replacement source after manual approval.","Ref Docs/Work/Marketing/Email Outreach/All Email Outreach Resources - TaylorRyanPortfolio (1).xlsx (100, artifact_candidate) | Ref Docs/Work/Marketing/Email Outreach/Email Outreach Templates.xlsx (36, artifact_candidate) | Ref Docs/Work/Marketing/Email Outreach/Hyp-Pers SendSpark Workflow Resources.xlsx (36, artifact_candidate)",""
"rpm-0512","Email Outreach","All Email Outreach Resources [Sheet] | Response Management","text-url","google-sheet","not_public_auth_required","auth_required","401","re-share from an accessible account, replace, or hide","review local artifact, then replace or re-share","matched_artifact","Ref Docs/Work/Marketing/Email Outreach/All Email Outreach Resources - TaylorRyanPortfolio (1).xlsx","artifact_candidate","100",".xlsx","23304","6cc773c16051587bc5dece298a9bca4cae9f77ffb7dd11d29bb805004579bad8","","All Email Outreach Resources - TaylorRyanPortfolio | All Email Outreach Resources - TaylorRyanPortfolio (1).xlsx","assets/js/email_outreach_data.js","816","text-url","https://docs.google.com/spreadsheets/d/1PZyiYHL5qptcsK5qbdZQtfBOoGaHk9ULLpSfUta6NFA/","https://docs.google.com/spreadsheets/d/1PZyiYHL5qptcsK5qbdZQtfBOoGaHk9ULLpSfUta6NFA/export?format=csv","1PZyiYHL5qptcsK5qbdZQtfBOoGaHk9ULLpSfUta6NFA","Use the local artifact as the replacement source after manual approval.","Ref Docs/Work/Marketing/Email Outreach/All Email Outreach Resources - TaylorRyanPortfolio (1).xlsx (100, artifact_candidate) | Ref Docs/Work/Marketing/Email Outreach/Email Outreach Templates.xlsx (36, artifact_candidate) | Ref Docs/Work/Marketing/Email Outreach/Hyp-Pers SendSpark Workflow Resources.xlsx (36, artifact_candidate)",""
"rpm-0513","Email Outreach","Domains - Outbound [Sheet] | Burner Domain and Email Tools [Sheet]","text-url","google-sheet","not_public_auth_required","auth_required","401","re-share from an accessible account, replace, or hide","review local artifact, then replace or re-share","matched_artifact","Ref Docs/Work/Marketing/Email Outreach/All Email Outreach Resources - TaylorRyanPortfolio (1).xlsx","artifact_candidate","100",".xlsx","23304","6cc773c16051587bc5dece298a9bca4cae9f77ffb7dd11d29bb805004579bad8","","All Email Outreach Resources - TaylorRyanPortfolio | All Email Outreach Resources - TaylorRyanPortfolio (1).xlsx","assets/js/email_outreach_data.js","46","text-url","https://docs.google.com/spreadsheets/d/1s3NY9xRe-kq0EgKCks3Jgrf84H1U2EPt2Uguyfd2yhk/","https://docs.google.com/spreadsheets/d/1s3NY9xRe-kq0EgKCks3Jgrf84H1U2EPt2Uguyfd2yhk/export?format=csv","1s3NY9xRe-kq0EgKCks3Jgrf84H1U2EPt2Uguyfd2yhk","Use the local artifact as the replacement source after manual approval.","Ref Docs/Work/Marketing/Email Outreach/All Email Outreach Resources - TaylorRyanPortfolio (1).xlsx (100, artifact_candidate) | Ref Docs/Work/Marketing/Email Outreach/Email Outreach Templates.xlsx (37, artifact_candidate) | Ref Docs/Work/Marketing/Email Outreach/Hyp-Pers SendSpark Workflow Resources.xlsx (37, artifact_candidate)",""
"rpm-0514","Email Outreach","Funding News - [Sheet] | Targeting - Spark Moments","text-url","google-sheet","not_public_auth_required","auth_required","401","re-share from an accessible account, replace, or hide","review local artifact, then replace or re-share","matched_artifact","Ref Docs/Work/Marketing/Email Outreach/All Email Outreach Resources - TaylorRyanPortfolio (1).xlsx","artifact_candidate","100",".xlsx","23304","6cc773c16051587bc5dece298a9bca4cae9f77ffb7dd11d29bb805004579bad8","","All Email Outreach Resources - TaylorRyanPortfolio | All Email Outreach Resources - TaylorRyanPortfolio (1).xlsx","assets/js/email_outreach_data.js","276","text-url","https://docs.google.com/spreadsheets/d/1sk8q1TbAqnR6KXu5jgwjyaJirHyIdLUvqGNhiphQ4GI","https://docs.google.com/spreadsheets/d/1sk8q1TbAqnR6KXu5jgwjyaJirHyIdLUvqGNhiphQ4GI/export?format=csv","1sk8q1TbAqnR6KXu5jgwjyaJirHyIdLUvqGNhiphQ4GI","Use the local artifact as the replacement source after manual approval.","Ref Docs/Work/Marketing/Email Outreach/All Email Outreach Resources - TaylorRyanPortfolio (1).xlsx (100, artifact_candidate) | Ref Docs/Work/Marketing/Email Outreach/Email Outreach Templates.xlsx (36, artifact_candidate) | Ref Docs/Work/Marketing/Email Outreach/Hyp-Pers SendSpark Workflow Resources.xlsx (36, artifact_candidate) | Ref Docs/Work/Quests/Quest Resources/Discovery Resources/Funding Feeds.xlsx (26, artifact_candidate) | Ref Docs/Work/Quests/Resources Tab/Discovery Resources/Funding Feeds.xlsx (26, artifact_candidate)",""
"rpm-0515","Email Outreach","Startup Listing Platforms [Sheet] | Industry & Persona Targeting Template - SDR Example [Sheet]","text-url","google-sheet","not_public_auth_required","auth_required","401","re-share from an accessible account, replace, or hide","review local artifact, then replace or re-share","matched_artifact","Ref Docs/Work/Marketing/Email Outreach/All Email Outreach Resources - TaylorRyanPortfolio (1).xlsx","artifact_candidate","100",".xlsx","23304","6cc773c16051587bc5dece298a9bca4cae9f77ffb7dd11d29bb805004579bad8","","All Email Outreach Resources - TaylorRyanPortfolio | All Email Outreach Resources - TaylorRyanPortfolio (1).xlsx","assets/js/email_outreach_data.js","266","text-url","https://docs.google.com/spreadsheets/d/1smOuZE6mokSN0PUwJZGw3L6UeRR0fonzz_amL88n8tI/","https://docs.google.com/spreadsheets/d/1smOuZE6mokSN0PUwJZGw3L6UeRR0fonzz_amL88n8tI/export?format=csv","1smOuZE6mokSN0PUwJZGw3L6UeRR0fonzz_amL88n8tI","Use the local artifact as the replacement source after manual approval.","Ref Docs/Work/Marketing/Email Outreach/All Email Outreach Resources - TaylorRyanPortfolio (1).xlsx (100, artifact_candidate) | Ref Docs/Work/Marketing/Email Outreach/Email Outreach Templates.xlsx (36, artifact_candidate) | Ref Docs/Work/Marketing/Email Outreach/Hyp-Pers SendSpark Workflow Resources.xlsx (36, artifact_candidate)",""
"rpm-0516","Email Outreach","Email Discovery Tools [Sheet] | Event Directories [Sheet]","text-url","google-sheet","not_public_auth_required","auth_required","401","re-share from an accessible account, replace, or hide","review local artifact, then replace or re-share","matched_artifact","Ref Docs/Work/Marketing/Email Outreach/All Email Outreach Resources - TaylorRyanPortfolio (1).xlsx","artifact_candidate","100",".xlsx","23304","6cc773c16051587bc5dece298a9bca4cae9f77ffb7dd11d29bb805004579bad8","","All Email Outreach Resources - TaylorRyanPortfolio | All Email Outreach Resources - TaylorRyanPortfolio (1).xlsx","assets/js/email_outreach_data.js","326","text-url","https://docs.google.com/spreadsheets/d/1tJoDvzlTy_CGgWfO9tQeWJvyfSlucek7WRlXv_FQoE8/edit?usp=sharing","https://docs.google.com/spreadsheets/d/1tJoDvzlTy_CGgWfO9tQeWJvyfSlucek7WRlXv_FQoE8/export?format=csv","1tJoDvzlTy_CGgWfO9tQeWJvyfSlucek7WRlXv_FQoE8","Use the local artifact as the replacement source after manual approval.","Ref Docs/Work/Marketing/Email Outreach/All Email Outreach Resources - TaylorRyanPortfolio (1).xlsx (100, artifact_candidate) | Ref Docs/Work/Marketing/Email Outreach/Email Outreach Templates.xlsx (36, artifact_candidate) | Ref Docs/Work/Marketing/Email Outreach/Hyp-Pers SendSpark Workflow Resources.xlsx (36, artifact_candidate) | Ref Docs/Work/Quests/Quest Resources/Discovery Resources/All Crypto Event Directories.xlsx (32, artifact_candidate) | Ref Docs/Work/Quests/Resources Tab/Discovery Resources/All Crypto Event Directories.xlsx (32, artifact_candidate)",""
"rpm-0517","Email Outreach","Hyp-Pers SendSpark Workflow Resources [Sheet] | Build Your Own Template [Doc]","text-url","google-sheet","not_public_auth_required","auth_required","401","re-share from an accessible account, replace, or hide","review local artifact, then replace or re-share","matched_artifact","Ref Docs/Work/Marketing/Email Outreach/All Email Outreach Resources - TaylorRyanPortfolio (1).xlsx","artifact_candidate","100",".xlsx","23304","6cc773c16051587bc5dece298a9bca4cae9f77ffb7dd11d29bb805004579bad8","","All Email Outreach Resources - TaylorRyanPortfolio | All Email Outreach Resources - TaylorRyanPortfolio (1).xlsx","assets/js/email_outreach_data.js","596","text-url","https://docs.google.com/spreadsheets/d/1tLtzPMg2lNkJFZAAgiMuO1gSkGtHuz0KqyTDhDkxvRE/","https://docs.google.com/spreadsheets/d/1tLtzPMg2lNkJFZAAgiMuO1gSkGtHuz0KqyTDhDkxvRE/export?format=csv","1tLtzPMg2lNkJFZAAgiMuO1gSkGtHuz0KqyTDhDkxvRE","Use the local artifact as the replacement source after manual approval.","Ref Docs/Work/Marketing/Email Outreach/All Email Outreach Resources - TaylorRyanPortfolio (1).xlsx (100, artifact_candidate) | Ref Docs/Work/Marketing/Email Outreach/Hyp-Pers SendSpark Workflow Resources.xlsx (100, artifact_candidate) | Ref Docs/Work/Marketing/Email Outreach/Email Outreach Templates.xlsx (36, artifact_candidate)",""
"rpm-0518","Email Outreach","Shared Resources - Content Creator [Sheet] | Content Creator - Cold Outreach - Templates [Doc]","text-url","google-sheet","not_public_auth_required","auth_required","401","re-share from an accessible account, replace, or hide","review local artifact, then replace or re-share","matched_artifact","Ref Docs/Work/Marketing/Content Creator Program/Internal Resources - Content Creator Program.xlsx","artifact_candidate","100",".xlsx","24637","ca998a9820976b48306c14fd48f7e385466cdecc42d28d0cae99020814311cae","","Internal Resources - Content Creator Program | All Email Outreach Resources - TaylorRyanPortfolio (1).xlsx","assets/js/email_outreach_data.js","646","text-url","https://docs.google.com/spreadsheets/d/1u_sLlgVLfQgVJGhBGnSbezuOC-G51FGDbivvkKl_AaQ/","https://docs.google.com/spreadsheets/d/1u_sLlgVLfQgVJGhBGnSbezuOC-G51FGDbivvkKl_AaQ/export?format=csv","1u_sLlgVLfQgVJGhBGnSbezuOC-G51FGDbivvkKl_AaQ","Use the local artifact as the replacement source after manual approval.","Ref Docs/Work/Marketing/Content Creator Program/Internal Resources - Content Creator Program.xlsx (100, artifact_candidate) | Ref Docs/Work/Marketing/Email Outreach/All Email Outreach Resources - TaylorRyanPortfolio (1).xlsx (100, artifact_candidate) | Ref Docs/Work/Marketing/Content Creator Program/Shared Resources - Content Creator.xlsx (84, artifact_candidate) | Ref Docs/Work/Marketing/Email Outreach/Email Outreach Templates.xlsx (36, artifact_candidate) | Ref Docs/Work/Marketing/Email Outreach/Hyp-Pers SendSpark Workflow Resources.xlsx (36, artifact_candidate)",""
"rpm-0519","Email Outreach","Event Directories [Sheet] | Startup Listing Platforms [Sheet]","text-url","google-sheet","not_public_auth_required","auth_required","401","re-share from an accessible account, replace, or hide","review local artifact, then replace or re-share","matched_artifact","Ref Docs/Work/Marketing/Email Outreach/All Email Outreach Resources - TaylorRyanPortfolio (1).xlsx","artifact_candidate","100",".xlsx","23304","6cc773c16051587bc5dece298a9bca4cae9f77ffb7dd11d29bb805004579bad8","","All Email Outreach Resources - TaylorRyanPortfolio | All Email Outreach Resources - TaylorRyanPortfolio (1).xlsx","assets/js/email_outreach_data.js","296","text-url","https://docs.google.com/spreadsheets/d/1U88kuEVOODeXRxCjUdUNfz1QNDf3cUEq1ES_SnSnp-Y/edit?usp=sharing","https://docs.google.com/spreadsheets/d/1U88kuEVOODeXRxCjUdUNfz1QNDf3cUEq1ES_SnSnp-Y/export?format=csv","1U88kuEVOODeXRxCjUdUNfz1QNDf3cUEq1ES_SnSnp-Y","Use the local artifact as the replacement source after manual approval.","Ref Docs/Work/Marketing/Email Outreach/All Email Outreach Resources - TaylorRyanPortfolio (1).xlsx (100, artifact_candidate) | Ref Docs/Work/Marketing/Email Outreach/Email Outreach Templates.xlsx (36, artifact_candidate) | Ref Docs/Work/Marketing/Email Outreach/Hyp-Pers SendSpark Workflow Resources.xlsx (36, artifact_candidate) | Ref Docs/Work/Quests/Quest Resources/Discovery Resources/All Crypto Event Directories.xlsx (26, artifact_candidate) | Ref Docs/Work/Quests/Resources Tab/Discovery Resources/All Crypto Event Directories.xlsx (26, artifact_candidate)",""
"rpm-0520","Email Outreach","Competitor Tools - Lookalike Tools [Sheet] | Geo Targeting [Sheet]","text-url","google-sheet","not_public_auth_required","auth_required","401","re-share from an accessible account, replace, or hide","review local artifact, then replace or re-share","matched_artifact","Ref Docs/Work/Marketing/Email Outreach/All Email Outreach Resources - TaylorRyanPortfolio (1).xlsx","artifact_candidate","100",".xlsx","23304","6cc773c16051587bc5dece298a9bca4cae9f77ffb7dd11d29bb805004579bad8","","All Email Outreach Resources - TaylorRyanPortfolio | All Email Outreach Resources - TaylorRyanPortfolio (1).xlsx","assets/js/email_outreach_data.js","156","text-url","https://docs.google.com/spreadsheets/d/1ukgsp4v8VlYWUo1IJS7snoM5r2haBK_JQ0t898KbWJw/","https://docs.google.com/spreadsheets/d/1ukgsp4v8VlYWUo1IJS7snoM5r2haBK_JQ0t898KbWJw/export?format=csv","1ukgsp4v8VlYWUo1IJS7snoM5r2haBK_JQ0t898KbWJw","Use the local artifact as the replacement source after manual approval.","Ref Docs/Work/Marketing/Email Outreach/All Email Outreach Resources - TaylorRyanPortfolio (1).xlsx (100, artifact_candidate) | Ref Docs/Work/Marketing/Email Outreach/Email Outreach Templates.xlsx (36, artifact_candidate) | Ref Docs/Work/Marketing/Email Outreach/Hyp-Pers SendSpark Workflow Resources.xlsx (36, artifact_candidate)",""
"rpm-0521","Email Outreach","Email Warmup Tools [Sheet] | Burner Domain and Email","text-url","google-sheet","not_public_auth_required","auth_required","401","re-share from an accessible account, replace, or hide","review local artifact, then replace or re-share","matched_artifact","Ref Docs/Work/Marketing/Email Outreach/All Email Outreach Resources - TaylorRyanPortfolio (1).xlsx","artifact_candidate","100",".xlsx","23304","6cc773c16051587bc5dece298a9bca4cae9f77ffb7dd11d29bb805004579bad8","","All Email Outreach Resources - TaylorRyanPortfolio | All Email Outreach Resources - TaylorRyanPortfolio (1).xlsx","assets/js/email_outreach_data.js","26","text-url","https://docs.google.com/spreadsheets/d/1v1hO7E5ypzc9UNZsTn6tDDybBURqMHNPPKgP1lP0V4c/edit?usp=drive_link","https://docs.google.com/spreadsheets/d/1v1hO7E5ypzc9UNZsTn6tDDybBURqMHNPPKgP1lP0V4c/export?format=csv","1v1hO7E5ypzc9UNZsTn6tDDybBURqMHNPPKgP1lP0V4c","Use the local artifact as the replacement source after manual approval.","Ref Docs/Work/Marketing/Email Outreach/All Email Outreach Resources - TaylorRyanPortfolio (1).xlsx (100, artifact_candidate) | Ref Docs/Work/Marketing/Email Outreach/Email Outreach Templates.xlsx (37, artifact_candidate) | Ref Docs/Work/Marketing/Email Outreach/Hyp-Pers SendSpark Workflow Resources.xlsx (37, artifact_candidate)",""
"rpm-0522","Email Outreach","Cold Email Template Tools [Sheet] | Email Discovery Tools [Sheet]","text-url","google-sheet","not_public_auth_required","auth_required","401","re-share from an accessible account, replace, or hide","review local artifact, then replace or re-share","matched_artifact","Ref Docs/Work/Marketing/Email Outreach/All Email Outreach Resources - TaylorRyanPortfolio (1).xlsx","artifact_candidate","100",".xlsx","23304","6cc773c16051587bc5dece298a9bca4cae9f77ffb7dd11d29bb805004579bad8","","All Email Outreach Resources - TaylorRyanPortfolio | All Email Outreach Resources - TaylorRyanPortfolio (1).xlsx","assets/js/email_outreach_data.js","356","text-url","https://docs.google.com/spreadsheets/d/1VDMOVwNKNcmKW2FKo1vmckirR8pLGCGKjdksoHzrMPg","https://docs.google.com/spreadsheets/d/1VDMOVwNKNcmKW2FKo1vmckirR8pLGCGKjdksoHzrMPg/export?format=csv","1VDMOVwNKNcmKW2FKo1vmckirR8pLGCGKjdksoHzrMPg","Use the local artifact as the replacement source after manual approval.","Ref Docs/Work/Marketing/Email Outreach/All Email Outreach Resources - TaylorRyanPortfolio (1).xlsx (100, artifact_candidate) | Ref Docs/Work/Marketing/Email Outreach/Email Outreach Templates.xlsx (36, artifact_candidate) | Ref Docs/Work/Marketing/Email Outreach/Hyp-Pers SendSpark Workflow Resources.xlsx (36, artifact_candidate)",""
"rpm-0523","Email Outreach","Career Archetypes and Roles [Sheet] | Prompt - Job Title Targeting [Doc]","text-url","google-sheet","not_public_auth_required","auth_required","401","re-share from an accessible account, replace, or hide","review local artifact, then replace or re-share","matched_artifact","Ref Docs/Work/Marketing/Email Outreach/All Email Outreach Resources - TaylorRyanPortfolio (1).xlsx","artifact_candidate","100",".xlsx","23304","6cc773c16051587bc5dece298a9bca4cae9f77ffb7dd11d29bb805004579bad8","","All Email Outreach Resources - TaylorRyanPortfolio | All Email Outreach Resources - TaylorRyanPortfolio (1).xlsx","assets/js/email_outreach_data.js","226","text-url","https://docs.google.com/spreadsheets/d/1W_JK18RSiMV9Pfo1Tx6Rvdouq7qQH7T9H_6E6FEcJEg","https://docs.google.com/spreadsheets/d/1W_JK18RSiMV9Pfo1Tx6Rvdouq7qQH7T9H_6E6FEcJEg/export?format=csv","1W_JK18RSiMV9Pfo1Tx6Rvdouq7qQH7T9H_6E6FEcJEg","Use the local artifact as the replacement source after manual approval.","Ref Docs/Work/Marketing/Email Outreach/All Email Outreach Resources - TaylorRyanPortfolio (1).xlsx (100, artifact_candidate) | Ref Docs/Work/Marketing/Email Outreach/Email Outreach Templates.xlsx (36, artifact_candidate) | Ref Docs/Work/Marketing/Email Outreach/Hyp-Pers SendSpark Workflow Resources.xlsx (36, artifact_candidate)",""
"rpm-0524","Email Outreach","Raw Targeting [Sheet] | Company Discovery Tools [Sheet]","text-url","google-sheet","not_public_auth_required","auth_required","401","re-share from an accessible account, replace, or hide","review local artifact, then replace or re-share","matched_artifact","Ref Docs/Work/Marketing/Email Outreach/All Email Outreach Resources - TaylorRyanPortfolio (1).xlsx","artifact_candidate","100",".xlsx","23304","6cc773c16051587bc5dece298a9bca4cae9f77ffb7dd11d29bb805004579bad8","","All Email Outreach Resources - TaylorRyanPortfolio | All Email Outreach Resources - TaylorRyanPortfolio (1).xlsx","assets/js/email_outreach_data.js","176","text-url","https://docs.google.com/spreadsheets/d/1w5gNuUgVbL5q_c71iIa0RQd_FHqd6tCujJ4V9-2FZ9E/","https://docs.google.com/spreadsheets/d/1w5gNuUgVbL5q_c71iIa0RQd_FHqd6tCujJ4V9-2FZ9E/export?format=csv","1w5gNuUgVbL5q_c71iIa0RQd_FHqd6tCujJ4V9-2FZ9E","Use the local artifact as the replacement source after manual approval.","Ref Docs/Work/Marketing/Email Outreach/All Email Outreach Resources - TaylorRyanPortfolio (1).xlsx (100, artifact_candidate) | Ref Docs/Work/Marketing/Email Outreach/Email Outreach Templates.xlsx (36, artifact_candidate) | Ref Docs/Work/Marketing/Email Outreach/Hyp-Pers SendSpark Workflow Resources.xlsx (36, artifact_candidate)",""
"rpm-0525","Email Outreach","Personas [Sheet] | Email Testing Tools [Sheet]","text-url","google-sheet","not_public_auth_required","auth_required","401","re-share from an accessible account, replace, or hide","review local artifact, then replace or re-share","matched_artifact","Ref Docs/Work/Marketing/Email Outreach/All Email Outreach Resources - TaylorRyanPortfolio (1).xlsx","artifact_candidate","100",".xlsx","23304","6cc773c16051587bc5dece298a9bca4cae9f77ffb7dd11d29bb805004579bad8","","All Email Outreach Resources - TaylorRyanPortfolio | All Email Outreach Resources - TaylorRyanPortfolio (1).xlsx","assets/js/email_outreach_data.js","66","text-url","https://docs.google.com/spreadsheets/d/1Xh76oXarm6_bVpuXkQPVo4bNyvp7GArvJMXuTI21s2Q/","https://docs.google.com/spreadsheets/d/1Xh76oXarm6_bVpuXkQPVo4bNyvp7GArvJMXuTI21s2Q/export?format=csv","1Xh76oXarm6_bVpuXkQPVo4bNyvp7GArvJMXuTI21s2Q","Use the local artifact as the replacement source after manual approval.","Ref Docs/Work/Marketing/Email Outreach/All Email Outreach Resources - TaylorRyanPortfolio (1).xlsx (100, artifact_candidate) | Ref Docs/Work/Marketing/Email Outreach/Email Outreach Templates.xlsx (36, artifact_candidate) | Ref Docs/Work/Marketing/Email Outreach/Hyp-Pers SendSpark Workflow Resources.xlsx (36, artifact_candidate)",""
"rpm-0526","Marketing Resources","Influencer Tracking Template - Internal [Sheet] | Content Creator Guide and Presentation (Ocean.io) - Shared [Pdf]","text-url","google-sheet","not_public_auth_required","auth_required","401","re-share from an accessible account, replace, or hide","review local artifact, then replace or re-share","matched_artifact","Ref Docs/Work/Marketing/Content Creator Program/Internal Resources - Content Creator Program.xlsx","artifact_candidate","100",".xlsx","24637","ca998a9820976b48306c14fd48f7e385466cdecc42d28d0cae99020814311cae","","Internal Resources - Content Creator Program","assets/js/marketing_data.js","479","text-url","https://docs.google.com/spreadsheets/d/1ScQtIahTlMqQTmCUpId_D43uC6ZlM3DHLD9clnrBIyU","https://docs.google.com/spreadsheets/d/1ScQtIahTlMqQTmCUpId_D43uC6ZlM3DHLD9clnrBIyU/export?format=csv","1ScQtIahTlMqQTmCUpId_D43uC6ZlM3DHLD9clnrBIyU","Use the local artifact as the replacement source after manual approval.","Ref Docs/Work/Marketing/Content Creator Program/Internal Resources - Content Creator Program.xlsx (100, artifact_candidate) | Ref Docs/Work/Marketing/Content Creator Program/Shared Resources - Content Creator.xlsx (30, artifact_candidate) | Ref Docs/Work/Marketing/Affiliate Program/All Affiliate Resources.xlsx (24, artifact_candidate) | Ref Docs/Work/Marketing/Case Study Creation/Case Study Creation Resources.xlsx (24, artifact_candidate) | Ref Docs/Work/Marketing/Case Study Creation/Klint Case Studies.xlsx (24, artifact_candidate)",""
"rpm-0527","Marketing Resources","Examples - Inspiration - Content Creator [Sheet] | Shared Folder - Content Creator [Folder]","text-url","google-sheet","not_public_auth_required","auth_required","401","re-share from an accessible account, replace, or hide","review local artifact, then replace or re-share","matched_artifact","Ref Docs/Work/Marketing/Content Creator Program/Internal Resources - Content Creator Program.xlsx","artifact_candidate","100",".xlsx","24637","ca998a9820976b48306c14fd48f7e385466cdecc42d28d0cae99020814311cae","","Internal Resources - Content Creator Program","assets/js/marketing_data.js","472","text-url","https://docs.google.com/spreadsheets/d/1TC4wxmybGoakJcS2JU9kk6JxNRXLDdhFkKdSmnzthRo/edit?usp=drive_link","https://docs.google.com/spreadsheets/d/1TC4wxmybGoakJcS2JU9kk6JxNRXLDdhFkKdSmnzthRo/export?format=csv","1TC4wxmybGoakJcS2JU9kk6JxNRXLDdhFkKdSmnzthRo","Use the local artifact as the replacement source after manual approval.","Ref Docs/Work/Marketing/Content Creator Program/Internal Resources - Content Creator Program.xlsx (100, artifact_candidate) | Ref Docs/Work/Marketing/Content Creator Program/Shared Resources - Content Creator.xlsx (31, artifact_candidate) | Ref Docs/Work/Marketing/Affiliate Program/All Affiliate Resources.xlsx (24, artifact_candidate) | Ref Docs/Work/Marketing/Case Study Creation/Case Study Creation Resources.xlsx (24, artifact_candidate) | Ref Docs/Work/Marketing/Case Study Creation/Klint Case Studies.xlsx (24, artifact_candidate)",""
"rpm-0528","Marketing Resources","Inspiration - By Format Type - Content Creation [Sheet] | Shared Resources - Content Creator [Sheet]","text-url","google-sheet","not_public_auth_required","auth_required","401","re-share from an accessible account, replace, or hide","review local artifact, then replace or re-share","matched_artifact","Ref Docs/Work/Marketing/Content Creator Program/Internal Resources - Content Creator Program.xlsx","artifact_candidate","100",".xlsx","24637","ca998a9820976b48306c14fd48f7e385466cdecc42d28d0cae99020814311cae","","Internal Resources - Content Creator Program","assets/js/marketing_data.js","465","text-url","https://docs.google.com/spreadsheets/d/1W68VQBiNg-ePtbUOa_W2jpdjT9tC_oP4eBjmFdwQofg/","https://docs.google.com/spreadsheets/d/1W68VQBiNg-ePtbUOa_W2jpdjT9tC_oP4eBjmFdwQofg/export?format=csv","1W68VQBiNg-ePtbUOa_W2jpdjT9tC_oP4eBjmFdwQofg","Use the local artifact as the replacement source after manual approval.","Ref Docs/Work/Marketing/Content Creator Program/Internal Resources - Content Creator Program.xlsx (100, artifact_candidate) | Ref Docs/Work/Marketing/Content Creator Program/Shared Resources - Content Creator.xlsx (88, artifact_candidate) | Ref Docs/Work/Marketing/Case Study Creation/Case Study Creation Resources.xlsx (30, artifact_candidate) | Ref Docs/Work/Marketing/Case Study Creation/Klint Case Studies.xlsx (30, artifact_candidate) | Ref Docs/Work/Marketing/Email Outreach/All Email Outreach Resources - TaylorRyanPortfolio (1).xlsx (30, artifact_candidate)",""
"rpm-0529","Marketing Resources","Rent Linkedin Profiles Services [Sheet] | Prompt - Linkedin Profile Update [Sheet]","text-url","google-sheet","not_public_auth_required","auth_required","401","re-share from an accessible account, replace, or hide","review local artifact, then replace or re-share","matched_artifact","Ref Docs/Work/Marketing/Content Creator Program/Internal Resources - Content Creator Program.xlsx","artifact_candidate","100",".xlsx","24637","ca998a9820976b48306c14fd48f7e385466cdecc42d28d0cae99020814311cae","","Internal Resources - Content Creator Program","assets/js/marketing_full_data.js","425","text-url","https://docs.google.com/spreadsheets/d/1-SsjM_vBCSPVmzRPskEGR2Uj8QCb4vl_zSltpRE0hHk/","https://docs.google.com/spreadsheets/d/1-SsjM_vBCSPVmzRPskEGR2Uj8QCb4vl_zSltpRE0hHk/export?format=csv","1-SsjM_vBCSPVmzRPskEGR2Uj8QCb4vl_zSltpRE0hHk","Use the local artifact as the replacement source after manual approval.","Ref Docs/Work/Marketing/Content Creator Program/Internal Resources - Content Creator Program.xlsx (100, artifact_candidate) | Ref Docs/Work/Marketing/Content Creator Program/Shared Resources - Content Creator.xlsx (30, artifact_candidate) | Ref Docs/Work/Marketing/Affiliate Program/All Affiliate Resources.xlsx (24, artifact_candidate) | Ref Docs/Work/Projects/Marketing/Content Creator Preformance.xlsx (24, artifact_candidate) | Ref Docs/Work/Projects/Marketing/Shared Resources - Content Creator - All Resources.xlsx (24, artifact_candidate)",""
"rpm-0530","Marketing Resources","Linkedin Scraping Tools [Sheet] | SoMe Channels - Discovery [Sheet]","text-url","google-sheet","not_public_auth_required","auth_required","401","re-share from an accessible account, replace, or hide","review local artifact, then replace or re-share","matched_artifact","Ref Docs/Work/Marketing/Content Creator Program/Internal Resources - Content Creator Program.xlsx","artifact_candidate","100",".xlsx","24637","ca998a9820976b48306c14fd48f7e385466cdecc42d28d0cae99020814311cae","","Internal Resources - Content Creator Program","assets/js/marketing_full_data.js","197","text-url","https://docs.google.com/spreadsheets/d/11Ka5kKZrOGGks0NQ7MLEhVvt0YCh4fnp6SrMWE5wLXo","https://docs.google.com/spreadsheets/d/11Ka5kKZrOGGks0NQ7MLEhVvt0YCh4fnp6SrMWE5wLXo/export?format=csv","11Ka5kKZrOGGks0NQ7MLEhVvt0YCh4fnp6SrMWE5wLXo","Use the local artifact as the replacement source after manual approval.","Ref Docs/Work/Marketing/Content Creator Program/Internal Resources - Content Creator Program.xlsx (100, artifact_candidate) | Ref Docs/Work/Marketing/Content Creator Program/Shared Resources - Content Creator.xlsx (30, artifact_candidate) | Ref Docs/Work/Marketing/Social Media/Content Ceation.csv (30, artifact_candidate) | Ref Docs/Work/Marketing/Social Media/Content Publishing.csv (30, artifact_candidate) | Ref Docs/Work/Marketing/Social Media/Content Strategy.csv (30, artifact_candidate)",""
"rpm-0531","Marketing Resources","Targeting - Linkedin Creator Campaign [Sheet] | Favikon Influencer Discovery - Brief [Doc]","text-url","google-sheet","not_public_auth_required","auth_required","401","re-share from an accessible account, replace, or hide","review local artifact, then replace or re-share","matched_artifact","Ref Docs/Work/Marketing/Content Creator Program/Internal Resources - Content Creator Program.xlsx","artifact_candidate","100",".xlsx","24637","ca998a9820976b48306c14fd48f7e385466cdecc42d28d0cae99020814311cae","","Internal Resources - Content Creator Program","assets/js/marketing_full_data.js","501","text-url","https://docs.google.com/spreadsheets/d/11saLs4GO6WXjaBlTyybXbUKe_ddvpdfHpsJr9YdTXIk/","https://docs.google.com/spreadsheets/d/11saLs4GO6WXjaBlTyybXbUKe_ddvpdfHpsJr9YdTXIk/export?format=csv","11saLs4GO6WXjaBlTyybXbUKe_ddvpdfHpsJr9YdTXIk","Use the local artifact as the replacement source after manual approval.","Ref Docs/Work/Marketing/Content Creator Program/Internal Resources - Content Creator Program.xlsx (100, artifact_candidate) | Ref Docs/Work/Marketing/Content Creator Program/Shared Resources - Content Creator.xlsx (30, artifact_candidate) | Ref Docs/Work/Marketing/Affiliate Program/All Affiliate Resources.xlsx (24, artifact_candidate) | Ref Docs/Work/Projects/Marketing/Content Creator Preformance.xlsx (24, artifact_candidate) | Ref Docs/Work/Projects/Marketing/Shared Resources - Content Creator - All Resources.xlsx (24, artifact_candidate)",""
"rpm-0532","Marketing Resources","Short Responses FAQ - Content Creator Program [Sheet] | V3Inf. Messaging + Followups - Linkedin [Doc]","text-url","google-sheet","not_public_auth_required","auth_required","401","re-share from an accessible account, replace, or hide","review local artifact, then replace or re-share","matched_artifact","Ref Docs/Work/Marketing/Content Creator Program/Internal Resources - Content Creator Program.xlsx","artifact_candidate","100",".xlsx","24637","ca998a9820976b48306c14fd48f7e385466cdecc42d28d0cae99020814311cae","","Internal Resources - Content Creator Program","assets/js/marketing_full_data.js","634","text-url","https://docs.google.com/spreadsheets/d/12IHGa3OZdXMMqAiu5ye4f3uoB24T2vNT_vReS654LSo","https://docs.google.com/spreadsheets/d/12IHGa3OZdXMMqAiu5ye4f3uoB24T2vNT_vReS654LSo/export?format=csv","12IHGa3OZdXMMqAiu5ye4f3uoB24T2vNT_vReS654LSo","Use the local artifact as the replacement source after manual approval.","Ref Docs/Work/Marketing/Content Creator Program/Internal Resources - Content Creator Program.xlsx (100, artifact_candidate) | Ref Docs/Work/Marketing/Content Creator Program/Shared Resources - Content Creator.xlsx (30, artifact_candidate) | Ref Docs/Work/Marketing/Affiliate Program/All Affiliate Resources.xlsx (24, artifact_candidate) | Ref Docs/Work/Marketing/Email Outreach/All Email Outreach Resources - TaylorRyanPortfolio (1).xlsx (24, artifact_candidate) | Ref Docs/Work/Marketing/Email Outreach/Email Outreach Templates.xlsx (24, artifact_candidate)",""
"rpm-0533","Public Speaking","Your Testimonial Metrics - Tailored to You [Sheet] | Prompt - Metrics for Testimonials / Case Studies [Doc]","text-url","google-sheet","not_public_auth_required","auth_required","401","re-share from an accessible account, replace, or hide","preserve manifest row; decide hide vs recreate","missing_artifact","","","","","","","","Testimonial Resources","assets/js/marketing_full_data.js","4852","text-url","https://docs.google.com/spreadsheets/d/13mW2rGHfR7pzxdXEckC6Nllte0t_wvCRXj_Wv2wDaVI/","https://docs.google.com/spreadsheets/d/13mW2rGHfR7pzxdXEckC6Nllte0t_wvCRXj_Wv2wDaVI/export?format=csv","13mW2rGHfR7pzxdXEckC6Nllte0t_wvCRXj_Wv2wDaVI","No likely offline artifact found; keep the manifest record and decide whether to hide the public link or rebuild the resource.","",""
"rpm-0534","Marketing Resources","Burner Linkedin Accts [Sheet] | Buy Aged Linkedin Accts [Sheet]","text-url","google-sheet","not_public_auth_required","auth_required","401","re-share from an accessible account, replace, or hide","review local artifact, then replace or re-share","matched_artifact","Ref Docs/Work/Marketing/Content Creator Program/Internal Resources - Content Creator Program.xlsx","artifact_candidate","100",".xlsx","24637","ca998a9820976b48306c14fd48f7e385466cdecc42d28d0cae99020814311cae","","Internal Resources - Content Creator Program","assets/js/marketing_full_data.js","463","text-url","https://docs.google.com/spreadsheets/d/151fPSE7Z41j_7S36zYbavcTHT4vFBpanCcLbga1DZQQ/","https://docs.google.com/spreadsheets/d/151fPSE7Z41j_7S36zYbavcTHT4vFBpanCcLbga1DZQQ/export?format=csv","151fPSE7Z41j_7S36zYbavcTHT4vFBpanCcLbga1DZQQ","Use the local artifact as the replacement source after manual approval.","Ref Docs/Work/Marketing/Content Creator Program/Internal Resources - Content Creator Program.xlsx (100, artifact_candidate) | Ref Docs/Work/Marketing/Content Creator Program/Shared Resources - Content Creator.xlsx (30, artifact_candidate) | Ref Docs/Work/Marketing/Affiliate Program/All Affiliate Resources.xlsx (24, artifact_candidate) | Ref Docs/Work/Marketing/Email Outreach/All Email Outreach Resources - TaylorRyanPortfolio (1).xlsx (24, artifact_candidate) | Ref Docs/Work/Marketing/Email Outreach/Email Outreach Templates.xlsx (24, artifact_candidate)",""
"rpm-0535","Marketing Resources","Affiliate Tools [Sheet] | Affiliate Tools Discovery - Brief [Doc]","text-url","google-sheet","not_public_auth_required","auth_required","401","re-share from an accessible account, replace, or hide","review local artifact, then replace or re-share","matched_artifact","Ref Docs/Work/Marketing/Affiliate Program/All Affiliate Resources.xlsx","artifact_candidate","100",".xlsx","19930","4b6c19bec1838a0f4eb6de78d493876aff4132647b668069a204ad4bd8a2c584","","All Affiliate Resources","assets/js/marketing_full_data.js","3769","text-url","https://docs.google.com/spreadsheets/d/16EECbWWzq-Cc6xPu8Xc4v07OQGjwM6Kh6HHInVmMDWM","https://docs.google.com/spreadsheets/d/16EECbWWzq-Cc6xPu8Xc4v07OQGjwM6Kh6HHInVmMDWM/export?format=csv","16EECbWWzq-Cc6xPu8Xc4v07OQGjwM6Kh6HHInVmMDWM","Use the local artifact as the replacement source after manual approval.","Ref Docs/Work/Marketing/Affiliate Program/All Affiliate Resources.xlsx (100, artifact_candidate)",""
"rpm-0536","Marketing Resources","Linkedin Automation Tools [Sheet] | Build Fake Linkedin Accts - Brief GS [Sheet]","text-url","google-sheet","not_public_auth_required","auth_required","401","re-share from an accessible account, replace, or hide","review local artifact, then replace or re-share","matched_artifact","Ref Docs/Work/Marketing/Content Creator Program/Internal Resources - Content Creator Program.xlsx","artifact_candidate","100",".xlsx","24637","ca998a9820976b48306c14fd48f7e385466cdecc42d28d0cae99020814311cae","","Internal Resources - Content Creator Program","assets/js/marketing_full_data.js","330","text-url","https://docs.google.com/spreadsheets/d/17h4YCJDldfksd0CnHuDsbAvsnHyGeJpN-66V_IiqTfE/","https://docs.google.com/spreadsheets/d/17h4YCJDldfksd0CnHuDsbAvsnHyGeJpN-66V_IiqTfE/export?format=csv","17h4YCJDldfksd0CnHuDsbAvsnHyGeJpN-66V_IiqTfE","Use the local artifact as the replacement source after manual approval.","Ref Docs/Work/Marketing/Content Creator Program/Internal Resources - Content Creator Program.xlsx (100, artifact_candidate) | Ref Docs/Work/Marketing/Content Creator Program/Shared Resources - Content Creator.xlsx (30, artifact_candidate) | Ref Docs/Work/Marketing/Affiliate Program/All Affiliate Resources.xlsx (24, artifact_candidate) | Ref Docs/Work/Marketing/Email Outreach/All Email Outreach Resources - TaylorRyanPortfolio (1).xlsx (24, artifact_candidate) | Ref Docs/Work/Marketing/Email Outreach/Email Outreach Templates.xlsx (24, artifact_candidate)",""
"rpm-0537","Marketing Resources","Buy Aged Linkedin Accts [Sheet] | Rent Linkedin Profiles Services [Sheet]","text-url","google-sheet","not_public_auth_required","auth_required","401","re-share from an accessible account, replace, or hide","review local artifact, then replace or re-share","matched_artifact","Ref Docs/Work/Marketing/Content Creator Program/Internal Resources - Content Creator Program.xlsx","artifact_candidate","100",".xlsx","24637","ca998a9820976b48306c14fd48f7e385466cdecc42d28d0cae99020814311cae","","Internal Resources - Content Creator Program","assets/js/marketing_full_data.js","444","text-url","https://docs.google.com/spreadsheets/d/17XvGiHQjpaPwC866I5iYCJEWj_WmNg8m0KPdK6Oiuj8","https://docs.google.com/spreadsheets/d/17XvGiHQjpaPwC866I5iYCJEWj_WmNg8m0KPdK6Oiuj8/export?format=csv","17XvGiHQjpaPwC866I5iYCJEWj_WmNg8m0KPdK6Oiuj8","Use the local artifact as the replacement source after manual approval.","Ref Docs/Work/Marketing/Content Creator Program/Internal Resources - Content Creator Program.xlsx (100, artifact_candidate) | Ref Docs/Work/Marketing/Content Creator Program/Shared Resources - Content Creator.xlsx (30, artifact_candidate) | Ref Docs/Work/Marketing/Affiliate Program/All Affiliate Resources.xlsx (24, artifact_candidate) | Ref Docs/Work/Projects/Marketing/Content Creator Preformance.xlsx (24, artifact_candidate) | Ref Docs/Work/Projects/Marketing/Shared Resources - Content Creator - All Resources.xlsx (24, artifact_candidate)",""
"rpm-0538","Public Speaking","All Testimonial Creation Resources [Sheet] | Case Study Creation Resources [Sheet]","text-url","google-sheet","not_public_auth_required","auth_required","401","re-share from an accessible account, replace, or hide","review local artifact, then replace or re-share","matched_artifact","Ref Docs/Work/Marketing/Case Study Creation/Klint Case Studies.xlsx","artifact_candidate","100",".xlsx","19712","e0df6da16474760aba6659974b0d5829dd1115aac4236bc9a3eb40edaca62619","","Testimonial Resources | Klint Case Studies","assets/js/marketing_full_data.js","4776","text-url","https://docs.google.com/spreadsheets/d/19X777V-g-d76yNTcfUxNiM0_gq5ywlnFFZsEXFDhNX4/edit?usp=sharing","https://docs.google.com/spreadsheets/d/19X777V-g-d76yNTcfUxNiM0_gq5ywlnFFZsEXFDhNX4/export?format=csv","19X777V-g-d76yNTcfUxNiM0_gq5ywlnFFZsEXFDhNX4","Use the local artifact as the replacement source after manual approval.","Ref Docs/Work/Marketing/Case Study Creation/Klint Case Studies.xlsx (100, artifact_candidate) | Ref Docs/Work/Marketing/Case Study Creation/Case Study Creation Resources.xlsx (78, artifact_candidate) | Ref Docs/Work/Marketing/Testimonial Creation/All Testimonial Creation Resources.xlsx (78, artifact_candidate)",""
"rpm-0539","Marketing Resources","{{Company Name}} Use-Cases + Tutorials [Sheet] | Influencer Tracking Template - Internal [Sheet]","text-url","google-sheet","not_public_auth_required","auth_required","401","re-share from an accessible account, replace, or hide","review local artifact, then replace or re-share","matched_artifact","Ref Docs/Work/Marketing/Content Creator Program/Internal Resources - Content Creator Program.xlsx","artifact_candidate","100",".xlsx","24637","ca998a9820976b48306c14fd48f7e385466cdecc42d28d0cae99020814311cae","","Internal Resources - Content Creator Program","assets/js/marketing_full_data.js","900","text-url","https://docs.google.com/spreadsheets/d/1a5HWn7BVtkNKIqS9YX0XUd3uLOyBmycAolHiUEdwlLE","https://docs.google.com/spreadsheets/d/1a5HWn7BVtkNKIqS9YX0XUd3uLOyBmycAolHiUEdwlLE/export?format=csv","1a5HWn7BVtkNKIqS9YX0XUd3uLOyBmycAolHiUEdwlLE","Use the local artifact as the replacement source after manual approval.","Ref Docs/Work/Marketing/Content Creator Program/Internal Resources - Content Creator Program.xlsx (100, artifact_candidate) | Ref Docs/Work/Marketing/Content Creator Program/Shared Resources - Content Creator.xlsx (30, artifact_candidate) | Ref Docs/Work/Marketing/Affiliate Program/All Affiliate Resources.xlsx (24, artifact_candidate) | Ref Docs/Work/Marketing/Case Study Creation/Case Study Creation Resources.xlsx (24, artifact_candidate) | Ref Docs/Work/Marketing/Case Study Creation/Klint Case Studies.xlsx (24, artifact_candidate)",""
"rpm-0540","Marketing Resources","Linkedin Outreach Tools [Sheet] | All Linkedin Lists [Sheet]","text-url","google-sheet","not_public_auth_required","auth_required","401","re-share from an accessible account, replace, or hide","review local artifact, then replace or re-share","matched_artifact","Ref Docs/Work/Marketing/Content Creator Program/Internal Resources - Content Creator Program.xlsx","artifact_candidate","100",".xlsx","24637","ca998a9820976b48306c14fd48f7e385466cdecc42d28d0cae99020814311cae","","Internal Resources - Content Creator Program","assets/js/marketing_full_data.js","539","text-url","https://docs.google.com/spreadsheets/d/1AOzgR9zlZYRyK2faL8nrq9t4Qn8U_qvgXSTqGLf1XEQ/","https://docs.google.com/spreadsheets/d/1AOzgR9zlZYRyK2faL8nrq9t4Qn8U_qvgXSTqGLf1XEQ/export?format=csv","1AOzgR9zlZYRyK2faL8nrq9t4Qn8U_qvgXSTqGLf1XEQ","Use the local artifact as the replacement source after manual approval.","Ref Docs/Work/Marketing/Content Creator Program/Internal Resources - Content Creator Program.xlsx (100, artifact_candidate) | Ref Docs/Work/Marketing/Content Creator Program/Shared Resources - Content Creator.xlsx (30, artifact_candidate) | Ref Docs/Work/Marketing/Affiliate Program/All Affiliate Resources.xlsx (24, artifact_candidate) | Ref Docs/Work/Marketing/Email Outreach/All Email Outreach Resources - TaylorRyanPortfolio (1).xlsx (24, artifact_candidate) | Ref Docs/Work/Marketing/Email Outreach/Email Outreach Templates.xlsx (24, artifact_candidate)",""
"rpm-0541","Marketing Resources","Linkedin Outreach Tools [Sheet] | LinkedHelper Campaign Workflow - Brief [Doc]","text-url","google-sheet","not_public_auth_required","auth_required","401","re-share from an accessible account, replace, or hide","review local artifact, then replace or re-share","matched_artifact","Ref Docs/Work/Marketing/Content Creator Program/Internal Resources - Content Creator Program.xlsx","artifact_candidate","100",".xlsx","24637","ca998a9820976b48306c14fd48f7e385466cdecc42d28d0cae99020814311cae","","Internal Resources - Content Creator Program","assets/js/marketing_full_data.js","596","text-url","https://docs.google.com/spreadsheets/d/1AOzgR9zlZYRyK2faL8nrq9t4Qn8U_qvgXSTqGLf1XEQ/edit?gid=0","https://docs.google.com/spreadsheets/d/1AOzgR9zlZYRyK2faL8nrq9t4Qn8U_qvgXSTqGLf1XEQ/export?format=csv","1AOzgR9zlZYRyK2faL8nrq9t4Qn8U_qvgXSTqGLf1XEQ","Use the local artifact as the replacement source after manual approval.","Ref Docs/Work/Marketing/Content Creator Program/Internal Resources - Content Creator Program.xlsx (100, artifact_candidate) | Ref Docs/Work/Marketing/Content Creator Program/Shared Resources - Content Creator.xlsx (30, artifact_candidate) | Ref Docs/Work/Marketing/Affiliate Program/All Affiliate Resources.xlsx (24, artifact_candidate) | Ref Docs/Work/Marketing/Email Outreach/All Email Outreach Resources - TaylorRyanPortfolio (1).xlsx (24, artifact_candidate) | Ref Docs/Work/Marketing/Email Outreach/Email Outreach Templates.xlsx (24, artifact_candidate)",""
"rpm-0542","Marketing Resources","Online Calendar Tools [Sheet] | CRM Tools (Free and Paid) [Sheet]","text-url","google-sheet","not_public_auth_required","auth_required","401","re-share from an accessible account, replace, or hide","review local artifact, then replace or re-share","matched_artifact","Ref Docs/Work/Marketing/Content Creator Program/Internal Resources - Content Creator Program.xlsx","artifact_candidate","100",".xlsx","24637","ca998a9820976b48306c14fd48f7e385466cdecc42d28d0cae99020814311cae","","Internal Resources - Content Creator Program","assets/js/marketing_full_data.js","83","text-url","https://docs.google.com/spreadsheets/d/1BlP58EKl64Xoxzb_rvwS1oTa0aEdGimbz3bHOpt9kOE","https://docs.google.com/spreadsheets/d/1BlP58EKl64Xoxzb_rvwS1oTa0aEdGimbz3bHOpt9kOE/export?format=csv","1BlP58EKl64Xoxzb_rvwS1oTa0aEdGimbz3bHOpt9kOE","Use the local artifact as the replacement source after manual approval.","Ref Docs/Work/Marketing/Content Creator Program/Internal Resources - Content Creator Program.xlsx (100, artifact_candidate) | Ref Docs/Work/Marketing/Content Creator Program/Shared Resources - Content Creator.xlsx (30, artifact_candidate) | Ref Docs/Work/Marketing/Affiliate Program/All Affiliate Resources.xlsx (24, artifact_candidate) | Ref Docs/Work/Marketing/Email Outreach/All Email Outreach Resources - TaylorRyanPortfolio (1).xlsx (24, artifact_candidate) | Ref Docs/Work/Marketing/Email Outreach/Email Outreach Templates.xlsx (24, artifact_candidate)",""
"rpm-0543","Marketing Resources","CRM Tools (Free and Paid) [Sheet] | Offer Worksheet Template - Internal [Sheet]","text-url","google-sheet","not_public_auth_required","auth_required","401","re-share from an accessible account, replace, or hide","review local artifact, then replace or re-share","matched_artifact","Ref Docs/Work/Marketing/Content Creator Program/Internal Resources - Content Creator Program.xlsx","artifact_candidate","100",".xlsx","24637","ca998a9820976b48306c14fd48f7e385466cdecc42d28d0cae99020814311cae","","Internal Resources - Content Creator Program","assets/js/marketing_full_data.js","64","text-url","https://docs.google.com/spreadsheets/d/1cCpCTeHEhwJysn0wNJg1cmuMkIng4xAXns6XWTYP1vs/edit?usp=sharing","https://docs.google.com/spreadsheets/d/1cCpCTeHEhwJysn0wNJg1cmuMkIng4xAXns6XWTYP1vs/export?format=csv","1cCpCTeHEhwJysn0wNJg1cmuMkIng4xAXns6XWTYP1vs","Use the local artifact as the replacement source after manual approval.","Ref Docs/Work/Marketing/Content Creator Program/Internal Resources - Content Creator Program.xlsx (100, artifact_candidate) | Ref Docs/Work/Marketing/Affiliate Program/All Affiliate Resources.xlsx (30, artifact_candidate) | Ref Docs/Work/Marketing/Content Creator Program/Shared Resources - Content Creator.xlsx (30, artifact_candidate) | Ref Docs/Work/Marketing/Email Outreach/All Email Outreach Resources - TaylorRyanPortfolio (1).xlsx (24, artifact_candidate) | Ref Docs/Work/Marketing/Email Outreach/Email Outreach Templates.xlsx (24, artifact_candidate)",""
"rpm-0544","Marketing Resources","All Linkedin Lists [Sheet] | Targeting - Linkedin Creator Campaign [Sheet]","text-url","google-sheet","not_public_auth_required","auth_required","401","re-share from an accessible account, replace, or hide","review local artifact, then replace or re-share","matched_artifact","Ref Docs/Work/Marketing/Content Creator Program/Internal Resources - Content Creator Program.xlsx","artifact_candidate","100",".xlsx","24637","ca998a9820976b48306c14fd48f7e385466cdecc42d28d0cae99020814311cae","","Internal Resources - Content Creator Program","assets/js/marketing_full_data.js","520","text-url","https://docs.google.com/spreadsheets/d/1CkOilr4pKNQ6DaXCivG4hu67vNnCVd3gppYBaCh4GPg/","https://docs.google.com/spreadsheets/d/1CkOilr4pKNQ6DaXCivG4hu67vNnCVd3gppYBaCh4GPg/export?format=csv","1CkOilr4pKNQ6DaXCivG4hu67vNnCVd3gppYBaCh4GPg","Use the local artifact as the replacement source after manual approval.","Ref Docs/Work/Marketing/Content Creator Program/Internal Resources - Content Creator Program.xlsx (100, artifact_candidate) | Ref Docs/Work/Marketing/Content Creator Program/Shared Resources - Content Creator.xlsx (30, artifact_candidate) | Ref Docs/Work/Marketing/Affiliate Program/All Affiliate Resources.xlsx (24, artifact_candidate) | Ref Docs/Work/Projects/Marketing/Content Creator Preformance.xlsx (24, artifact_candidate) | Ref Docs/Work/Projects/Marketing/Shared Resources - Content Creator - All Resources.xlsx (24, artifact_candidate)",""
"rpm-0545","Marketing Resources","Affiliate Email Templates and Prompts [Sheet] | FAQ Affiliate [Sheet]","text-url","google-sheet","not_public_auth_required","auth_required","401","re-share from an accessible account, replace, or hide","review local artifact, then replace or re-share","matched_artifact","Ref Docs/Work/Marketing/Affiliate Program/All Affiliate Resources.xlsx","artifact_candidate","100",".xlsx","19930","4b6c19bec1838a0f4eb6de78d493876aff4132647b668069a204ad4bd8a2c584","","All Affiliate Resources","assets/js/marketing_full_data.js","3978","text-url","https://docs.google.com/spreadsheets/d/1CrRC6WCY-j-31On492cBYUP6IJv5elBAfWnNOTH6XeE","https://docs.google.com/spreadsheets/d/1CrRC6WCY-j-31On492cBYUP6IJv5elBAfWnNOTH6XeE/export?format=csv","1CrRC6WCY-j-31On492cBYUP6IJv5elBAfWnNOTH6XeE","Use the local artifact as the replacement source after manual approval.","Ref Docs/Work/Marketing/Affiliate Program/All Affiliate Resources.xlsx (100, artifact_candidate) | Ref Docs/Work/Marketing/Email Outreach/All Email Outreach Resources - TaylorRyanPortfolio (1).xlsx (24, artifact_candidate) | Ref Docs/Work/Marketing/Email Outreach/Email Outreach Templates.xlsx (24, artifact_candidate) | Ref Docs/Work/Marketing/Email Outreach/Hyp-Pers SendSpark Workflow Resources.xlsx (24, artifact_candidate)",""
"rpm-0546","Email Outreach","Video hyper-Personalization Examples [Sheet] | Hyp-Pers SendSpark Workflow Resources [Sheet]","text-url","google-sheet","not_public_auth_required","auth_required","401","re-share from an accessible account, replace, or hide","review local artifact, then replace or re-share","matched_artifact","Ref Docs/Work/Marketing/Email Outreach/Hyp-Pers SendSpark Workflow Resources.xlsx","artifact_candidate","100",".xlsx","21978","e336833fd995ab2b85c1b70beb47e8543c7ebc95678fa808d46b487cf00798d4","","Hyp-Pers SendSpark Workflow Resources","assets/js/marketing_full_data.js","3351","text-url","https://docs.google.com/spreadsheets/d/1diqEeUPl5IYKzXjknvadQRUrFLuFVJFiXQAg_Dt1Sd0/edit?usp=drive_link","https://docs.google.com/spreadsheets/d/1diqEeUPl5IYKzXjknvadQRUrFLuFVJFiXQAg_Dt1Sd0/export?format=csv","1diqEeUPl5IYKzXjknvadQRUrFLuFVJFiXQAg_Dt1Sd0","Use the local artifact as the replacement source after manual approval.","Ref Docs/Work/Marketing/Email Outreach/Hyp-Pers SendSpark Workflow Resources.xlsx (100, artifact_candidate) | Ref Docs/Work/Marketing/Email Outreach/All Email Outreach Resources - TaylorRyanPortfolio (1).xlsx (30, artifact_candidate) | Ref Docs/Work/Marketing/Email Outreach/Email Outreach Templates.xlsx (30, artifact_candidate)",""
"rpm-0547","Marketing Resources","Proxy Services [Sheet] | Warmup Schedule + Limits[Sheet]","text-url","google-sheet","not_public_auth_required","auth_required","401","re-share from an accessible account, replace, or hide","review local artifact, then replace or re-share","matched_artifact","Ref Docs/Work/Marketing/Content Creator Program/Internal Resources - Content Creator Program.xlsx","artifact_candidate","100",".xlsx","24637","ca998a9820976b48306c14fd48f7e385466cdecc42d28d0cae99020814311cae","","Internal Resources - Content Creator Program","assets/js/marketing_full_data.js","368","text-url","https://docs.google.com/spreadsheets/d/1dyYqfvOxttu6vF2FyPPmX5INYjiYs9gR1skuRNUjyQ8/","https://docs.google.com/spreadsheets/d/1dyYqfvOxttu6vF2FyPPmX5INYjiYs9gR1skuRNUjyQ8/export?format=csv","1dyYqfvOxttu6vF2FyPPmX5INYjiYs9gR1skuRNUjyQ8","Use the local artifact as the replacement source after manual approval.","Ref Docs/Work/Marketing/Content Creator Program/Internal Resources - Content Creator Program.xlsx (100, artifact_candidate) | Ref Docs/Work/Marketing/Content Creator Program/Shared Resources - Content Creator.xlsx (29, artifact_candidate) | Ref Docs/Work/Marketing/Affiliate Program/All Affiliate Resources.xlsx (24, artifact_candidate) | Ref Docs/Work/Marketing/Email Outreach/All Email Outreach Resources - TaylorRyanPortfolio (1).xlsx (24, artifact_candidate) | Ref Docs/Work/Marketing/Email Outreach/Email Outreach Templates.xlsx (24, artifact_candidate)",""
"rpm-0548","Marketing Resources","Clients - Ocean [Sheet] | Brief - Logo Enrichment [Doc]","text-url","google-sheet","not_public_auth_required","auth_required","401","re-share from an accessible account, replace, or hide","review local artifact, then replace or re-share","matched_artifact","Ref Docs/Work/Marketing/Case Study Creation/Case Study Creation Resources.xlsx","artifact_candidate","100",".xlsx","10699","75bc47a920f98f220f2f599c181e7fdb9a8b4d30eea1a5c57b49c9346781487d","","Case Study Creation Resources","assets/js/marketing_full_data.js","4320","text-url","https://docs.google.com/spreadsheets/d/1E6pwgr5xSp5Ok9UELN-YzSu9mtF-kA8PHEZzCBttaXQ","https://docs.google.com/spreadsheets/d/1E6pwgr5xSp5Ok9UELN-YzSu9mtF-kA8PHEZzCBttaXQ/export?format=csv","1E6pwgr5xSp5Ok9UELN-YzSu9mtF-kA8PHEZzCBttaXQ","Use the local artifact as the replacement source after manual approval.","Ref Docs/Work/Marketing/Case Study Creation/Case Study Creation Resources.xlsx (100, artifact_candidate) | Ref Docs/Work/Marketing/Case Study Creation/Klint Case Studies.xlsx (36, artifact_candidate) | Ref Docs/Work/Marketing/Testimonial Creation/All Testimonial Creation Resources.xlsx (24, artifact_candidate)",""
"rpm-0549","Marketing Resources","All Web Links [Sheet] | {{Company Name}} Use-Cases + Tutorials [Sheet]","text-url","google-sheet","not_public_auth_required","auth_required","401","re-share from an accessible account, replace, or hide","review local artifact, then replace or re-share","matched_artifact","Ref Docs/Work/Marketing/Content Creator Program/Internal Resources - Content Creator Program.xlsx","artifact_candidate","100",".xlsx","24637","ca998a9820976b48306c14fd48f7e385466cdecc42d28d0cae99020814311cae","","Internal Resources - Content Creator Program","assets/js/marketing_full_data.js","919","text-url","https://docs.google.com/spreadsheets/d/1Epex4GUUPEGouLnaLLhB1DHlGNpVI8xKEvDBY3ZkR1s/","https://docs.google.com/spreadsheets/d/1Epex4GUUPEGouLnaLLhB1DHlGNpVI8xKEvDBY3ZkR1s/export?format=csv","1Epex4GUUPEGouLnaLLhB1DHlGNpVI8xKEvDBY3ZkR1s","Use the local artifact as the replacement source after manual approval.","Ref Docs/Work/Marketing/Content Creator Program/Internal Resources - Content Creator Program.xlsx (100, artifact_candidate) | Ref Docs/Work/Marketing/Content Creator Program/Shared Resources - Content Creator.xlsx (30, artifact_candidate) | Ref Docs/Work/Marketing/Social Media/Content Ceation.csv (30, artifact_candidate) | Ref Docs/Work/Marketing/Social Media/Content Publishing.csv (30, artifact_candidate) | Ref Docs/Work/Marketing/Social Media/Content Strategy.csv (30, artifact_candidate)",""
"rpm-0550","Email Outreach","Hyper-Personalization - Fields and Angles [Sheet] | Hyp-Pers - Email Templates - Short - Taylor [Doc]","text-url","google-sheet","not_public_auth_required","auth_required","401","re-share from an accessible account, replace, or hide","review local artifact, then replace or re-share","matched_artifact","Ref Docs/Work/Marketing/Email Outreach/Hyp-Pers SendSpark Workflow Resources.xlsx","artifact_candidate","100",".xlsx","21978","e336833fd995ab2b85c1b70beb47e8543c7ebc95678fa808d46b487cf00798d4","","Hyp-Pers SendSpark Workflow Resources","assets/js/marketing_full_data.js","3427","text-url","https://docs.google.com/spreadsheets/d/1epz9Kk0q4_rZsX2ozCStTsbGpWXPGDTSdnrBH2PrpBk/","https://docs.google.com/spreadsheets/d/1epz9Kk0q4_rZsX2ozCStTsbGpWXPGDTSdnrBH2PrpBk/export?format=csv","1epz9Kk0q4_rZsX2ozCStTsbGpWXPGDTSdnrBH2PrpBk","Use the local artifact as the replacement source after manual approval.","Ref Docs/Work/Marketing/Email Outreach/Hyp-Pers SendSpark Workflow Resources.xlsx (100, artifact_candidate) | Ref Docs/Work/Marketing/Email Outreach/All Email Outreach Resources - TaylorRyanPortfolio (1).xlsx (30, artifact_candidate) | Ref Docs/Work/Marketing/Email Outreach/Email Outreach Templates.xlsx (30, artifact_candidate)",""
"rpm-0551","Marketing Resources","Linkedin Auto Outreach Tools [Sheet] | Linkedin Outreach Tools [Sheet]","text-url","google-sheet","not_public_auth_required","auth_required","401","re-share from an accessible account, replace, or hide","review local artifact, then replace or re-share","matched_artifact","Ref Docs/Work/Marketing/Content Creator Program/Internal Resources - Content Creator Program.xlsx","artifact_candidate","100",".xlsx","24637","ca998a9820976b48306c14fd48f7e385466cdecc42d28d0cae99020814311cae","","Internal Resources - Content Creator Program","assets/js/marketing_full_data.js","558","text-url","https://docs.google.com/spreadsheets/d/1F2cE6tl0-fnYg0lHSK9cx6Mcyh4Z6shzCixmt4pcpNc/","https://docs.google.com/spreadsheets/d/1F2cE6tl0-fnYg0lHSK9cx6Mcyh4Z6shzCixmt4pcpNc/export?format=csv","1F2cE6tl0-fnYg0lHSK9cx6Mcyh4Z6shzCixmt4pcpNc","Use the local artifact as the replacement source after manual approval.","Ref Docs/Work/Marketing/Content Creator Program/Internal Resources - Content Creator Program.xlsx (100, artifact_candidate) | Ref Docs/Work/Marketing/Content Creator Program/Shared Resources - Content Creator.xlsx (30, artifact_candidate) | Ref Docs/Work/Marketing/Affiliate Program/All Affiliate Resources.xlsx (24, artifact_candidate) | Ref Docs/Work/Marketing/Email Outreach/All Email Outreach Resources - TaylorRyanPortfolio (1).xlsx (24, artifact_candidate) | Ref Docs/Work/Marketing/Email Outreach/Email Outreach Templates.xlsx (24, artifact_candidate)",""
"rpm-0552","Marketing Resources","Podcast Discovery [Sheet] | Linkedin Scraping Tools [Sheet]","text-url","google-sheet","not_public_auth_required","auth_required","401","re-share from an accessible account, replace, or hide","review local artifact, then replace or re-share","matched_artifact","Ref Docs/Work/Marketing/Content Creator Program/Internal Resources - Content Creator Program.xlsx","artifact_candidate","100",".xlsx","24637","ca998a9820976b48306c14fd48f7e385466cdecc42d28d0cae99020814311cae","","Internal Resources - Content Creator Program","assets/js/marketing_full_data.js","216","text-url","https://docs.google.com/spreadsheets/d/1fE18gNOITobQoN883ATbRYEGMvNKrcccsXBf0itS8s8","https://docs.google.com/spreadsheets/d/1fE18gNOITobQoN883ATbRYEGMvNKrcccsXBf0itS8s8/export?format=csv","1fE18gNOITobQoN883ATbRYEGMvNKrcccsXBf0itS8s8","Use the local artifact as the replacement source after manual approval.","Ref Docs/Work/Marketing/Content Creator Program/Internal Resources - Content Creator Program.xlsx (100, artifact_candidate) | Ref Docs/Work/Marketing/Content Creator Program/Shared Resources - Content Creator.xlsx (30, artifact_candidate) | Ref Docs/Work/Marketing/Affiliate Program/All Affiliate Resources.xlsx (24, artifact_candidate) | Ref Docs/Work/Marketing/Email Outreach/All Email Outreach Resources - TaylorRyanPortfolio (1).xlsx (24, artifact_candidate) | Ref Docs/Work/Marketing/Email Outreach/Email Outreach Templates.xlsx (24, artifact_candidate)",""
"rpm-0553","Marketing Resources","Internal Resources - Content Creators [Sheet]","text-url","google-sheet","not_public_auth_required","auth_required","401","re-share from an accessible account, replace, or hide","review local artifact, then replace or re-share","matched_artifact","Ref Docs/Work/Marketing/Content Creator Program/Internal Resources - Content Creator Program.xlsx","artifact_candidate","100",".xlsx","24637","ca998a9820976b48306c14fd48f7e385466cdecc42d28d0cae99020814311cae","","Internal Resources - Content Creator Program","assets/js/marketing_full_data.js","7","text-url","https://docs.google.com/spreadsheets/d/1Gc_fWIglmRp1c5v-cfJkFWtHcFCPXJsnBIsT70f7UJk/edit?gid=0","https://docs.google.com/spreadsheets/d/1Gc_fWIglmRp1c5v-cfJkFWtHcFCPXJsnBIsT70f7UJk/export?format=csv","1Gc_fWIglmRp1c5v-cfJkFWtHcFCPXJsnBIsT70f7UJk","Use the local artifact as the replacement source after manual approval.","Ref Docs/Work/Marketing/Content Creator Program/Internal Resources - Content Creator Program.xlsx (100, artifact_candidate) | Ref Docs/Work/Marketing/Content Creator Program/Shared Resources - Content Creator.xlsx (33, artifact_candidate) | Ref Docs/Work/Marketing/Affiliate Program/All Affiliate Resources.xlsx (25, artifact_candidate) | Ref Docs/Work/Marketing/Social Media/Content Strategy.csv (25, artifact_candidate) | Ref Docs/Work/Projects/Marketing/Content Creator Preformance.xlsx (25, artifact_candidate)",""
"rpm-0554","Marketing Resources","Tracking (internal) - Content Creator - Internal [Sheet] | Influencer Management - Brief [Doc]","text-url","google-sheet","not_public_auth_required","auth_required","401","re-share from an accessible account, replace, or hide","review local artifact, then replace or re-share","matched_artifact","Ref Docs/Work/Marketing/Content Creator Program/Internal Resources - Content Creator Program.xlsx","artifact_candidate","100",".xlsx","24637","ca998a9820976b48306c14fd48f7e385466cdecc42d28d0cae99020814311cae","","Internal Resources - Content Creator Program","assets/js/marketing_full_data.js","976","text-url","https://docs.google.com/spreadsheets/d/1gqoCVhuCKomtVrbV1whgzCP_1BJpACMUUrkn-IRNdV0/","https://docs.google.com/spreadsheets/d/1gqoCVhuCKomtVrbV1whgzCP_1BJpACMUUrkn-IRNdV0/export?format=csv","1gqoCVhuCKomtVrbV1whgzCP_1BJpACMUUrkn-IRNdV0","Use the local artifact as the replacement source after manual approval.","Ref Docs/Work/Marketing/Content Creator Program/Internal Resources - Content Creator Program.xlsx (100, artifact_candidate) | Ref Docs/Work/Marketing/Content Creator Program/Shared Resources - Content Creator.xlsx (30, artifact_candidate) | Ref Docs/Work/Marketing/Affiliate Program/All Affiliate Resources.xlsx (24, artifact_candidate) | Ref Docs/Work/Marketing/Case Study Creation/Case Study Creation Resources.xlsx (24, artifact_candidate) | Ref Docs/Work/Marketing/Case Study Creation/Klint Case Studies.xlsx (24, artifact_candidate)",""
"rpm-0555","Marketing Resources","Before, During, After Onboarding Call - Sheet [Doc] | Before, During, After Onboarding Call - Brief [Doc]","text-url","google-sheet","not_public_auth_required","auth_required","401","re-share from an accessible account, replace, or hide","review local artifact, then replace or re-share","matched_artifact","Ref Docs/Work/Marketing/Content Creator Program/Internal Resources - Content Creator Program.xlsx","artifact_candidate","100",".xlsx","24637","ca998a9820976b48306c14fd48f7e385466cdecc42d28d0cae99020814311cae","","Internal Resources - Content Creator Program","assets/js/marketing_full_data.js","672","text-url","https://docs.google.com/spreadsheets/d/1H0Uz2Mm_aC-4LGJ6n3bL8wpQSrxnc8r83qItwgBScpM/","https://docs.google.com/spreadsheets/d/1H0Uz2Mm_aC-4LGJ6n3bL8wpQSrxnc8r83qItwgBScpM/export?format=csv","1H0Uz2Mm_aC-4LGJ6n3bL8wpQSrxnc8r83qItwgBScpM","Use the local artifact as the replacement source after manual approval.","Ref Docs/Work/Marketing/Content Creator Program/Internal Resources - Content Creator Program.xlsx (100, artifact_candidate) | Ref Docs/Work/Marketing/Content Creator Program/Shared Resources - Content Creator.xlsx (30, artifact_candidate) | Ref Docs/Work/Marketing/Affiliate Program/All Affiliate Resources.xlsx (24, artifact_candidate) | Ref Docs/Work/Marketing/Email Outreach/All Email Outreach Resources - TaylorRyanPortfolio (1).xlsx (24, artifact_candidate) | Ref Docs/Work/Marketing/Email Outreach/Email Outreach Templates.xlsx (24, artifact_candidate)",""
"rpm-0556","Marketing Resources","All Affiliate Sheet [Sheet] | Affiliate Marketing Brief [Doc]","text-url","google-sheet","not_public_auth_required","auth_required","401","re-share from an accessible account, replace, or hide","review local artifact, then replace or re-share","matched_artifact","Ref Docs/Work/Marketing/Affiliate Program/All Affiliate Resources.xlsx","artifact_candidate","100",".xlsx","19930","4b6c19bec1838a0f4eb6de78d493876aff4132647b668069a204ad4bd8a2c584","","All Affiliate Resources","assets/js/marketing_full_data.js","3731","text-url","https://docs.google.com/spreadsheets/d/1iRLfVzC4YzrBOhuWOoTZ15uOVPRf0HjfAn-RK65-p9I/","https://docs.google.com/spreadsheets/d/1iRLfVzC4YzrBOhuWOoTZ15uOVPRf0HjfAn-RK65-p9I/export?format=csv","1iRLfVzC4YzrBOhuWOoTZ15uOVPRf0HjfAn-RK65-p9I","Use the local artifact as the replacement source after manual approval.","Ref Docs/Work/Marketing/Affiliate Program/All Affiliate Resources.xlsx (100, artifact_candidate) | Ref Docs/Work/Marketing/Content Creator Program/Internal Resources - Content Creator Program.xlsx (24, artifact_candidate) | Ref Docs/Work/Marketing/Content Creator Program/Shared Resources - Content Creator.xlsx (24, artifact_candidate) | Ref Docs/Work/Marketing/Social Media/Content Strategy.csv (24, artifact_candidate)",""
"rpm-0557","Marketing Resources","All Affiliate Sheet [Sheet] | Build Affiliate Support Resources - Brief [Doc]","text-url","google-sheet","not_public_auth_required","auth_required","401","re-share from an accessible account, replace, or hide","review local artifact, then replace or re-share","matched_artifact","Ref Docs/Work/Marketing/Affiliate Program/All Affiliate Resources.xlsx","artifact_candidate","100",".xlsx","19930","4b6c19bec1838a0f4eb6de78d493876aff4132647b668069a204ad4bd8a2c584","","All Affiliate Resources","assets/js/marketing_full_data.js","4206","text-url","https://docs.google.com/spreadsheets/d/1iRLfVzC4YzrBOhuWOoTZ15uOVPRf0HjfAn-RK65-p9I/edit?usp=sharing","https://docs.google.com/spreadsheets/d/1iRLfVzC4YzrBOhuWOoTZ15uOVPRf0HjfAn-RK65-p9I/export?format=csv","1iRLfVzC4YzrBOhuWOoTZ15uOVPRf0HjfAn-RK65-p9I","Use the local artifact as the replacement source after manual approval.","Ref Docs/Work/Marketing/Affiliate Program/All Affiliate Resources.xlsx (100, artifact_candidate)",""
"rpm-0558","Email Outreach","Hyp-Pers - Video Recording Resources [Sheet] | Create Video Example Templates - Brief - ***Needs work [Doc]","text-url","google-sheet","not_public_auth_required","auth_required","401","re-share from an accessible account, replace, or hide","review local artifact, then replace or re-share","matched_artifact","Ref Docs/Work/Marketing/Email Outreach/Hyp-Pers SendSpark Workflow Resources.xlsx","artifact_candidate","100",".xlsx","21978","e336833fd995ab2b85c1b70beb47e8543c7ebc95678fa808d46b487cf00798d4","","Hyp-Pers SendSpark Workflow Resources","assets/js/marketing_full_data.js","3522","text-url","https://docs.google.com/spreadsheets/d/1IYg5XSfUmlHDTCudXCxQIG1VqxE6BnrLmDMqDXky2kM/edit?usp=drive_link","https://docs.google.com/spreadsheets/d/1IYg5XSfUmlHDTCudXCxQIG1VqxE6BnrLmDMqDXky2kM/export?format=csv","1IYg5XSfUmlHDTCudXCxQIG1VqxE6BnrLmDMqDXky2kM","Use the local artifact as the replacement source after manual approval.","Ref Docs/Work/Marketing/Email Outreach/Hyp-Pers SendSpark Workflow Resources.xlsx (100, artifact_candidate) | Ref Docs/Work/Marketing/Email Outreach/All Email Outreach Resources - TaylorRyanPortfolio (1).xlsx (30, artifact_candidate) | Ref Docs/Work/Marketing/Email Outreach/Email Outreach Templates.xlsx (30, artifact_candidate)",""
"rpm-0559","Marketing Resources","Contract Tools - Contract Creators [Sheet] | Contract Templates and Examples - Content Creators [Sheet]","text-url","google-sheet","not_public_auth_required","auth_required","401","re-share from an accessible account, replace, or hide","review local artifact, then replace or re-share","matched_artifact","Ref Docs/Work/Marketing/Content Creator Program/Internal Resources - Content Creator Program.xlsx","artifact_candidate","100",".xlsx","24637","ca998a9820976b48306c14fd48f7e385466cdecc42d28d0cae99020814311cae","","Internal Resources - Content Creator Program","assets/js/marketing_full_data.js","292","text-url","https://docs.google.com/spreadsheets/d/1JQWluFIIWuAvXt-DqmZMA3UtegvN7ZUS2d_NbQ8giU0/","https://docs.google.com/spreadsheets/d/1JQWluFIIWuAvXt-DqmZMA3UtegvN7ZUS2d_NbQ8giU0/export?format=csv","1JQWluFIIWuAvXt-DqmZMA3UtegvN7ZUS2d_NbQ8giU0","Use the local artifact as the replacement source after manual approval.","Ref Docs/Work/Marketing/Content Creator Program/Internal Resources - Content Creator Program.xlsx (100, artifact_candidate) | Ref Docs/Work/Marketing/Content Creator Program/Shared Resources - Content Creator.xlsx (30, artifact_candidate) | Ref Docs/Work/Marketing/Affiliate Program/All Affiliate Resources.xlsx (24, artifact_candidate) | Ref Docs/Work/Projects/Marketing/Content Creator Preformance.xlsx (24, artifact_candidate) | Ref Docs/Work/Projects/Marketing/Shared Resources - Content Creator - All Resources.xlsx (24, artifact_candidate)",""
"rpm-0560","Email Outreach","SendSpark Template - Match Fields Template [Sheet] | Hyp-Pers - Video Recording Resources [Sheet]","text-url","google-sheet","not_public_auth_required","auth_required","401","re-share from an accessible account, replace, or hide","review local artifact, then replace or re-share","matched_artifact","Ref Docs/Work/Marketing/Email Outreach/Hyp-Pers SendSpark Workflow Resources.xlsx","artifact_candidate","100",".xlsx","21978","e336833fd995ab2b85c1b70beb47e8543c7ebc95678fa808d46b487cf00798d4","","Hyp-Pers SendSpark Workflow Resources","assets/js/marketing_full_data.js","3598","text-url","https://docs.google.com/spreadsheets/d/1krnajEyvXMlOqsyOqWVwlIIdR9nHXDi6qKHNTa6WLAY/edit?usp=drive_link","https://docs.google.com/spreadsheets/d/1krnajEyvXMlOqsyOqWVwlIIdR9nHXDi6qKHNTa6WLAY/export?format=csv","1krnajEyvXMlOqsyOqWVwlIIdR9nHXDi6qKHNTa6WLAY","Use the local artifact as the replacement source after manual approval.","Ref Docs/Work/Marketing/Email Outreach/Hyp-Pers SendSpark Workflow Resources.xlsx (100, artifact_candidate) | Ref Docs/Work/Marketing/Email Outreach/All Email Outreach Resources - TaylorRyanPortfolio (1).xlsx (29, artifact_candidate) | Ref Docs/Work/Marketing/Email Outreach/Email Outreach Templates.xlsx (29, artifact_candidate)",""
"rpm-0561","Marketing Resources","Infl Targeting [Sheet] | Infl. Discovery Tools and Methods - Brief [Doc]","text-url","google-sheet","not_public_auth_required","auth_required","401","re-share from an accessible account, replace, or hide","review local artifact, then replace or re-share","matched_artifact","Ref Docs/Work/Marketing/Content Creator Program/Internal Resources - Content Creator Program.xlsx","artifact_candidate","100",".xlsx","24637","ca998a9820976b48306c14fd48f7e385466cdecc42d28d0cae99020814311cae","","Internal Resources - Content Creator Program","assets/js/marketing_full_data.js","140","text-url","https://docs.google.com/spreadsheets/d/1nA8w-6A7sYz2Mv1nLGCjh4P4k8e3PfXV7crQuYD9wlg","https://docs.google.com/spreadsheets/d/1nA8w-6A7sYz2Mv1nLGCjh4P4k8e3PfXV7crQuYD9wlg/export?format=csv","1nA8w-6A7sYz2Mv1nLGCjh4P4k8e3PfXV7crQuYD9wlg","Use the local artifact as the replacement source after manual approval.","Ref Docs/Work/Marketing/Content Creator Program/Internal Resources - Content Creator Program.xlsx (100, artifact_candidate) | Ref Docs/Work/Marketing/Content Creator Program/Shared Resources - Content Creator.xlsx (30, artifact_candidate) | Ref Docs/Work/Marketing/Affiliate Program/All Affiliate Resources.xlsx (24, artifact_candidate) | Ref Docs/Work/Marketing/Email Outreach/All Email Outreach Resources - TaylorRyanPortfolio (1).xlsx (24, artifact_candidate) | Ref Docs/Work/Marketing/Email Outreach/Email Outreach Templates.xlsx (24, artifact_candidate)",""
"rpm-0562","Public Speaking","Testimonial Resources & Tracking [Sheet] | Prompt - Testimonial Prompt [Doc]","text-url","google-sheet","not_public_auth_required","auth_required","401","re-share from an accessible account, replace, or hide","preserve manifest row; decide hide vs recreate","missing_artifact","","","","","","","","Testimonial Resources","assets/js/marketing_full_data.js","4966","text-url","https://docs.google.com/spreadsheets/d/1nOHwXs4tFvNRnf7SYdY2O-hv6t8x0AvYAUOmHOR68pE/edit?usp=drive_link","https://docs.google.com/spreadsheets/d/1nOHwXs4tFvNRnf7SYdY2O-hv6t8x0AvYAUOmHOR68pE/export?format=csv","1nOHwXs4tFvNRnf7SYdY2O-hv6t8x0AvYAUOmHOR68pE","No likely offline artifact found; keep the manifest record and decide whether to hide the public link or rebuild the resource.","",""
"rpm-0563","Marketing Resources","Case Study Creation Resources [Sheet] | Write a Case Study - Brief [Doc]","text-url","google-sheet","not_public_auth_required","auth_required","401","re-share from an accessible account, replace, or hide","review local artifact, then replace or re-share","matched_artifact","Ref Docs/Work/Marketing/Case Study Creation/Case Study Creation Resources.xlsx","artifact_candidate","100",".xlsx","10699","75bc47a920f98f220f2f599c181e7fdb9a8b4d30eea1a5c57b49c9346781487d","","Case Study Creation Resources","assets/js/marketing_full_data.js","4282","text-url","https://docs.google.com/spreadsheets/d/1o0lO6R3M8tFqZuGOIxibPctDPFjokvw8FUp4iPYC8kI/edit?usp=drive_link","https://docs.google.com/spreadsheets/d/1o0lO6R3M8tFqZuGOIxibPctDPFjokvw8FUp4iPYC8kI/export?format=csv","1o0lO6R3M8tFqZuGOIxibPctDPFjokvw8FUp4iPYC8kI","Use the local artifact as the replacement source after manual approval.","Ref Docs/Work/Marketing/Case Study Creation/Case Study Creation Resources.xlsx (100, artifact_candidate) | Ref Docs/Work/Marketing/Case Study Creation/Klint Case Studies.xlsx (36, artifact_candidate) | Ref Docs/Work/Marketing/Testimonial Creation/All Testimonial Creation Resources.xlsx (24, artifact_candidate)",""
"rpm-0564","Marketing Resources","Affiliate Offer [Sheet] | Reward T&Cs Template [Rewardful]","text-url","google-sheet","not_public_auth_required","auth_required","401","re-share from an accessible account, replace, or hide","review local artifact, then replace or re-share","matched_artifact","Ref Docs/Work/Marketing/Affiliate Program/All Affiliate Resources.xlsx","artifact_candidate","100",".xlsx","19930","4b6c19bec1838a0f4eb6de78d493876aff4132647b668069a204ad4bd8a2c584","","All Affiliate Resources","assets/js/marketing_full_data.js","3921","text-url","https://docs.google.com/spreadsheets/d/1o3lx83-flppwBQ6uMZfiBuOkmRBxLRDfZIizv3GgTLE/","https://docs.google.com/spreadsheets/d/1o3lx83-flppwBQ6uMZfiBuOkmRBxLRDfZIizv3GgTLE/export?format=csv","1o3lx83-flppwBQ6uMZfiBuOkmRBxLRDfZIizv3GgTLE","Use the local artifact as the replacement source after manual approval.","Ref Docs/Work/Marketing/Affiliate Program/All Affiliate Resources.xlsx (100, artifact_candidate) | Ref Docs/Work/Marketing/Content Creator Program/Internal Resources - Content Creator Program.xlsx (24, artifact_candidate) | Ref Docs/Work/Marketing/Content Creator Program/Shared Resources - Content Creator.xlsx (24, artifact_candidate)",""
"rpm-0565","Public Speaking","Testimonial Metrics Examples [Sheet] | Testimonial Inspiration [Sheet]","text-url","google-sheet","not_public_auth_required","auth_required","401","re-share from an accessible account, replace, or hide","preserve manifest row; decide hide vs recreate","missing_artifact","","","","","","","","Testimonial Resources","assets/js/marketing_full_data.js","4814","text-url","https://docs.google.com/spreadsheets/d/1pJjRsaIAPKdWIXrMiUovIJx7nT8c2XbdEIp8k4XRgXI/","https://docs.google.com/spreadsheets/d/1pJjRsaIAPKdWIXrMiUovIJx7nT8c2XbdEIp8k4XRgXI/export?format=csv","1pJjRsaIAPKdWIXrMiUovIJx7nT8c2XbdEIp8k4XRgXI","No likely offline artifact found; keep the manifest record and decide whether to hide the public link or rebuild the resource.","",""
"rpm-0566","Marketing Resources","Contract Templates and Examples - Content Creators [Sheet] | Offer Worksheet Template [Sheet]","text-url","google-sheet","not_public_auth_required","auth_required","401","re-share from an accessible account, replace, or hide","review local artifact, then replace or re-share","matched_artifact","Ref Docs/Work/Marketing/Content Creator Program/Internal Resources - Content Creator Program.xlsx","artifact_candidate","100",".xlsx","24637","ca998a9820976b48306c14fd48f7e385466cdecc42d28d0cae99020814311cae","","Internal Resources - Content Creator Program","assets/js/marketing_full_data.js","273","text-url","https://docs.google.com/spreadsheets/d/1qAmxHh_uNS1fUsYi5aAl-YGgTDBcb2aIxE7sUnge6-0/","https://docs.google.com/spreadsheets/d/1qAmxHh_uNS1fUsYi5aAl-YGgTDBcb2aIxE7sUnge6-0/export?format=csv","1qAmxHh_uNS1fUsYi5aAl-YGgTDBcb2aIxE7sUnge6-0","Use the local artifact as the replacement source after manual approval.","Ref Docs/Work/Marketing/Content Creator Program/Internal Resources - Content Creator Program.xlsx (100, artifact_candidate) | Ref Docs/Work/Marketing/Content Creator Program/Shared Resources - Content Creator.xlsx (30, artifact_candidate) | Ref Docs/Work/Marketing/Affiliate Program/All Affiliate Resources.xlsx (24, artifact_candidate) | Ref Docs/Work/Projects/Marketing/Content Creator Preformance.xlsx (24, artifact_candidate) | Ref Docs/Work/Projects/Marketing/Shared Resources - Content Creator - All Resources.xlsx (24, artifact_candidate)",""
"rpm-0567","Marketing Resources","Infl Discovery Tools [Sheet] | Online Calendar Tools [Sheet]","text-url","google-sheet","not_public_auth_required","auth_required","401","re-share from an accessible account, replace, or hide","review local artifact, then replace or re-share","matched_artifact","Ref Docs/Work/Marketing/Content Creator Program/Internal Resources - Content Creator Program.xlsx","artifact_candidate","100",".xlsx","24637","ca998a9820976b48306c14fd48f7e385466cdecc42d28d0cae99020814311cae","","Internal Resources - Content Creator Program","assets/js/marketing_full_data.js","102","text-url","https://docs.google.com/spreadsheets/d/1Qte--_W7xdXhPOrMftPmbUxfDN6SkgTh_f5X4ki9Ptg/edit?usp=drive_link","https://docs.google.com/spreadsheets/d/1Qte--_W7xdXhPOrMftPmbUxfDN6SkgTh_f5X4ki9Ptg/export?format=csv","1Qte--_W7xdXhPOrMftPmbUxfDN6SkgTh_f5X4ki9Ptg","Use the local artifact as the replacement source after manual approval.","Ref Docs/Work/Marketing/Content Creator Program/Internal Resources - Content Creator Program.xlsx (100, artifact_candidate) | Ref Docs/Work/Marketing/Content Creator Program/Shared Resources - Content Creator.xlsx (30, artifact_candidate) | Ref Docs/Work/Marketing/Affiliate Program/All Affiliate Resources.xlsx (24, artifact_candidate) | Ref Docs/Work/Projects/Marketing/Content Creator Preformance.xlsx (24, artifact_candidate) | Ref Docs/Work/Projects/Marketing/Shared Resources - Content Creator - All Resources.xlsx (24, artifact_candidate)",""
"rpm-0568","Email Outreach","Hyper Personalizaiton Tools [Sheet] | Video hyper-Personalization Examples [Sheet]","text-url","google-sheet","not_public_auth_required","auth_required","401","re-share from an accessible account, replace, or hide","review local artifact, then replace or re-share","matched_artifact","Ref Docs/Work/Marketing/Email Outreach/Hyp-Pers SendSpark Workflow Resources.xlsx","artifact_candidate","100",".xlsx","21978","e336833fd995ab2b85c1b70beb47e8543c7ebc95678fa808d46b487cf00798d4","","Hyp-Pers SendSpark Workflow Resources","assets/js/marketing_full_data.js","3370","text-url","https://docs.google.com/spreadsheets/d/1R4TDwQXfTjN0xe2WzH6_vK_pa_3chdXxvJj7ovaCuzA","https://docs.google.com/spreadsheets/d/1R4TDwQXfTjN0xe2WzH6_vK_pa_3chdXxvJj7ovaCuzA/export?format=csv","1R4TDwQXfTjN0xe2WzH6_vK_pa_3chdXxvJj7ovaCuzA","Use the local artifact as the replacement source after manual approval.","Ref Docs/Work/Marketing/Email Outreach/Hyp-Pers SendSpark Workflow Resources.xlsx (100, artifact_candidate) | Ref Docs/Work/Marketing/Email Outreach/All Email Outreach Resources - TaylorRyanPortfolio (1).xlsx (30, artifact_candidate) | Ref Docs/Work/Marketing/Email Outreach/Email Outreach Templates.xlsx (30, artifact_candidate)",""
"rpm-0569","Email Outreach","Hyp-Pers SendSpark Workflow Resources [Sheet] | Hyp-Pers Sales Recording Workflow - Brief [Doc]","text-url","google-sheet","not_public_auth_required","auth_required","401","re-share from an accessible account, replace, or hide","review local artifact, then replace or re-share","matched_artifact","Ref Docs/Work/Marketing/Email Outreach/Email Outreach Templates.xlsx","artifact_candidate","100",".xlsx","15569","df950e97de6e2d3eb1b0777ab49bfcc1a21fefcbf68a968dbc26431c65dcf07c","","All Email Outreach Resources - TaylorRyanPortfolio | Email Outreach Templates","assets/js/marketing_full_data.js","3332","text-url","https://docs.google.com/spreadsheets/d/1tLtzPMg2lNkJFZAAgiMuO1gSkGtHuz0KqyTDhDkxvRE/edit?usp=drive_link","https://docs.google.com/spreadsheets/d/1tLtzPMg2lNkJFZAAgiMuO1gSkGtHuz0KqyTDhDkxvRE/export?format=csv","1tLtzPMg2lNkJFZAAgiMuO1gSkGtHuz0KqyTDhDkxvRE","Use the local artifact as the replacement source after manual approval.","Ref Docs/Work/Marketing/Email Outreach/Email Outreach Templates.xlsx (100, artifact_candidate) | Ref Docs/Work/Marketing/Email Outreach/Hyp-Pers SendSpark Workflow Resources.xlsx (100, artifact_candidate) | Ref Docs/Work/Marketing/Email Outreach/All Email Outreach Resources - TaylorRyanPortfolio (1).xlsx (90, artifact_candidate)",""
"rpm-0570","Marketing Resources","Shared Resources - Content Creator [Sheet] | Before, During, After Onboarding Call - Sheet [Doc]","text-url","google-sheet","not_public_auth_required","auth_required","401","re-share from an accessible account, replace, or hide","review local artifact, then replace or re-share","matched_artifact","Ref Docs/Work/Marketing/Content Creator Program/Internal Resources - Content Creator Program.xlsx","artifact_candidate","100",".xlsx","24637","ca998a9820976b48306c14fd48f7e385466cdecc42d28d0cae99020814311cae","","Internal Resources - Content Creator Program","assets/js/marketing_full_data.js","691","text-url","https://docs.google.com/spreadsheets/d/1u_sLlgVLfQgVJGhBGnSbezuOC-G51FGDbivvkKl_AaQ/edit?usp=drive_link","https://docs.google.com/spreadsheets/d/1u_sLlgVLfQgVJGhBGnSbezuOC-G51FGDbivvkKl_AaQ/export?format=csv","1u_sLlgVLfQgVJGhBGnSbezuOC-G51FGDbivvkKl_AaQ","Use the local artifact as the replacement source after manual approval.","Ref Docs/Work/Marketing/Content Creator Program/Internal Resources - Content Creator Program.xlsx (100, artifact_candidate) | Ref Docs/Work/Marketing/Content Creator Program/Shared Resources - Content Creator.xlsx (88, artifact_candidate) | Ref Docs/Work/Marketing/Affiliate Program/All Affiliate Resources.xlsx (24, artifact_candidate) | Ref Docs/Work/Projects/Marketing/Content Creator Preformance.xlsx (24, artifact_candidate) | Ref Docs/Work/Projects/Marketing/Shared Resources - Content Creator - All Resources.xlsx (24, artifact_candidate)",""
"rpm-0571","Marketing Resources","Case Studies Examples - Competitors [Sheet] | All Affiliate Resources [Sheet]","text-url","google-sheet","not_public_auth_required","auth_required","401","re-share from an accessible account, replace, or hide","review local artifact, then replace or re-share","matched_artifact","Ref Docs/Work/Marketing/Affiliate Program/All Affiliate Resources.xlsx","artifact_candidate","100",".xlsx","19930","4b6c19bec1838a0f4eb6de78d493876aff4132647b668069a204ad4bd8a2c584","","Case Study Creation Resources | All Affiliate Resources","assets/js/marketing_full_data.js","4225","text-url","https://docs.google.com/spreadsheets/d/1U5rBZd3MP34stHiptnCJQR5Sp6zH4EmRe8pC-3HDjjg/","https://docs.google.com/spreadsheets/d/1U5rBZd3MP34stHiptnCJQR5Sp6zH4EmRe8pC-3HDjjg/export?format=csv","1U5rBZd3MP34stHiptnCJQR5Sp6zH4EmRe8pC-3HDjjg","Use the local artifact as the replacement source after manual approval.","Ref Docs/Work/Marketing/Affiliate Program/All Affiliate Resources.xlsx (100, artifact_candidate) | Ref Docs/Work/Marketing/Case Study Creation/Case Study Creation Resources.xlsx (100, artifact_candidate) | Ref Docs/Work/Marketing/Case Study Creation/Klint Case Studies.xlsx (36, artifact_candidate) | Ref Docs/Work/Marketing/Testimonial Creation/All Testimonial Creation Resources.xlsx (24, artifact_candidate)",""
"rpm-0572","Marketing Resources","Klint Case Studies [Sheet] | Tips for Case Study Interviewees [Doc]","text-url","google-sheet","not_public_auth_required","auth_required","401","re-share from an accessible account, replace, or hide","review local artifact, then replace or re-share","matched_artifact","Ref Docs/Work/Marketing/Case Study Creation/Case Study Creation Resources.xlsx","artifact_candidate","100",".xlsx","10699","75bc47a920f98f220f2f599c181e7fdb9a8b4d30eea1a5c57b49c9346781487d","","Case Study Creation Resources","assets/js/marketing_full_data.js","4453","text-url","https://docs.google.com/spreadsheets/d/1uDfDWExidRCUl30F413FNT9Tfao_A5ijN_wxEBVdcnM/","https://docs.google.com/spreadsheets/d/1uDfDWExidRCUl30F413FNT9Tfao_A5ijN_wxEBVdcnM/export?format=csv","1uDfDWExidRCUl30F413FNT9Tfao_A5ijN_wxEBVdcnM","Use the local artifact as the replacement source after manual approval.","Ref Docs/Work/Marketing/Case Study Creation/Case Study Creation Resources.xlsx (100, artifact_candidate) | Ref Docs/Work/Marketing/Case Study Creation/Klint Case Studies.xlsx (94, artifact_candidate) | Ref Docs/Work/Marketing/Testimonial Creation/All Testimonial Creation Resources.xlsx (24, artifact_candidate)",""
"rpm-0573","Marketing Resources","Brand Assets [Sheet] | All Web Links [Sheet]","text-url","google-sheet","not_public_auth_required","auth_required","401","re-share from an accessible account, replace, or hide","review local artifact, then replace or re-share","matched_artifact","Ref Docs/Work/Marketing/Content Creator Program/Internal Resources - Content Creator Program.xlsx","artifact_candidate","100",".xlsx","24637","ca998a9820976b48306c14fd48f7e385466cdecc42d28d0cae99020814311cae","","Internal Resources - Content Creator Program","assets/js/marketing_full_data.js","938","text-url","https://docs.google.com/spreadsheets/d/1uDi0niLtvJgT43ycvPLxxChFUqZAXOzTYCUdO4T73ho/","https://docs.google.com/spreadsheets/d/1uDi0niLtvJgT43ycvPLxxChFUqZAXOzTYCUdO4T73ho/export?format=csv","1uDi0niLtvJgT43ycvPLxxChFUqZAXOzTYCUdO4T73ho","Use the local artifact as the replacement source after manual approval.","Ref Docs/Work/Marketing/Content Creator Program/Internal Resources - Content Creator Program.xlsx (100, artifact_candidate) | Ref Docs/Work/Marketing/Content Creator Program/Shared Resources - Content Creator.xlsx (30, artifact_candidate) | Ref Docs/Work/Marketing/Social Media/Content Ceation.csv (30, artifact_candidate) | Ref Docs/Work/Marketing/Social Media/Content Publishing.csv (30, artifact_candidate) | Ref Docs/Work/Marketing/Social Media/Content Strategy.csv (30, artifact_candidate)",""
"rpm-0574","Marketing Resources","SoMe Channels - Discovery [Sheet] | Infl. Targeting - Brief [Doc]","text-url","google-sheet","not_public_auth_required","auth_required","401","re-share from an accessible account, replace, or hide","review local artifact, then replace or re-share","matched_artifact","Ref Docs/Work/Marketing/Content Creator Program/Internal Resources - Content Creator Program.xlsx","artifact_candidate","100",".xlsx","24637","ca998a9820976b48306c14fd48f7e385466cdecc42d28d0cae99020814311cae","","Internal Resources - Content Creator Program","assets/js/marketing_full_data.js","178","text-url","https://docs.google.com/spreadsheets/d/1VxLkOPfwpizO-59EIEbK9vm45nPsa6l9CV1yAcbndR8/","https://docs.google.com/spreadsheets/d/1VxLkOPfwpizO-59EIEbK9vm45nPsa6l9CV1yAcbndR8/export?format=csv","1VxLkOPfwpizO-59EIEbK9vm45nPsa6l9CV1yAcbndR8","Use the local artifact as the replacement source after manual approval.","Ref Docs/Work/Marketing/Content Creator Program/Internal Resources - Content Creator Program.xlsx (100, artifact_candidate) | Ref Docs/Work/Marketing/Content Creator Program/Shared Resources - Content Creator.xlsx (30, artifact_candidate) | Ref Docs/Work/Marketing/Social Media/Content Ceation.csv (30, artifact_candidate) | Ref Docs/Work/Marketing/Social Media/Content Publishing.csv (30, artifact_candidate) | Ref Docs/Work/Marketing/Social Media/Content Strategy.csv (30, artifact_candidate)",""
"rpm-0575","Marketing Resources","Warmup Schedule + Limits[Sheet] | Linkedin Automation Tools [Sheet]","text-url","google-sheet","not_public_auth_required","auth_required","401","re-share from an accessible account, replace, or hide","review local artifact, then replace or re-share","matched_artifact","Ref Docs/Work/Marketing/Content Creator Program/Internal Resources - Content Creator Program.xlsx","artifact_candidate","100",".xlsx","24637","ca998a9820976b48306c14fd48f7e385466cdecc42d28d0cae99020814311cae","","Internal Resources - Content Creator Program","assets/js/marketing_full_data.js","349","text-url","https://docs.google.com/spreadsheets/d/1xgYme0KOjhw6jBBJQBDQl5_-TnQ4NG2JVjlec2BESxE","https://docs.google.com/spreadsheets/d/1xgYme0KOjhw6jBBJQBDQl5_-TnQ4NG2JVjlec2BESxE/export?format=csv","1xgYme0KOjhw6jBBJQBDQl5_-TnQ4NG2JVjlec2BESxE","Use the local artifact as the replacement source after manual approval.","Ref Docs/Work/Marketing/Content Creator Program/Internal Resources - Content Creator Program.xlsx (100, artifact_candidate) | Ref Docs/Work/Marketing/Content Creator Program/Shared Resources - Content Creator.xlsx (30, artifact_candidate) | Ref Docs/Work/Marketing/Affiliate Program/All Affiliate Resources.xlsx (24, artifact_candidate) | Ref Docs/Work/Marketing/Email Outreach/All Email Outreach Resources - TaylorRyanPortfolio (1).xlsx (24, artifact_candidate) | Ref Docs/Work/Marketing/Email Outreach/Email Outreach Templates.xlsx (24, artifact_candidate)",""
"rpm-0576","Marketing Resources","FAQ Affiliate [Sheet] | Building Affiliate FAQ - Brief [Doc]","text-url","google-sheet","not_public_auth_required","auth_required","401","re-share from an accessible account, replace, or hide","review local artifact, then replace or re-share","matched_artifact","Ref Docs/Work/Marketing/Affiliate Program/All Affiliate Resources.xlsx","artifact_candidate","100",".xlsx","19930","4b6c19bec1838a0f4eb6de78d493876aff4132647b668069a204ad4bd8a2c584","","All Affiliate Resources","assets/js/marketing_full_data.js","3959","text-url","https://docs.google.com/spreadsheets/d/1XHJtEuv_UQCH62zSwKEtinfUUr5ScxGFek866zGBZTc/","https://docs.google.com/spreadsheets/d/1XHJtEuv_UQCH62zSwKEtinfUUr5ScxGFek866zGBZTc/export?format=csv","1XHJtEuv_UQCH62zSwKEtinfUUr5ScxGFek866zGBZTc","Use the local artifact as the replacement source after manual approval.","Ref Docs/Work/Marketing/Affiliate Program/All Affiliate Resources.xlsx (100, artifact_candidate) | Ref Docs/Work/Marketing/Content Creator Program/Internal Resources - Content Creator Program.xlsx (24, artifact_candidate) | Ref Docs/Work/Marketing/Content Creator Program/Shared Resources - Content Creator.xlsx (24, artifact_candidate)",""
"rpm-0577","Marketing Resources","Phone Verification [Sheet] | Proxy Services [Sheet]","text-url","google-sheet","not_public_auth_required","auth_required","401","re-share from an accessible account, replace, or hide","review local artifact, then replace or re-share","matched_artifact","Ref Docs/Work/Marketing/Content Creator Program/Internal Resources - Content Creator Program.xlsx","artifact_candidate","100",".xlsx","24637","ca998a9820976b48306c14fd48f7e385466cdecc42d28d0cae99020814311cae","","Internal Resources - Content Creator Program","assets/js/marketing_full_data.js","387","text-url","https://docs.google.com/spreadsheets/d/1XKlJPu3To2yCcEXlajxIe-LF_nLAGvXoqRqdBwcisvM/","https://docs.google.com/spreadsheets/d/1XKlJPu3To2yCcEXlajxIe-LF_nLAGvXoqRqdBwcisvM/export?format=csv","1XKlJPu3To2yCcEXlajxIe-LF_nLAGvXoqRqdBwcisvM","Use the local artifact as the replacement source after manual approval.","Ref Docs/Work/Marketing/Content Creator Program/Internal Resources - Content Creator Program.xlsx (100, artifact_candidate) | Ref Docs/Work/Marketing/Content Creator Program/Shared Resources - Content Creator.xlsx (30, artifact_candidate) | Ref Docs/Work/Marketing/Affiliate Program/All Affiliate Resources.xlsx (24, artifact_candidate) | Ref Docs/Work/Marketing/Email Outreach/All Email Outreach Resources - TaylorRyanPortfolio (1).xlsx (24, artifact_candidate) | Ref Docs/Work/Marketing/Email Outreach/Email Outreach Templates.xlsx (24, artifact_candidate)",""
"rpm-0578","Marketing Resources","Offer Worksheet Template - Internal [Sheet] | Brief - Influencer Marketing - Process + WorkFlow [Doc]","text-url","google-sheet","not_public_auth_required","auth_required","401","re-share from an accessible account, replace, or hide","review local artifact, then replace or re-share","matched_artifact","Ref Docs/Work/Marketing/Content Creator Program/Internal Resources - Content Creator Program.xlsx","artifact_candidate","100",".xlsx","24637","ca998a9820976b48306c14fd48f7e385466cdecc42d28d0cae99020814311cae","","Internal Resources - Content Creator Program","assets/js/marketing_full_data.js","45","text-url","https://docs.google.com/spreadsheets/d/1YF0Md3Peidb_wM1Hjc_zZuqJU9Ib8a4ISA0_ubJ0GTs/","https://docs.google.com/spreadsheets/d/1YF0Md3Peidb_wM1Hjc_zZuqJU9Ib8a4ISA0_ubJ0GTs/export?format=csv","1YF0Md3Peidb_wM1Hjc_zZuqJU9Ib8a4ISA0_ubJ0GTs","Use the local artifact as the replacement source after manual approval.","Ref Docs/Work/Marketing/Content Creator Program/Internal Resources - Content Creator Program.xlsx (100, artifact_candidate) | Ref Docs/Work/Marketing/Affiliate Program/All Affiliate Resources.xlsx (30, artifact_candidate) | Ref Docs/Work/Marketing/Content Creator Program/Shared Resources - Content Creator.xlsx (30, artifact_candidate) | Ref Docs/Work/Marketing/Social Media/Content Strategy.csv (24, artifact_candidate) | Ref Docs/Work/Projects/Marketing/Content Creator Preformance.xlsx (24, artifact_candidate)",""
"rpm-0579","Marketing Resources","Affiliate Competitor Inspiration [Sheet] | Aff. Competitor Page Sections - Whiteboard - Brief [Doc]","text-url","google-sheet","not_public_auth_required","auth_required","401","re-share from an accessible account, replace, or hide","review local artifact, then replace or re-share","matched_artifact","Ref Docs/Work/Marketing/Affiliate Program/All Affiliate Resources.xlsx","artifact_candidate","100",".xlsx","19930","4b6c19bec1838a0f4eb6de78d493876aff4132647b668069a204ad4bd8a2c584","","All Affiliate Resources","assets/js/marketing_full_data.js","3826","text-url","https://docs.google.com/spreadsheets/d/1ZJ5P--qfRTcY0ImldBhp90k7cEjug90Mn7KiPkjDM7w/","https://docs.google.com/spreadsheets/d/1ZJ5P--qfRTcY0ImldBhp90k7cEjug90Mn7KiPkjDM7w/export?format=csv","1ZJ5P--qfRTcY0ImldBhp90k7cEjug90Mn7KiPkjDM7w","Use the local artifact as the replacement source after manual approval.","Ref Docs/Work/Marketing/Affiliate Program/All Affiliate Resources.xlsx (100, artifact_candidate) | Ref Docs/Work/Marketing/Content Creator Program/Internal Resources - Content Creator Program.xlsx (24, artifact_candidate) | Ref Docs/Work/Marketing/Content Creator Program/Shared Resources - Content Creator.xlsx (24, artifact_candidate)",""
"rpm-0580","Public Speaking","Testimonial Inspiration [Sheet] | All Testimonial Creation Resources [Sheet]","text-url","google-sheet","not_public_auth_required","auth_required","401","re-share from an accessible account, replace, or hide","review local artifact, then replace or re-share","matched_artifact","Ref Docs/Work/Marketing/Case Study Creation/Klint Case Studies.xlsx","artifact_candidate","100",".xlsx","19712","e0df6da16474760aba6659974b0d5829dd1115aac4236bc9a3eb40edaca62619","","Testimonial Resources | Klint Case Studies","assets/js/marketing_full_data.js","4795","text-url","https://docs.google.com/spreadsheets/d/1ZnjCIMfOufYeCMNDZrViEx08_2vKk0TwPNhFSAN_ZBU/","https://docs.google.com/spreadsheets/d/1ZnjCIMfOufYeCMNDZrViEx08_2vKk0TwPNhFSAN_ZBU/export?format=csv","1ZnjCIMfOufYeCMNDZrViEx08_2vKk0TwPNhFSAN_ZBU","Use the local artifact as the replacement source after manual approval.","Ref Docs/Work/Marketing/Case Study Creation/Klint Case Studies.xlsx (100, artifact_candidate) | Ref Docs/Work/Marketing/Testimonial Creation/All Testimonial Creation Resources.xlsx (78, artifact_candidate)",""
"rpm-0581","Social / Some Work","SoMe Content Pillars [Sheet]","text-url","google-sheet","not_public_auth_required","auth_required","401","re-share from an accessible account, replace, or hide","review candidate offline file before changing link","possible_artifact","Ref Docs/Work/Marketing/Social Media/Content Publishing.csv","source_index_candidate","93",".csv","4611","462f153264c6c844314a231eb6738be4e8d83af9cefa80bb3ebe671d8316082a","Ref Docs/Work/Marketing/Social Media/Content Publishing.csv","","assets/js/social_media_data.js","6","text-url","https://docs.google.com/spreadsheets/d/1u2OsTEPvoXCJtX6U_fhfLCuahrQIIBVE9v2woWRsfco/","https://docs.google.com/spreadsheets/d/1u2OsTEPvoXCJtX6U_fhfLCuahrQIIBVE9v2woWRsfco/export?format=csv","1u2OsTEPvoXCJtX6U_fhfLCuahrQIIBVE9v2woWRsfco","Open the candidate file and confirm it is the same artifact before replacing the URL.","Ref Docs/Work/Marketing/Social Media/Content Publishing.csv (93, source_index_candidate) | Ref Docs/Work/Marketing/Social Media/Content Strategy.csv (38, artifact_candidate) | Ref Docs/Work/Marketing/Social Media/Content Ceation.csv (31, artifact_candidate)",""
"rpm-0582","Social / Some Work","Organic Search Volume Calculator 🚀 | On-Page SEO Optimization Template","Article","google-sheet","not_public_auth_required","auth_required","401","re-share from an accessible account, replace, or hide","preserve manifest row; decide hide vs recreate","missing_artifact","Ref Docs/Work/Marketing/Social Media/Content Ceation.csv","artifact_candidate","29",".csv","8387","6685f92551b34b9eb670dfa3e84853d0b3daf9a57e7fc3cf2a951eb120e74644","","","assets/js/some_work_data.js","5687","text-url","https://docs.google.com/spreadsheets/d/1gep98UU16r5EQKcipSsaoFOIM7soW11cv9eHPaUkGss/edit#gid=2139166165","https://docs.google.com/spreadsheets/d/1gep98UU16r5EQKcipSsaoFOIM7soW11cv9eHPaUkGss/export?format=csv","1gep98UU16r5EQKcipSsaoFOIM7soW11cv9eHPaUkGss","No likely offline artifact found; keep the manifest record and decide whether to hide the public link or rebuild the resource.","Ref Docs/Work/Marketing/Social Media/Content Ceation.csv (29, artifact_candidate) | Ref Docs/Work/Marketing/Social Media/Content Publishing.csv (29, artifact_candidate) | Ref Docs/Work/Marketing/Social Media/Content Strategy.csv (29, artifact_candidate)",""
"rpm-0583","Social / Some Work","Prioritize your SEO with this worksheet 👇 | Organic Search Volume Calculator \ud83d\ude80","Article","google-sheet","not_public_auth_required","auth_required","401","re-share from an accessible account, replace, or hide","preserve manifest row; decide hide vs recreate","missing_artifact","Ref Docs/Work/Marketing/Social Media/Content Ceation.csv","artifact_candidate","29",".csv","8387","6685f92551b34b9eb670dfa3e84853d0b3daf9a57e7fc3cf2a951eb120e74644","","","assets/js/some_work_data.js","5712","text-url","https://docs.google.com/spreadsheets/d/1HHiusISxGZG8AUOleVCGKERq6v6eYYR8QA_D8yEyYs8/edit#gid=2145303090","https://docs.google.com/spreadsheets/d/1HHiusISxGZG8AUOleVCGKERq6v6eYYR8QA_D8yEyYs8/export?format=csv","1HHiusISxGZG8AUOleVCGKERq6v6eYYR8QA_D8yEyYs8","No likely offline artifact found; keep the manifest record and decide whether to hide the public link or rebuild the resource.","Ref Docs/Work/Marketing/Social Media/Content Ceation.csv (29, artifact_candidate) | Ref Docs/Work/Marketing/Social Media/Content Publishing.csv (29, artifact_candidate) | Ref Docs/Work/Marketing/Social Media/Content Strategy.csv (29, artifact_candidate)",""
"rpm-0584","Social / Some Work","Keyword Research Template | Strategies for Website Traffic Growth","Article","google-sheet","not_public_auth_required","auth_required","401","re-share from an accessible account, replace, or hide","preserve manifest row; decide hide vs recreate","missing_artifact","Ref Docs/Work/Marketing/Social Media/Content Ceation.csv","artifact_candidate","29",".csv","8387","6685f92551b34b9eb670dfa3e84853d0b3daf9a57e7fc3cf2a951eb120e74644","","","assets/js/some_work_data.js","5637","text-url","https://docs.google.com/spreadsheets/d/1j0VHHw7FEyDaLQQwiSXJIHcAyOHbg4zIEu6rlDCsZyI/edit#gid=1409395985","https://docs.google.com/spreadsheets/d/1j0VHHw7FEyDaLQQwiSXJIHcAyOHbg4zIEu6rlDCsZyI/export?format=csv","1j0VHHw7FEyDaLQQwiSXJIHcAyOHbg4zIEu6rlDCsZyI","No likely offline artifact found; keep the manifest record and decide whether to hide the public link or rebuild the resource.","Ref Docs/Work/Marketing/Social Media/Content Ceation.csv (29, artifact_candidate) | Ref Docs/Work/Marketing/Social Media/Content Publishing.csv (29, artifact_candidate) | Ref Docs/Work/Marketing/Social Media/Content Strategy.csv (29, artifact_candidate)",""
"rpm-0585","Social / Some Work","On-Page SEO Optimization Template | Keyword Research Template","Article","google-sheet","not_public_auth_required","auth_required","401","re-share from an accessible account, replace, or hide","preserve manifest row; decide hide vs recreate","missing_artifact","Ref Docs/Work/Marketing/Social Media/Content Ceation.csv","artifact_candidate","29",".csv","8387","6685f92551b34b9eb670dfa3e84853d0b3daf9a57e7fc3cf2a951eb120e74644","","","assets/js/some_work_data.js","5662","text-url","https://docs.google.com/spreadsheets/d/1jDB7ESvqo-r0Q1q4VvWcsra1hXk29C__eBlAb8losoI/edit#gid=1470233640","https://docs.google.com/spreadsheets/d/1jDB7ESvqo-r0Q1q4VvWcsra1hXk29C__eBlAb8losoI/export?format=csv","1jDB7ESvqo-r0Q1q4VvWcsra1hXk29C__eBlAb8losoI","No likely offline artifact found; keep the manifest record and decide whether to hide the public link or rebuild the resource.","Ref Docs/Work/Marketing/Social Media/Content Ceation.csv (29, artifact_candidate) | Ref Docs/Work/Marketing/Social Media/Content Publishing.csv (29, artifact_candidate) | Ref Docs/Work/Marketing/Social Media/Content Strategy.csv (29, artifact_candidate)",""
"rpm-0586","Social / Some Work","📰 100+ Best Performing Headline Formulas 📰 | How to Write Better Headlines","Article","google-sheet","not_public_auth_required","auth_required","401","re-share from an accessible account, replace, or hide","preserve manifest row; decide hide vs recreate","missing_artifact","Ref Docs/Work/Marketing/Social Media/Content Ceation.csv","artifact_candidate","29",".csv","8387","6685f92551b34b9eb670dfa3e84853d0b3daf9a57e7fc3cf2a951eb120e74644","","","assets/js/some_work_data.js","5838","text-url","https://docs.google.com/spreadsheets/d/1rQ47NI3cXMwFG-GkDgyLCSrn0uqqVXFnQTsQfqz9Q3U/edit#gid=0","https://docs.google.com/spreadsheets/d/1rQ47NI3cXMwFG-GkDgyLCSrn0uqqVXFnQTsQfqz9Q3U/export?format=csv","1rQ47NI3cXMwFG-GkDgyLCSrn0uqqVXFnQTsQfqz9Q3U","No likely offline artifact found; keep the manifest record and decide whether to hide the public link or rebuild the resource.","Ref Docs/Work/Marketing/Social Media/Content Ceation.csv (29, artifact_candidate) | Ref Docs/Work/Marketing/Social Media/Content Publishing.csv (29, artifact_candidate) | Ref Docs/Work/Marketing/Social Media/Content Strategy.csv (29, artifact_candidate)",""
"rpm-0587","Social / Some Work","SEO Competitor Analysis with MozTemplate ✅ | Prioritize your SEO with this worksheet \ud83d\udc47","Article","google-sheet","not_public_auth_required","auth_required","401","re-share from an accessible account, replace, or hide","preserve manifest row; decide hide vs recreate","missing_artifact","Ref Docs/Work/Marketing/Social Media/Content Ceation.csv","artifact_candidate","29",".csv","8387","6685f92551b34b9eb670dfa3e84853d0b3daf9a57e7fc3cf2a951eb120e74644","","","assets/js/some_work_data.js","5737","text-url","https://docs.google.com/spreadsheets/d/1rXP_VpU_mC7x4_Y18qslIRlY4cpJcr6tki-YeP66CwQ/edit#gid=1640336161","https://docs.google.com/spreadsheets/d/1rXP_VpU_mC7x4_Y18qslIRlY4cpJcr6tki-YeP66CwQ/export?format=csv","1rXP_VpU_mC7x4_Y18qslIRlY4cpJcr6tki-YeP66CwQ","No likely offline artifact found; keep the manifest record and decide whether to hide the public link or rebuild the resource.","Ref Docs/Work/Marketing/Social Media/Content Ceation.csv (29, artifact_candidate) | Ref Docs/Work/Marketing/Social Media/Content Publishing.csv (29, artifact_candidate) | Ref Docs/Work/Marketing/Social Media/Content Strategy.csv (29, artifact_candidate)",""
"rpm-0588","Social / Some Work","SEO Site audit checklist | Schema Markup Template","Article","google-sheet","not_public_auth_required","auth_required","401","re-share from an accessible account, replace, or hide","preserve manifest row; decide hide vs recreate","missing_artifact","Ref Docs/Work/Marketing/Social Media/Content Ceation.csv","artifact_candidate","29",".csv","8387","6685f92551b34b9eb670dfa3e84853d0b3daf9a57e7fc3cf2a951eb120e74644","","","assets/js/some_work_data.js","5888","text-url","https://docs.google.com/spreadsheets/d/1STvXZAPyflgJCfqz6-Lxv_AADTo40f3B1xr6ecud_aU/edit","https://docs.google.com/spreadsheets/d/1STvXZAPyflgJCfqz6-Lxv_AADTo40f3B1xr6ecud_aU/export?format=csv","1STvXZAPyflgJCfqz6-Lxv_AADTo40f3B1xr6ecud_aU","No likely offline artifact found; keep the manifest record and decide whether to hide the public link or rebuild the resource.","Ref Docs/Work/Marketing/Social Media/Content Ceation.csv (29, artifact_candidate) | Ref Docs/Work/Marketing/Social Media/Content Publishing.csv (29, artifact_candidate) | Ref Docs/Work/Marketing/Social Media/Content Strategy.csv (29, artifact_candidate)",""
"rpm-0589","Social / Some Work","Schema Markup Template | \ud83d\udcf0 100+ Best Performing Headline Formulas \ud83d\udcf0","Article","google-sheet","not_public_auth_required","auth_required","401","re-share from an accessible account, replace, or hide","preserve manifest row; decide hide vs recreate","missing_artifact","Ref Docs/Work/Marketing/Social Media/Content Ceation.csv","artifact_candidate","29",".csv","8387","6685f92551b34b9eb670dfa3e84853d0b3daf9a57e7fc3cf2a951eb120e74644","","","assets/js/some_work_data.js","5863","text-url","https://docs.google.com/spreadsheets/d/1YnaC68SAVGXJ9u7MbIS67eEPXxlozZqiWGKA0EiM6KE/edit#gid=630364370","https://docs.google.com/spreadsheets/d/1YnaC68SAVGXJ9u7MbIS67eEPXxlozZqiWGKA0EiM6KE/export?format=csv","1YnaC68SAVGXJ9u7MbIS67eEPXxlozZqiWGKA0EiM6KE","No likely offline artifact found; keep the manifest record and decide whether to hide the public link or rebuild the resource.","Ref Docs/Work/Marketing/Social Media/Content Ceation.csv (29, artifact_candidate) | Ref Docs/Work/Marketing/Social Media/Content Publishing.csv (29, artifact_candidate) | Ref Docs/Work/Marketing/Social Media/Content Strategy.csv (29, artifact_candidate)",""
"rpm-0590","Social / Some Work","Keyword Map Template 🚀 | SEO Competitor Analysis with MozTemplate \u2705","Article","google-sheet","not_public_auth_required","auth_required","401","re-share from an accessible account, replace, or hide","preserve manifest row; decide hide vs recreate","missing_artifact","Ref Docs/Work/Marketing/Social Media/Content Ceation.csv","artifact_candidate","29",".csv","8387","6685f92551b34b9eb670dfa3e84853d0b3daf9a57e7fc3cf2a951eb120e74644","","","assets/js/some_work_data.js","5762","text-url","https://docs.google.com/spreadsheets/d/1ZBtijbIqRXt_ewQywFx3d3q0wpDOSMSgBxBCLoQlL8A/edit","https://docs.google.com/spreadsheets/d/1ZBtijbIqRXt_ewQywFx3d3q0wpDOSMSgBxBCLoQlL8A/export?format=csv","1ZBtijbIqRXt_ewQywFx3d3q0wpDOSMSgBxBCLoQlL8A","No likely offline artifact found; keep the manifest record and decide whether to hide the public link or rebuild the resource.","Ref Docs/Work/Marketing/Social Media/Content Ceation.csv (29, artifact_candidate) | Ref Docs/Work/Marketing/Social Media/Content Publishing.csv (29, artifact_candidate) | Ref Docs/Work/Marketing/Social Media/Content Strategy.csv (29, artifact_candidate)",""
"rpm-0591","General Portfolio","testimonials","Testimonials","google-sheet","not_public_auth_required","auth_required","401","re-share from an accessible account, replace, or hide","preserve manifest row; decide hide vs recreate","missing_artifact","","","","","","","","","assets/js/work_sidebar.js","112","text-url","https://docs.google.com/spreadsheets/d/1ap9ahRJvg52P2rLBM5n_3csCoOagS06uErSMeFNMXOk/edit","https://docs.google.com/spreadsheets/d/1ap9ahRJvg52P2rLBM5n_3csCoOagS06uErSMeFNMXOk/export?format=csv","1ap9ahRJvg52P2rLBM5n_3csCoOagS06uErSMeFNMXOk","No likely offline artifact found; keep the manifest record and decide whether to hide the public link or rebuild the resource.","",""
"rpm-0592","Writing","Google resource 1MHkVYREC31o3o3BpDiBn9ONkul-rraPqfJ-Zw_A7Rg0","href","google-sheet","not_public_auth_required","auth_required","401","re-share from an accessible account, replace, or hide","preserve source index; recover/export actual artifact","source_index_only","Ref Docs/Work/Quests/Writing/ref_overview_v3_with_links.txt","source_index_candidate","72",".txt","15975","3f1dc4a92208cd491ac288c0c3fedb218e43ed07af9052b8aab0d9090d0eb789","Ref Docs/Work/Quests/Writing/ref_overview_v3_with_links.txt | Ref Docs/Work/Quests/Writing/V1Overview & Summary - Quest Portfolio(4).md","","DEPLOY_PUBLIC/overview_blog_content/index.html","112","text-url | href","https://docs.google.com/spreadsheets/d/1MHkVYREC31o3o3BpDiBn9ONkul-rraPqfJ-Zw_A7Rg0/","https://docs.google.com/spreadsheets/d/1MHkVYREC31o3o3BpDiBn9ONkul-rraPqfJ-Zw_A7Rg0/export?format=csv","1MHkVYREC31o3o3BpDiBn9ONkul-rraPqfJ-Zw_A7Rg0","The local file preserves the row/source list, not necessarily the artifact content; recover or recreate before deleting.","Ref Docs/Work/Quests/Writing/ref_overview_v3_with_links.txt (72, source_index_candidate) | Ref Docs/Work/Quests/Writing/V1Overview & Summary - Quest Portfolio(4).md (72, source_index_candidate)","Local source/index file exists, but the actual artifact still needs recovery or export."
"rpm-0593","Writing","Google resource 1XCSPPtPudlugbUJDgbAU7Iy5VW9GYA2uJhpVKWjbYU0","href","google-sheet","not_public_auth_required","auth_required","401","re-share from an accessible account, replace, or hide","preserve source index; recover/export actual artifact","source_index_only","Ref Docs/Work/Quests/Writing/ref_overview_v3_with_links.txt","source_index_candidate","72",".txt","15975","3f1dc4a92208cd491ac288c0c3fedb218e43ed07af9052b8aab0d9090d0eb789","Ref Docs/Work/Quests/Writing/ref_overview_v3_with_links.txt | Ref Docs/Work/Quests/Writing/V1Overview & Summary - Quest Portfolio(4).md","","DEPLOY_PUBLIC/overview_blog_content/index.html","113","text-url | href","https://docs.google.com/spreadsheets/d/1XCSPPtPudlugbUJDgbAU7Iy5VW9GYA2uJhpVKWjbYU0/","https://docs.google.com/spreadsheets/d/1XCSPPtPudlugbUJDgbAU7Iy5VW9GYA2uJhpVKWjbYU0/export?format=csv","1XCSPPtPudlugbUJDgbAU7Iy5VW9GYA2uJhpVKWjbYU0","The local file preserves the row/source list, not necessarily the artifact content; recover or recreate before deleting.","Ref Docs/Work/Quests/Writing/ref_overview_v3_with_links.txt (72, source_index_candidate) | Ref Docs/Work/Quests/Writing/V1Overview & Summary - Quest Portfolio(4).md (72, source_index_candidate)","Local source/index file exists, but the actual artifact still needs recovery or export."
"rpm-0594","Public Speaking","Google resource 1ap9ahRJvg52P2rLBM5n_3csCoOagS06uErSMeFNMXOk","href","google-sheet","not_public_auth_required","auth_required","401","re-share from an accessible account, replace, or hide","preserve manifest row; decide hide vs recreate","missing_artifact","","","","","","","","","DEPLOY_PUBLIC/work_speaker/index.html","216","text-url | href","https://docs.google.com/spreadsheets/d/1ap9ahRJvg52P2rLBM5n_3csCoOagS06uErSMeFNMXOk/","https://docs.google.com/spreadsheets/d/1ap9ahRJvg52P2rLBM5n_3csCoOagS06uErSMeFNMXOk/export?format=csv","1ap9ahRJvg52P2rLBM5n_3csCoOagS06uErSMeFNMXOk","No likely offline artifact found; keep the manifest record and decide whether to hide the public link or rebuild the resource.","",""
"rpm-0595","Marketing Resources","Content Creator Overview Template [PPT] | Taylor Ryan - Content Creator Program - TR Slides","text-url","google-slide","not_public_auth_required","auth_required","401","re-share from an accessible account, replace, or hide","preserve source index; recover/export actual artifact","source_index_only","Ref Docs/Work/Marketing/Content Creator Program/Internal Resources - Content Creator Program.xlsx","source_index_candidate","67",".xlsx","24637","ca998a9820976b48306c14fd48f7e385466cdecc42d28d0cae99020814311cae","","Internal Resources - Content Creator Program","assets/js/marketing_data.js","458","text-url","https://docs.google.com/presentation/d/1ancybQkX6jt5sX71aYOkB-RAy79grNfz6CSzopGeJKo/edit?usp=drive_link","https://docs.google.com/presentation/d/1ancybQkX6jt5sX71aYOkB-RAy79grNfz6CSzopGeJKo/export/pdf","1ancybQkX6jt5sX71aYOkB-RAy79grNfz6CSzopGeJKo","The local file preserves the row/source list, not necessarily the artifact content; recover or recreate before deleting.","Ref Docs/Work/Marketing/Content Creator Program/Internal Resources - Content Creator Program.xlsx (67, source_index_candidate) | Ref Docs/Work/Writing/Archived_PDFs/Taylor Ryan’s Top 5 Marketing and Efficiency - Taylor [PDF].pdf (24, artifact_candidate)","Local source/index file exists, but the actual artifact still needs recovery or export."
"rpm-0596","Marketing Resources","Content Creator Overview Template [PPT] | Build Infl. Resources- Brief [Doc]","text-url","google-slide","not_public_auth_required","auth_required","401","re-share from an accessible account, replace, or hide","preserve source index; recover/export actual artifact","source_index_only","Ref Docs/Work/Marketing/Content Creator Program/Internal Resources - Content Creator Program.xlsx","source_index_candidate","66",".xlsx","24637","ca998a9820976b48306c14fd48f7e385466cdecc42d28d0cae99020814311cae","","Internal Resources - Content Creator Program","assets/js/marketing_full_data.js","729","text-url","https://docs.google.com/presentation/d/1ancybQkX6jt5sX71aYOkB-RAy79grNfz6CSzopGeJKo/","https://docs.google.com/presentation/d/1ancybQkX6jt5sX71aYOkB-RAy79grNfz6CSzopGeJKo/export/pdf","1ancybQkX6jt5sX71aYOkB-RAy79grNfz6CSzopGeJKo","The local file preserves the row/source list, not necessarily the artifact content; recover or recreate before deleting.","Ref Docs/Work/Marketing/Content Creator Program/Internal Resources - Content Creator Program.xlsx (66, source_index_candidate)","Local source/index file exists, but the actual artifact still needs recovery or export."
"rpm-0597","Public Speaking","Google resource 1BCEpcNoAGty315czQ4bauJ8GBeWCbvtONlCdQ7O2twY","href","google-slide","not_public_auth_required","auth_required","401","re-share from an accessible account, replace, or hide","preserve manifest row; decide hide vs recreate","missing_artifact","","","","","","","","","DEPLOY_PUBLIC/testimonials/index.html","110","text-url | href","https://docs.google.com/presentation/d/1BCEpcNoAGty315czQ4bauJ8GBeWCbvtONlCdQ7O2twY/edit?usp=sharing","https://docs.google.com/presentation/d/1BCEpcNoAGty315czQ4bauJ8GBeWCbvtONlCdQ7O2twY/export/pdf","1BCEpcNoAGty315czQ4bauJ8GBeWCbvtONlCdQ7O2twY","No likely offline artifact found; keep the manifest record and decide whether to hide the public link or rebuild the resource.","",""
"rpm-0598","Writing","Google resource 167awfu-2E1Rt4N5PgvzHPnIy6s0r0MVyy1TVux1_69o","href","google-doc","working_public","live","200","keep public link","keep link; optional future local archive","source_index_only","Ref Docs/Work/Quests/Writing/ref_overview_v3_with_links.txt","source_index_candidate","80",".txt","15975","3f1dc4a92208cd491ac288c0c3fedb218e43ed07af9052b8aab0d9090d0eb789","Ref Docs/Work/Quests/Writing/ref_overview_v3_with_links.txt | Ref Docs/Work/Quests/Writing/V1Overview & Summary - Quest Portfolio(4).md","","DEPLOY_PUBLIC/overview_blog_content/index.html","302","text-url | href","https://docs.google.com/document/d/167awfu-2E1Rt4N5PgvzHPnIy6s0r0MVyy1TVux1_69o","https://doc-08-6s-docstext.googleusercontent.com/export/e6hpso97lrhpva19l3uocm525o/n12ed7h8ghlji0nun0jlp6skq4/1783943945000/110495970998395831015/*/167awfu-2E1Rt4N5PgvzHPnIy6s0r0MVyy1TVux1_69o?format=txt","167awfu-2E1Rt4N5PgvzHPnIy6s0r0MVyy1TVux1_69o","Export a local copy later if this artifact should be preserved offline.","Ref Docs/Work/Quests/Writing/ref_overview_v3_with_links.txt (80, source_index_candidate) | Ref Docs/Work/Quests/Writing/V1Overview & Summary - Quest Portfolio(4).md (80, source_index_candidate)","Local source/index file exists, but the actual artifact still needs recovery or export."
"rpm-0599","Writing","Google resource 1cmUVUpjO7ccBeQygZ1KGgduAbd3acpo_YCe7LMitGD0","href","google-doc","working_public","live","200","keep public link","keep link; optional future local archive","source_index_only","Ref Docs/Work/Quests/Writing/ref_overview_v3_with_links.txt","source_index_candidate","80",".txt","15975","3f1dc4a92208cd491ac288c0c3fedb218e43ed07af9052b8aab0d9090d0eb789","Ref Docs/Work/Quests/Writing/ref_overview_v3_with_links.txt | Ref Docs/Work/Quests/Writing/V1Overview & Summary - Quest Portfolio(4).md","","DEPLOY_PUBLIC/overview_blog_content/index.html","164","text-url | href","https://docs.google.com/document/d/1cmUVUpjO7ccBeQygZ1KGgduAbd3acpo_YCe7LMitGD0/","https://doc-00-6s-docstext.googleusercontent.com/export/e6hpso97lrhpva19l3uocm525o/j83qlcooihrdplpgheod3gakrg/1783943945000/110495970998395831015/*/1cmUVUpjO7ccBeQygZ1KGgduAbd3acpo_YCe7LMitGD0?format=txt","1cmUVUpjO7ccBeQygZ1KGgduAbd3acpo_YCe7LMitGD0","Export a local copy later if this artifact should be preserved offline.","Ref Docs/Work/Quests/Writing/ref_overview_v3_with_links.txt (80, source_index_candidate) | Ref Docs/Work/Quests/Writing/V1Overview & Summary - Quest Portfolio(4).md (80, source_index_candidate)","Local source/index file exists, but the actual artifact still needs recovery or export."
"rpm-0600","Writing","Google resource 1HClp7kaSFzN8lYXEwzkgxzZWGR7WglSHsY0Vs80MgdY","href","google-doc","working_public","live","200","keep public link","keep link; optional future local archive","source_index_only","Ref Docs/Work/Quests/Writing/ref_overview_v3_with_links.txt","source_index_candidate","80",".txt","15975","3f1dc4a92208cd491ac288c0c3fedb218e43ed07af9052b8aab0d9090d0eb789","Ref Docs/Work/Quests/Writing/ref_overview_v3_with_links.txt | Ref Docs/Work/Quests/Writing/V1Overview & Summary - Quest Portfolio(4).md","","DEPLOY_PUBLIC/overview_blog_content/index.html","203","text-url | href","https://docs.google.com/document/d/1HClp7kaSFzN8lYXEwzkgxzZWGR7WglSHsY0Vs80MgdY/","https://doc-04-6s-docstext.googleusercontent.com/export/e6hpso97lrhpva19l3uocm525o/9gtoh9anvve214b63m02qrsc38/1783943945000/110495970998395831015/*/1HClp7kaSFzN8lYXEwzkgxzZWGR7WglSHsY0Vs80MgdY?format=txt","1HClp7kaSFzN8lYXEwzkgxzZWGR7WglSHsY0Vs80MgdY","Export a local copy later if this artifact should be preserved offline.","Ref Docs/Work/Quests/Writing/ref_overview_v3_with_links.txt (80, source_index_candidate) | Ref Docs/Work/Quests/Writing/V1Overview & Summary - Quest Portfolio(4).md (80, source_index_candidate)","Local source/index file exists, but the actual artifact still needs recovery or export."
"rpm-0601","Writing","Google resource 1l7gbHhSU3SxfrZT3tS5PRBQ1K-BzRKrlX-6umyiSBBI","href","google-doc","working_public","live","200","keep public link","keep link; optional future local archive","source_index_only","Ref Docs/Work/Quests/Writing/ref_overview_v3_with_links.txt","source_index_candidate","80",".txt","15975","3f1dc4a92208cd491ac288c0c3fedb218e43ed07af9052b8aab0d9090d0eb789","Ref Docs/Work/Quests/Writing/ref_overview_v3_with_links.txt | Ref Docs/Work/Quests/Writing/V1Overview & Summary - Quest Portfolio(4).md","","DEPLOY_PUBLIC/overview_blog_content/index.html","303","text-url | href","https://docs.google.com/document/d/1l7gbHhSU3SxfrZT3tS5PRBQ1K-BzRKrlX-6umyiSBBI/","https://doc-0g-6s-docstext.googleusercontent.com/export/e6hpso97lrhpva19l3uocm525o/nrq0lb7gphtuja9o05493f65nc/1783943945000/110495970998395831015/*/1l7gbHhSU3SxfrZT3tS5PRBQ1K-BzRKrlX-6umyiSBBI?format=txt","1l7gbHhSU3SxfrZT3tS5PRBQ1K-BzRKrlX-6umyiSBBI","Export a local copy later if this artifact should be preserved offline.","Ref Docs/Work/Quests/Writing/ref_overview_v3_with_links.txt (80, source_index_candidate) | Ref Docs/Work/Quests/Writing/V1Overview & Summary - Quest Portfolio(4).md (80, source_index_candidate)","Local source/index file exists, but the actual artifact still needs recovery or export."
"rpm-0602","Writing","Google resource 1TGhrE2xrw49DTDoFDlDRz61na7dyOzUmPSp-S2U3Jt0","href","google-doc","working_public","live","200","keep public link","keep link; optional future local archive","source_index_only","Ref Docs/Work/Quests/Writing/ref_overview_v3_with_links.txt","source_index_candidate","80",".txt","15975","3f1dc4a92208cd491ac288c0c3fedb218e43ed07af9052b8aab0d9090d0eb789","Ref Docs/Work/Quests/Writing/ref_overview_v3_with_links.txt | Ref Docs/Work/Quests/Writing/V1Overview & Summary - Quest Portfolio(4).md","","DEPLOY_PUBLIC/overview_blog_content/index.html","165","text-url | href","https://docs.google.com/document/d/1TGhrE2xrw49DTDoFDlDRz61na7dyOzUmPSp-S2U3Jt0","https://doc-0o-6s-docstext.googleusercontent.com/export/e6hpso97lrhpva19l3uocm525o/lt0a33b0nvc5i05vaoenmi5ijc/1783943945000/110495970998395831015/*/1TGhrE2xrw49DTDoFDlDRz61na7dyOzUmPSp-S2U3Jt0?format=txt","1TGhrE2xrw49DTDoFDlDRz61na7dyOzUmPSp-S2U3Jt0","Export a local copy later if this artifact should be preserved offline.","Ref Docs/Work/Quests/Writing/ref_overview_v3_with_links.txt (80, source_index_candidate) | Ref Docs/Work/Quests/Writing/V1Overview & Summary - Quest Portfolio(4).md (80, source_index_candidate)","Local source/index file exists, but the actual artifact still needs recovery or export."
"rpm-0603","Social / Some Work","SEO is not magic | Sustainable Marketing: Why is it so important in 2021?","Square","google-drive","working_public","live","200","keep public link","keep link; optional future local archive","missing_artifact","Ref Docs/Work/Public Speaking/Images/Staff/square-collage.jpg","artifact_candidate","32",".jpg","255253","27ed996fdda1b2c944ba749e93852e39d03325feb1fac478e5bc55bdcb9210df","","","assets/js/some_work_data.js","7955","text-url","https://drive.google.com/drive/folders/1Pq0CuB1aQ9rXgzQiL_rF1PgeTxwz6UgD?usp=sharing","https://drive.google.com/drive/folders/1Pq0CuB1aQ9rXgzQiL_rF1PgeTxwz6UgD?usp=sharing","1Pq0CuB1aQ9rXgzQiL_rF1PgeTxwz6UgD","Export a local copy later if this artifact should be preserved offline.","Ref Docs/Work/Public Speaking/Images/Staff/square-collage.jpg (32, artifact_candidate) | Ref Docs/Trust Signals/Client Logos/social-media-today-logo.png (29, artifact_candidate) | Ref Docs/Work/Public Speaking/Images/Event Banners/Growth Secrets - Social media amplificaiton.jfif (29, artifact_candidate) | Ref Docs/Work/Public Speaking/Images/Event Banners/Growth Secrets - Social Media.jfif (29, artifact_candidate) | Ref Docs/Trust Signals/Client Logos/InEvent-squarelogo.png (26, artifact_candidate)",""
"rpm-0604","Social / Some Work","5 growth hacks for instsgram | SEO is not magic","Landscape","google-drive","working_public","live","200","keep public link","keep link; optional future local archive","missing_artifact","Ref Docs/Trust Signals/Client Logos/social-media-today-logo.png","artifact_candidate","35",".png","30454","4223eedc500197b9095eff3391621f09cb231e266a4b0c7feaedd777eeff4962","","","assets/js/some_work_data.js","7983","text-url","https://drive.google.com/drive/folders/1S6usjWA7N9hHGTGgzm9AVCDUiZi-CF_8?usp=sharing","https://drive.google.com/drive/folders/1S6usjWA7N9hHGTGgzm9AVCDUiZi-CF_8?usp=sharing","1S6usjWA7N9hHGTGgzm9AVCDUiZi-CF_8","Export a local copy later if this artifact should be preserved offline.","Ref Docs/Trust Signals/Client Logos/social-media-today-logo.png (35, artifact_candidate) | Ref Docs/Work/Public Speaking/Images/Event Banners/Growth Secrets - Social media amplificaiton.jfif (35, artifact_candidate) | Ref Docs/Work/Public Speaking/Images/Event Banners/Growth Secrets - Social Media.jfif (35, artifact_candidate) | Ref Docs/Trust Signals/Client Logos/SocialMediaManageren.png (24, artifact_candidate)",""
"rpm-0605","Social / Some Work","Nominated: Nordic Startup Awards 2021 | Podcast: My Worst Investment Ever (Andrew Stotz)","Landscape","google-drive","working_public","live","206","keep public link","keep link; optional future local archive","missing_artifact","Ref Docs/Trust Signals/Client Logos/social-media-today-logo.png","artifact_candidate","29",".png","30454","4223eedc500197b9095eff3391621f09cb231e266a4b0c7feaedd777eeff4962","","","assets/js/some_work_data.js","6541","text-url","https://drive.google.com/file/d/16sCHZWsVD2yJTAB-Bo-lSn5re9YzsJOV/view?usp=sharing","https://drive.usercontent.google.com/download?id=16sCHZWsVD2yJTAB-Bo-lSn5re9YzsJOV&export=download","16sCHZWsVD2yJTAB-Bo-lSn5re9YzsJOV","Export a local copy later if this artifact should be preserved offline.","Ref Docs/Trust Signals/Client Logos/social-media-today-logo.png (29, artifact_candidate) | Ref Docs/Work/Public Speaking/Images/Event Banners/Growth Secrets - Social media amplificaiton.jfif (29, artifact_candidate) | Ref Docs/Work/Public Speaking/Images/Event Banners/Growth Secrets - Social Media.jfif (29, artifact_candidate)",""
"rpm-0606","Writing","Google resource 1_e6D93oa-sGMIUpRVBHVzGbxZdRa-glV","href","google-drive","working_public","live","206","keep public link","keep link; optional future local archive","source_index_only","Ref Docs/Work/Quests/Writing/ref_overview_v3_with_links.txt","source_index_candidate","80",".txt","15975","3f1dc4a92208cd491ac288c0c3fedb218e43ed07af9052b8aab0d9090d0eb789","Ref Docs/Work/Quests/Writing/ref_overview_v3_with_links.txt | Ref Docs/Work/Quests/Writing/V1Overview & Summary - Quest Portfolio(4).md","","DEPLOY_PUBLIC/overview_blog_content/index.html","233","text-url | href","https://drive.google.com/file/d/1_e6D93oa-sGMIUpRVBHVzGbxZdRa-glV/view?usp=drive_link","https://drive.usercontent.google.com/download?id=1_e6D93oa-sGMIUpRVBHVzGbxZdRa-glV&export=download","1_e6D93oa-sGMIUpRVBHVzGbxZdRa-glV","Export a local copy later if this artifact should be preserved offline.","Ref Docs/Work/Quests/Writing/ref_overview_v3_with_links.txt (80, source_index_candidate) | Ref Docs/Work/Quests/Writing/V1Overview & Summary - Quest Portfolio(4).md (80, source_index_candidate)","Local source/index file exists, but the actual artifact still needs recovery or export."
"rpm-0607","Resources","Prompt - Written Posts - Quest Promotion - Portfolio","text-url","google-sheet","working_public","live","200","keep public link","keep link; optional future local archive","source_index_only","Ref Docs/Work/Quests/Quest Resources/Quest Promotion/Prompt - Written Posts - Quest Promotion - Portfolio.docx","source_index_candidate","100",".docx","116932","dd459fd9709676b3603abeecb753c85a5f990f62dff3b24fdfc81668ab5a046b","","Prompt - Written Posts - Quest Promotion - Portfolio.docx","assets/resources_data.js","","1.content | 1.content.href | text-url","https://docs.google.com/spreadsheets/d/1CJtJN0ProTBq22q0l-4i4qhaf34Tsu9nG0UWTaS3G7Y/","https://doc-0o-68-sheets.googleusercontent.com/export/54bogvaave6cua4cdnls17ksc4/8kndslmguulbjg570ctk8eimoc/1783943865000/110495970998395831015/*/1CJtJN0ProTBq22q0l-4i4qhaf34Tsu9nG0UWTaS3G7Y?format=csv","1CJtJN0ProTBq22q0l-4i4qhaf34Tsu9nG0UWTaS3G7Y","Export a local copy later if this artifact should be preserved offline.","Ref Docs/Work/Quests/Quest Resources/Quest Promotion/Prompt - Written Posts - Quest Promotion - Portfolio.docx (100, source_index_candidate) | Ref Docs/Work/Quests/Resources Tab/Quest Promotion/Prompt - Written Posts - Quest Promotion - Portfolio.docx (100, source_index_candidate)","Local source/index file exists, but the actual artifact still needs recovery or export."
"rpm-0608","Writing","Google resource 18ztqyODLLf0XCebzjZiIfDxlKRtWTR79z7ai9BcngcE","href","google-sheet","working_public","live","200","keep public link","keep link; optional future local archive","source_index_only","Ref Docs/Work/Quests/Writing/ref_overview_v3_with_links.txt","source_index_candidate","72",".txt","15975","3f1dc4a92208cd491ac288c0c3fedb218e43ed07af9052b8aab0d9090d0eb789","Ref Docs/Work/Quests/Writing/ref_overview_v3_with_links.txt | Ref Docs/Work/Quests/Writing/V1Overview & Summary - Quest Portfolio(4).md","","DEPLOY_PUBLIC/overview_blog_content/index.html","116","text-url | href","https://docs.google.com/spreadsheets/d/18ztqyODLLf0XCebzjZiIfDxlKRtWTR79z7ai9BcngcE/edit?usp=drive_link","https://doc-0s-68-sheets.googleusercontent.com/export/54bogvaave6cua4cdnls17ksc4/omnsacjsai9i7ctcj1iv5obs94/1783943945000/110495970998395831015/*/18ztqyODLLf0XCebzjZiIfDxlKRtWTR79z7ai9BcngcE?format=csv","18ztqyODLLf0XCebzjZiIfDxlKRtWTR79z7ai9BcngcE","Export a local copy later if this artifact should be preserved offline.","Ref Docs/Work/Quests/Writing/ref_overview_v3_with_links.txt (72, source_index_candidate) | Ref Docs/Work/Quests/Writing/V1Overview & Summary - Quest Portfolio(4).md (72, source_index_candidate)","Local source/index file exists, but the actual artifact still needs recovery or export."
"rpm-0609","Writing","Google resource 19T9yUpQ9yS03RBDkhlL6Lu2q2s7BcxZuhGUt1MZkPQI","href","google-sheet","working_public","live","200","keep public link","keep link; optional future local archive","source_index_only","Ref Docs/Work/Quests/Writing/ref_overview_v3_with_links.txt","source_index_candidate","72",".txt","15975","3f1dc4a92208cd491ac288c0c3fedb218e43ed07af9052b8aab0d9090d0eb789","Ref Docs/Work/Quests/Writing/ref_overview_v3_with_links.txt | Ref Docs/Work/Quests/Writing/V1Overview & Summary - Quest Portfolio(4).md","","DEPLOY_PUBLIC/overview_blog_content/index.html","115","text-url | href","https://docs.google.com/spreadsheets/d/19T9yUpQ9yS03RBDkhlL6Lu2q2s7BcxZuhGUt1MZkPQI/","https://doc-0k-68-sheets.googleusercontent.com/export/54bogvaave6cua4cdnls17ksc4/nkdm6uuc7bnntcduqk5an87dng/1783943945000/110495970998395831015/*/19T9yUpQ9yS03RBDkhlL6Lu2q2s7BcxZuhGUt1MZkPQI?format=csv","19T9yUpQ9yS03RBDkhlL6Lu2q2s7BcxZuhGUt1MZkPQI","Export a local copy later if this artifact should be preserved offline.","Ref Docs/Work/Quests/Writing/ref_overview_v3_with_links.txt (72, source_index_candidate) | Ref Docs/Work/Quests/Writing/V1Overview & Summary - Quest Portfolio(4).md (72, source_index_candidate)","Local source/index file exists, but the actual artifact still needs recovery or export."
"rpm-0610","Writing","Google resource 1cHNWmnblF-8DCjyu474AYih9vR9I5Kxv9jdeWBacfz0","href","google-sheet","working_public","live","200","keep public link","keep link; optional future local archive","source_index_only","Ref Docs/Work/Quests/Writing/ref_overview_v3_with_links.txt","source_index_candidate","72",".txt","15975","3f1dc4a92208cd491ac288c0c3fedb218e43ed07af9052b8aab0d9090d0eb789","Ref Docs/Work/Quests/Writing/ref_overview_v3_with_links.txt | Ref Docs/Work/Quests/Writing/V1Overview & Summary - Quest Portfolio(4).md","","DEPLOY_PUBLIC/overview_blog_content/index.html","107","text-url | href","https://docs.google.com/spreadsheets/d/1cHNWmnblF-8DCjyu474AYih9vR9I5Kxv9jdeWBacfz0/edit?usp=drive_link","https://doc-04-68-sheets.googleusercontent.com/export/54bogvaave6cua4cdnls17ksc4/uquffcpmt1rbjk3vjthqbqfrg0/1783943945000/110495970998395831015/*/1cHNWmnblF-8DCjyu474AYih9vR9I5Kxv9jdeWBacfz0?format=csv","1cHNWmnblF-8DCjyu474AYih9vR9I5Kxv9jdeWBacfz0","Export a local copy later if this artifact should be preserved offline.","Ref Docs/Work/Quests/Writing/ref_overview_v3_with_links.txt (72, source_index_candidate) | Ref Docs/Work/Quests/Writing/V1Overview & Summary - Quest Portfolio(4).md (72, source_index_candidate)","Local source/index file exists, but the actual artifact still needs recovery or export."
"rpm-0611","Writing","Google resource 1g5RG0EaEHIlPSifYvHFYeOles5McfF7UWpbQ4ec1mD4","href","google-sheet","working_public","live","200","keep public link","keep link; optional future local archive","source_index_only","Ref Docs/Work/Quests/Writing/ref_overview_v3_with_links.txt","source_index_candidate","72",".txt","15975","3f1dc4a92208cd491ac288c0c3fedb218e43ed07af9052b8aab0d9090d0eb789","Ref Docs/Work/Quests/Writing/ref_overview_v3_with_links.txt | Ref Docs/Work/Quests/Writing/V1Overview & Summary - Quest Portfolio(4).md","","DEPLOY_PUBLIC/overview_blog_content/index.html","136","text-url | href","https://docs.google.com/spreadsheets/d/1g5RG0EaEHIlPSifYvHFYeOles5McfF7UWpbQ4ec1mD4/","https://doc-0o-68-sheets.googleusercontent.com/export/54bogvaave6cua4cdnls17ksc4/7g7dqb4epim2tgabpi66u94nug/1783943945000/110495970998395831015/*/1g5RG0EaEHIlPSifYvHFYeOles5McfF7UWpbQ4ec1mD4?format=csv","1g5RG0EaEHIlPSifYvHFYeOles5McfF7UWpbQ4ec1mD4","Export a local copy later if this artifact should be preserved offline.","Ref Docs/Work/Quests/Writing/ref_overview_v3_with_links.txt (72, source_index_candidate) | Ref Docs/Work/Quests/Writing/V1Overview & Summary - Quest Portfolio(4).md (72, source_index_candidate)","Local source/index file exists, but the actual artifact still needs recovery or export."
"rpm-0612","Writing","Google resource 1LXHSAjDuaEwYRh_5KV6_G4dkE4L79L3wimmLEQYpfsY","href","google-sheet","working_public","live","200","keep public link","keep link; optional future local archive","source_index_only","Ref Docs/Work/Quests/Writing/ref_overview_v3_with_links.txt","source_index_candidate","72",".txt","15975","3f1dc4a92208cd491ac288c0c3fedb218e43ed07af9052b8aab0d9090d0eb789","Ref Docs/Work/Quests/Writing/ref_overview_v3_with_links.txt | Ref Docs/Work/Quests/Writing/V1Overview & Summary - Quest Portfolio(4).md","","DEPLOY_PUBLIC/overview_blog_content/index.html","114","text-url | href","https://docs.google.com/spreadsheets/d/1LXHSAjDuaEwYRh_5KV6_G4dkE4L79L3wimmLEQYpfsY","https://doc-0c-68-sheets.googleusercontent.com/export/54bogvaave6cua4cdnls17ksc4/qm5b4ujpu6qt9ao0eseq0ct0jc/1783943945000/110495970998395831015/*/1LXHSAjDuaEwYRh_5KV6_G4dkE4L79L3wimmLEQYpfsY?format=csv","1LXHSAjDuaEwYRh_5KV6_G4dkE4L79L3wimmLEQYpfsY","Export a local copy later if this artifact should be preserved offline.","Ref Docs/Work/Quests/Writing/ref_overview_v3_with_links.txt (72, source_index_candidate) | Ref Docs/Work/Quests/Writing/V1Overview & Summary - Quest Portfolio(4).md (72, source_index_candidate)","Local source/index file exists, but the actual artifact still needs recovery or export."
"rpm-0613","Writing","Google resource 1nlDLvVBHgO1zx5T24NFoyIhZRHssOl86bZxrnm-jy4Q","href","google-sheet","working_public","live","200","keep public link","keep link; optional future local archive","source_index_only","Ref Docs/Work/Quests/Writing/ref_overview_v3_with_links.txt","source_index_candidate","72",".txt","15975","3f1dc4a92208cd491ac288c0c3fedb218e43ed07af9052b8aab0d9090d0eb789","Ref Docs/Work/Quests/Writing/ref_overview_v3_with_links.txt | Ref Docs/Work/Quests/Writing/V1Overview & Summary - Quest Portfolio(4).md","","DEPLOY_PUBLIC/overview_blog_content/index.html","120","text-url | href","https://docs.google.com/spreadsheets/d/1nlDLvVBHgO1zx5T24NFoyIhZRHssOl86bZxrnm-jy4Q/","https://doc-0o-68-sheets.googleusercontent.com/export/54bogvaave6cua4cdnls17ksc4/nov33pkf2comns8elv4hgeu53o/1783943945000/110495970998395831015/*/1nlDLvVBHgO1zx5T24NFoyIhZRHssOl86bZxrnm-jy4Q?format=csv","1nlDLvVBHgO1zx5T24NFoyIhZRHssOl86bZxrnm-jy4Q","Export a local copy later if this artifact should be preserved offline.","Ref Docs/Work/Quests/Writing/ref_overview_v3_with_links.txt (72, source_index_candidate) | Ref Docs/Work/Quests/Writing/V1Overview & Summary - Quest Portfolio(4).md (72, source_index_candidate)","Local source/index file exists, but the actual artifact still needs recovery or export."
"rpm-0614","Writing","Google resource 1PQ1HIKpCVSvoCc6WvQocChYpfrHiz9u-VIrXM74Z0eg","href","google-sheet","working_public","live","200","keep public link","keep link; optional future local archive","source_index_only","Ref Docs/Work/Quests/Writing/ref_overview_v3_with_links.txt","source_index_candidate","72",".txt","15975","3f1dc4a92208cd491ac288c0c3fedb218e43ed07af9052b8aab0d9090d0eb789","Ref Docs/Work/Quests/Writing/ref_overview_v3_with_links.txt | Ref Docs/Work/Quests/Writing/V1Overview & Summary - Quest Portfolio(4).md","","DEPLOY_PUBLIC/overview_blog_content/index.html","166","text-url | href","https://docs.google.com/spreadsheets/d/1PQ1HIKpCVSvoCc6WvQocChYpfrHiz9u-VIrXM74Z0eg/","https://doc-0g-68-sheets.googleusercontent.com/export/54bogvaave6cua4cdnls17ksc4/aqca31g1ioa4kf8mi8stojt968/1783943945000/110495970998395831015/*/1PQ1HIKpCVSvoCc6WvQocChYpfrHiz9u-VIrXM74Z0eg?format=csv","1PQ1HIKpCVSvoCc6WvQocChYpfrHiz9u-VIrXM74Z0eg","Export a local copy later if this artifact should be preserved offline.","Ref Docs/Work/Quests/Writing/ref_overview_v3_with_links.txt (72, source_index_candidate) | Ref Docs/Work/Quests/Writing/V1Overview & Summary - Quest Portfolio(4).md (72, source_index_candidate)","Local source/index file exists, but the actual artifact still needs recovery or export."
"rpm-0615","Writing","Google resource 1Qg_e5j7zhJsEsfh6cvQA-Vf5dbsfNxUKg-BNNkwa3m4","href","google-sheet","working_public","live","200","keep public link","keep link; optional future local archive","source_index_only","Ref Docs/Work/Quests/Writing/ref_overview_v3_with_links.txt","source_index_candidate","72",".txt","15975","3f1dc4a92208cd491ac288c0c3fedb218e43ed07af9052b8aab0d9090d0eb789","Ref Docs/Work/Quests/Writing/ref_overview_v3_with_links.txt | Ref Docs/Work/Quests/Writing/V1Overview & Summary - Quest Portfolio(4).md","","DEPLOY_PUBLIC/overview_blog_content/index.html","57","text-url | href","https://docs.google.com/spreadsheets/d/1Qg_e5j7zhJsEsfh6cvQA-Vf5dbsfNxUKg-BNNkwa3m4/","https://doc-0k-68-sheets.googleusercontent.com/export/54bogvaave6cua4cdnls17ksc4/lh52oufg5och15cbouch9c723g/1783943945000/110495970998395831015/*/1Qg_e5j7zhJsEsfh6cvQA-Vf5dbsfNxUKg-BNNkwa3m4?format=csv","1Qg_e5j7zhJsEsfh6cvQA-Vf5dbsfNxUKg-BNNkwa3m4","Export a local copy later if this artifact should be preserved offline.","Ref Docs/Work/Quests/Writing/ref_overview_v3_with_links.txt (72, source_index_candidate) | Ref Docs/Work/Quests/Writing/V1Overview & Summary - Quest Portfolio(4).md (72, source_index_candidate)","Local source/index file exists, but the actual artifact still needs recovery or export."
"rpm-0616","Writing","Google resource 1sLldiuQPL1uBwgF_VdQV9Cni-hg_zxDRVYzC9D71hmc","href","google-sheet","working_public","live","200","keep public link","keep link; optional future local archive","source_index_only","Ref Docs/Work/Quests/Writing/ref_overview_v3_with_links.txt","source_index_candidate","72",".txt","15975","3f1dc4a92208cd491ac288c0c3fedb218e43ed07af9052b8aab0d9090d0eb789","Ref Docs/Work/Quests/Writing/ref_overview_v3_with_links.txt | Ref Docs/Work/Quests/Writing/V1Overview & Summary - Quest Portfolio(4).md","","DEPLOY_PUBLIC/overview_blog_content/index.html","117","text-url | href","https://docs.google.com/spreadsheets/d/1sLldiuQPL1uBwgF_VdQV9Cni-hg_zxDRVYzC9D71hmc","https://doc-0s-68-sheets.googleusercontent.com/export/54bogvaave6cua4cdnls17ksc4/nfce4ifkvgvvnpeqmvl8r3eeh8/1783943945000/110495970998395831015/*/1sLldiuQPL1uBwgF_VdQV9Cni-hg_zxDRVYzC9D71hmc?format=csv","1sLldiuQPL1uBwgF_VdQV9Cni-hg_zxDRVYzC9D71hmc","Export a local copy later if this artifact should be preserved offline.","Ref Docs/Work/Quests/Writing/ref_overview_v3_with_links.txt (72, source_index_candidate) | Ref Docs/Work/Quests/Writing/V1Overview & Summary - Quest Portfolio(4).md (72, source_index_candidate)","Local source/index file exists, but the actual artifact still needs recovery or export."
"rpm-0617","Writing","Google resource 1uwRsQ7R78oDS34jlcLEWXiHAbUQsDNx07UT1OyaOcD0","href","google-sheet","working_public","live","200","keep public link","keep link; optional future local archive","source_index_only","Ref Docs/Work/Quests/Writing/ref_overview_v3_with_links.txt","source_index_candidate","72",".txt","15975","3f1dc4a92208cd491ac288c0c3fedb218e43ed07af9052b8aab0d9090d0eb789","Ref Docs/Work/Quests/Writing/ref_overview_v3_with_links.txt | Ref Docs/Work/Quests/Writing/V1Overview & Summary - Quest Portfolio(4).md","","DEPLOY_PUBLIC/overview_blog_content/index.html","111","text-url | href","https://docs.google.com/spreadsheets/d/1uwRsQ7R78oDS34jlcLEWXiHAbUQsDNx07UT1OyaOcD0/","https://doc-0s-68-sheets.googleusercontent.com/export/54bogvaave6cua4cdnls17ksc4/61d6m8sv78ef1njh5pvbids434/1783943945000/110495970998395831015/*/1uwRsQ7R78oDS34jlcLEWXiHAbUQsDNx07UT1OyaOcD0?format=csv","1uwRsQ7R78oDS34jlcLEWXiHAbUQsDNx07UT1OyaOcD0","Export a local copy later if this artifact should be preserved offline.","Ref Docs/Work/Quests/Writing/ref_overview_v3_with_links.txt (72, source_index_candidate) | Ref Docs/Work/Quests/Writing/V1Overview & Summary - Quest Portfolio(4).md (72, source_index_candidate)","Local source/index file exists, but the actual artifact still needs recovery or export."
"rpm-0618","Writing","Google resource 1wRMf8FfLDk-rsDdFiIHxMV809pc31mFrTMvn47ra28I","href","google-sheet","working_public","live","200","keep public link","keep link; optional future local archive","source_index_only","Ref Docs/Work/Quests/Writing/ref_overview_v3_with_links.txt","source_index_candidate","72",".txt","15975","3f1dc4a92208cd491ac288c0c3fedb218e43ed07af9052b8aab0d9090d0eb789","Ref Docs/Work/Quests/Writing/ref_overview_v3_with_links.txt | Ref Docs/Work/Quests/Writing/V1Overview & Summary - Quest Portfolio(4).md","","DEPLOY_PUBLIC/overview_blog_content/index.html","119","text-url | href","https://docs.google.com/spreadsheets/d/1wRMf8FfLDk-rsDdFiIHxMV809pc31mFrTMvn47ra28I/","https://doc-0g-68-sheets.googleusercontent.com/export/54bogvaave6cua4cdnls17ksc4/ckv5c5tkai19u9l3s7ifn1740s/1783943945000/110495970998395831015/*/1wRMf8FfLDk-rsDdFiIHxMV809pc31mFrTMvn47ra28I?format=csv","1wRMf8FfLDk-rsDdFiIHxMV809pc31mFrTMvn47ra28I","Export a local copy later if this artifact should be preserved offline.","Ref Docs/Work/Quests/Writing/ref_overview_v3_with_links.txt (72, source_index_candidate) | Ref Docs/Work/Quests/Writing/V1Overview & Summary - Quest Portfolio(4).md (72, source_index_candidate)","Local source/index file exists, but the actual artifact still needs recovery or export."
"rpm-0619","Writing","Google resource 1XjrO-21bH93dQwDTIqAk8NfDrvuf4RPDyuxCYZbe4sg","href","google-sheet","working_public","live","200","keep public link","keep link; optional future local archive","source_index_only","Ref Docs/Work/Quests/Writing/ref_overview_v3_with_links.txt","source_index_candidate","72",".txt","15975","3f1dc4a92208cd491ac288c0c3fedb218e43ed07af9052b8aab0d9090d0eb789","Ref Docs/Work/Quests/Writing/ref_overview_v3_with_links.txt","","DEPLOY_PUBLIC/overview_blog_content/index.html","111","text-url | href","https://docs.google.com/spreadsheets/d/1XjrO-21bH93dQwDTIqAk8NfDrvuf4RPDyuxCYZbe4sg/","https://doc-10-98-sheets.googleusercontent.com/export/54bogvaave6cua4cdnls17ksc4/dvsbmp4heim99qc6dcpr1h0bgo/1783943945000/115146613308670408336/*/1XjrO-21bH93dQwDTIqAk8NfDrvuf4RPDyuxCYZbe4sg?format=csv","1XjrO-21bH93dQwDTIqAk8NfDrvuf4RPDyuxCYZbe4sg","Export a local copy later if this artifact should be preserved offline.","Ref Docs/Work/Quests/Writing/ref_overview_v3_with_links.txt (72, source_index_candidate)","Local source/index file exists, but the actual artifact still needs recovery or export."
"rpm-0620","Writing","Google resource 1xKfrR7PgbR3ZVBgg-VcbNPDM-sW3YG333HIhulw3wko","href","google-sheet","working_public","live","200","keep public link","keep link; optional future local archive","source_index_only","Ref Docs/Work/Quests/Writing/ref_overview_v3_with_links.txt","source_index_candidate","72",".txt","15975","3f1dc4a92208cd491ac288c0c3fedb218e43ed07af9052b8aab0d9090d0eb789","Ref Docs/Work/Quests/Writing/ref_overview_v3_with_links.txt | Ref Docs/Work/Quests/Writing/V1Overview & Summary - Quest Portfolio(4).md","","DEPLOY_PUBLIC/overview_blog_content/index.html","35","text-url | href","https://docs.google.com/spreadsheets/d/1xKfrR7PgbR3ZVBgg-VcbNPDM-sW3YG333HIhulw3wko/edit?usp=drive_link","https://doc-0k-68-sheets.googleusercontent.com/export/54bogvaave6cua4cdnls17ksc4/abfspiugk75g21manuk80vhqa8/1783943945000/110495970998395831015/*/1xKfrR7PgbR3ZVBgg-VcbNPDM-sW3YG333HIhulw3wko?format=csv","1xKfrR7PgbR3ZVBgg-VcbNPDM-sW3YG333HIhulw3wko","Export a local copy later if this artifact should be preserved offline.","Ref Docs/Work/Quests/Writing/ref_overview_v3_with_links.txt (72, source_index_candidate) | Ref Docs/Work/Quests/Writing/V1Overview & Summary - Quest Portfolio(4).md (72, source_index_candidate)","Local source/index file exists, but the actual artifact still needs recovery or export."
"rpm-0621","Marketing Resources","Taylor Ryan - Content Creator Program - TR Slides | Content Creator Resource Links","text-url","google-slide","working_public","live","200","keep public link","keep link; optional future local archive","source_index_only","Ref Docs/Work/Marketing/Content Creator Program/Internal Resources - Content Creator Program.xlsx","source_index_candidate","67",".xlsx","24637","ca998a9820976b48306c14fd48f7e385466cdecc42d28d0cae99020814311cae","","Internal Resources - Content Creator Program","assets/js/marketing_data.js","430","text-url","https://docs.google.com/presentation/d/18R60S3WXMjZTgwNsv1iYijoFsCUd6ZLJAMqBHSng-zE/edit?usp=drive_link","https://doc-00-c0-slides.googleusercontent.com/export/aimr0h2suon73ncmjrl9pqmmas/1fismra6nah9ojok1f828c8ii0/1783943885000/110495970998395831015/*/18R60S3WXMjZTgwNsv1iYijoFsCUd6ZLJAMqBHSng-zE?exportFormat=pdf","18R60S3WXMjZTgwNsv1iYijoFsCUd6ZLJAMqBHSng-zE","Export a local copy later if this artifact should be preserved offline.","Ref Docs/Work/Marketing/Content Creator Program/Internal Resources - Content Creator Program.xlsx (67, source_index_candidate) | Ref Docs/Work/Writing/Archived_PDFs/Taylor Ryan’s Top 5 Marketing and Efficiency - Taylor [PDF].pdf (24, artifact_candidate)","Local source/index file exists, but the actual artifact still needs recovery or export."
"rpm-0622","Public Speaking","Google resource 1x2EpVloOT-7i1A45e00SIfS1KS0mm96TagbZxwdlU0o","href","google-slide","working_public","live","200","keep public link","keep link; optional future local archive","missing_artifact","","","","","","","","","DEPLOY_PUBLIC/work_speaker_topics/index.html","194","text-url | href","https://docs.google.com/presentation/d/1x2EpVloOT-7i1A45e00SIfS1KS0mm96TagbZxwdlU0o/edit?usp=drive_link","https://doc-00-c0-slides.googleusercontent.com/export/aimr0h2suon73ncmjrl9pqmmas/7lm43kchs37242mfj1vrpsa0i4/1783943945000/110495970998395831015/*/1x2EpVloOT-7i1A45e00SIfS1KS0mm96TagbZxwdlU0o?exportFormat=pdf","1x2EpVloOT-7i1A45e00SIfS1KS0mm96TagbZxwdlU0o","Export a local copy later if this artifact should be preserved offline.","",""
